IPTC_DE Anweisung;IPTC_EN Anweisung;Bild Upload Zeitpunkt;Bild Veröffentlicht;Bild Aktivierungszeitpunkt
[23:39:09] *** World Rights ***;[23:39:09] *** World Rights ***;23.02.2025 23:40:38;Ja;23.02.2025 23:40:38
[22:51:24] World Rights Except UK and Ireland * GBROUT IRLOUT;[22:51:24] World Rights Except UK and Ireland * GBROUT IRLOUT;23.02.2025 22:55:32;Ja;23.02.2025 22:55:32
[22:28:38] *** World Rights ***;[22:28:38] *** World Rights ***;23.02.2025 22:30:53;Ja;23.02.2025 22:30:53
[22:07:12] *** World Rights ***;[22:07:12] *** World Rights ***;23.02.2025 22:11:15;Ja;23.02.2025 22:11:15
[18:31:29] *** World Rights ***;[18:31:29] *** World Rights ***;23.02.2025 22:08:32;Ja;23.02.2025 22:08:32
[21:46:21] World Rights Except UK and Ireland * GBROUT IRLOUT;[21:46:21] World Rights Except UK and Ireland * GBROUT IRLOUT;23.02.2025 21:48:09;Ja;23.02.2025 21:48:09
[21:16:04] *** World Rights ***;[21:16:04] *** World Rights ***;23.02.2025 21:18:58;Ja;23.02.2025 21:18:58
[20:57:08] World Rights Except UK and Ireland * GBROUT IRLOUT;[20:57:08] World Rights Except UK and Ireland * GBROUT IRLOUT;23.02.2025 21:00:52;Ja;23.02.2025 21:00:52
[16:20:40] *** World Rights ***;[16:20:40] *** World Rights ***;23.02.2025 20:25:50;Ja;23.02.2025 20:25:50
[20:18:04] *** World Rights ***;[20:18:04] *** World Rights ***;23.02.2025 20:24:28;Ja;23.02.2025 20:24:28
[19:54:01] *** World Rights ***;[19:54:01] *** World Rights ***;23.02.2025 19:59:06;Ja;23.02.2025 19:59:06
[19:49:45] *** World Rights ***;[19:49:45] *** World Rights ***;23.02.2025 19:53:35;Ja;23.02.2025 19:53:35
[19:45:12] *** World Rights ***;[19:45:12] *** World Rights ***;23.02.2025 19:48:27;Ja;23.02.2025 19:48:27
[19:41:51] *** World Rights ***;[19:41:51] *** World Rights ***;23.02.2025 19:47:10;Ja;23.02.2025 19:47:10
[19:11:07] *** World Rights ***;[19:11:07] *** World Rights ***;23.02.2025 19:14:13;Ja;23.02.2025 19:14:13
[19:05:31] *** World Rights ***;[19:05:31] *** World Rights ***;23.02.2025 19:14:12;Ja;23.02.2025 19:14:12
[18:59:49] *** Germany only ***;[18:59:49] *** Germany only ***;23.02.2025 19:06:05;Ja;23.02.2025 19:06:05
[18:51:01] *** World Rights ***;[18:51:01] *** World Rights ***;23.02.2025 19:03:57;Ja;23.02.2025 19:03:57
[18:50:01] *** World Rights ***;[18:50:01] *** World Rights ***;23.02.2025 18:58:00;Ja;23.02.2025 18:58:00
[18:42:58] *** Germany only ***;[18:42:58] *** Germany only ***;23.02.2025 18:50:24;Ja;23.02.2025 18:50:24
[18:36:21] *** World Rights ***;[18:36:21] *** World Rights ***;23.02.2025 18:42:19;Ja;23.02.2025 18:42:19
[18:23:29] *** World Rights ***;[18:23:29] *** World Rights ***;23.02.2025 18:31:47;Ja;23.02.2025 18:31:47
[18:23:51] *** World Rights ***;[18:23:51] *** World Rights ***;23.02.2025 18:30:58;Ja;23.02.2025 18:30:58
[18:21:25] *** World Rights ***;[18:21:25] *** World Rights ***;23.02.2025 18:27:57;Ja;23.02.2025 18:27:57
[18:17:14] *** World Rights ***;[18:17:14] *** World Rights ***;23.02.2025 18:24:42;Ja;23.02.2025 18:24:42
[18:02:02] *** World Rights ***;[18:02:02] *** World Rights ***;23.02.2025 18:08:13;Ja;23.02.2025 18:08:13
[17:51:14] *** World Rights ***;[17:51:14] *** World Rights ***;23.02.2025 17:59:00;Ja;23.02.2025 17:59:00
[17:41:09] World Rights Except UK and Ireland * GBROUT IRLOUT;[17:41:09] World Rights Except UK and Ireland * GBROUT IRLOUT;23.02.2025 17:54:34;Ja;23.02.2025 17:54:34
[17:21:23] *** World Rights ***;[17:21:23] *** World Rights ***;23.02.2025 17:37:20;Ja;23.02.2025 17:37:20
[17:20:11] *** World Rights ***;[17:20:11] *** World Rights ***;23.02.2025 17:29:03;Ja;23.02.2025 17:29:03
[16:54:44] *** World Rights ***;[16:54:44] *** World Rights ***;23.02.2025 17:01:39;Ja;23.02.2025 17:01:39
[16:35:40] *** World Rights ***;[16:35:40] *** World Rights ***;23.02.2025 16:42:54;Ja;23.02.2025 16:42:54
[16:30:39] *** World Rights ***;[16:30:39] *** World Rights ***;23.02.2025 16:39:45;Ja;23.02.2025 16:39:45
[16:26:17] *** World Rights ***;[16:26:17] *** World Rights ***;23.02.2025 16:32:56;Ja;23.02.2025 16:32:56
[16:14:29] *** World Rights ***;[16:14:29] *** World Rights ***;23.02.2025 16:24:07;Ja;23.02.2025 16:24:07
[16:10:11] *** World Rights ***;[16:10:11] *** World Rights ***;23.02.2025 16:18:20;Ja;23.02.2025 16:18:20
[16:10:11] *** World Rights ***;[16:10:11] *** World Rights ***;23.02.2025 16:16:47;Ja;23.02.2025 16:16:47
[15:57:38] *** World Rights ***;[15:57:38] *** World Rights ***;23.02.2025 16:03:45;Ja;23.02.2025 16:03:45
[15:39:10] World Rights Except UK and Ireland * GBROUT IRLOUT;[15:39:10] World Rights Except UK and Ireland * GBROUT IRLOUT;23.02.2025 15:43:54;Ja;23.02.2025 15:43:54
[15:34:38] *** World Rights ***;[15:34:38] *** World Rights ***;23.02.2025 15:43:32;Ja;23.02.2025 15:43:32
[15:37:42] *** World Rights ***;[15:37:42] *** World Rights ***;23.02.2025 15:43:28;Ja;23.02.2025 15:43:28
[15:31:51] World Rights Except UK and Ireland * GBROUT IRLOUT;[15:31:51] World Rights Except UK and Ireland * GBROUT IRLOUT;23.02.2025 15:40:48;Ja;23.02.2025 15:40:48
[15:05:26] *** World Rights ***;[15:05:26] *** World Rights ***;23.02.2025 15:16:49;Ja;23.02.2025 15:16:49
[15:06:34] World Rights Except UK and Ireland * GBROUT IRLOUT;[15:06:34] World Rights Except UK and Ireland * GBROUT IRLOUT;23.02.2025 15:13:30;Ja;23.02.2025 15:13:30
[15:02:37] *** World Rights ***;[15:02:37] *** World Rights ***;23.02.2025 15:12:08;Ja;23.02.2025 15:12:08
[15:05:17] *** World Rights ***;[15:05:17] *** World Rights ***;23.02.2025 15:10:10;Ja;23.02.2025 15:10:10
[15:02:54] *** World Rights ***;[15:02:54] *** World Rights ***;23.02.2025 15:07:18;Ja;23.02.2025 15:07:18
[14:55:58] *** World Rights ***;[14:55:58] *** World Rights ***;23.02.2025 15:02:48;Ja;23.02.2025 15:02:48
[14:57:38] *** World Rights ***;[14:57:38] *** World Rights ***;23.02.2025 15:01:50;Ja;23.02.2025 15:01:50
[14:56:26] World Rights Except UK and Ireland * GBROUT IRLOUT;[14:56:26] World Rights Except UK and Ireland * GBROUT IRLOUT;23.02.2025 15:01:17;Ja;23.02.2025 15:01:17
[14:53:46] *** World Rights ***;[14:53:46] *** World Rights ***;23.02.2025 14:57:15;Ja;23.02.2025 14:57:15
[14:45:32] *** World Rights ***;[14:45:32] *** World Rights ***;23.02.2025 14:53:01;Ja;23.02.2025 14:53:01
[14:49:44] *** World Rights ***;[14:49:44] *** World Rights ***;23.02.2025 14:52:41;Ja;23.02.2025 14:52:41
[14:40:03] *** World Rights ***;[14:40:03] *** World Rights ***;23.02.2025 14:43:24;Ja;23.02.2025 14:43:24
[14:36:47] *** World Rights ***;[14:36:47] *** World Rights ***;23.02.2025 14:40:17;Ja;23.02.2025 14:40:17
[14:22:01] *** World Rights ***;[14:22:01] *** World Rights ***;23.02.2025 14:26:00;Ja;23.02.2025 14:26:00
[14:21:08] World Rights Except UK and Ireland * GBROUT IRLOUT;[14:21:08] World Rights Except UK and Ireland * GBROUT IRLOUT;23.02.2025 14:25:40;Ja;23.02.2025 14:25:40
[14:07:30] *** World Rights ***;[14:07:30] *** World Rights ***;23.02.2025 14:17:16;Ja;23.02.2025 14:17:16
[13:56:17] *** Germany only ***;[13:56:17] *** Germany only ***;23.02.2025 13:58:58;Ja;23.02.2025 13:58:58
[13:55:09] *** World Rights ***;[13:55:09] *** World Rights ***;23.02.2025 13:57:58;Ja;23.02.2025 13:57:58
[13:56:07] *** World Rights ***;[13:56:07] *** World Rights ***;23.02.2025 13:57:10;Ja;23.02.2025 13:57:10
[13:40:06] *** World Rights ***;[13:40:06] *** World Rights ***;23.02.2025 13:47:10;Ja;23.02.2025 13:47:10
[13:40:12] *** World Rights ***;[13:40:12] *** World Rights ***;23.02.2025 13:43:43;Ja;23.02.2025 13:43:43
[13:39:00] *** World Rights ***;[13:39:00] *** World Rights ***;23.02.2025 13:41:12;Ja;23.02.2025 13:41:12
[13:33:10] *** World Rights ***;[13:33:10] *** World Rights ***;23.02.2025 13:34:20;Ja;23.02.2025 13:34:20
[13:29:26] *** World Rights ***;[13:29:26] *** World Rights ***;23.02.2025 13:32:29;Ja;23.02.2025 13:32:29
[13:24:41] *** World Rights ***;[13:24:41] *** World Rights ***;23.02.2025 13:28:27;Ja;23.02.2025 13:28:27
[13:16:15] *** World Rights ***;[13:16:15] *** World Rights ***;23.02.2025 13:25:24;Ja;23.02.2025 13:25:24
[13:18:37] *** Germany only ***;[13:18:37] *** Germany only ***;23.02.2025 13:21:08;Ja;23.02.2025 13:21:08
[13:18:11] *** World Rights ***;[13:18:11] *** World Rights ***;23.02.2025 13:20:34;Ja;23.02.2025 13:20:34
[13:17:00] *** World Rights ***;[13:17:00] *** World Rights ***;23.02.2025 13:20:05;Ja;23.02.2025 13:20:05
[12:46:32] *** World Rights ***;[12:46:32] *** World Rights ***;23.02.2025 12:52:11;Ja;23.02.2025 12:52:11
[12:45:18] World Rights Except UK and Ireland * GBROUT IRLOUT;[12:45:18] World Rights Except UK and Ireland * GBROUT IRLOUT;23.02.2025 12:49:36;Ja;23.02.2025 12:49:36
[12:44:18] *** World Rights ***;[12:44:18] *** World Rights ***;23.02.2025 12:49:19;Ja;23.02.2025 12:49:19
[12:42:45] *** World Rights ***;[12:42:45] *** World Rights ***;23.02.2025 12:45:02;Ja;23.02.2025 12:45:02
[12:42:25] World Rights Except UK and Ireland * GBROUT IRLOUT;[12:42:25] World Rights Except UK and Ireland * GBROUT IRLOUT;23.02.2025 12:44:39;Ja;23.02.2025 12:44:39
[12:33:07] World Rights Except UK and Ireland * GBROUT IRLOUT;[12:33:07] World Rights Except UK and Ireland * GBROUT IRLOUT;23.02.2025 12:37:12;Ja;23.02.2025 12:37:12
[12:26:02] World Rights Except UK and Ireland * GBROUT IRLOUT;[12:26:02] World Rights Except UK and Ireland * GBROUT IRLOUT;23.02.2025 12:30:05;Ja;23.02.2025 12:30:05
[12:23:12] *** World Rights ***;[12:23:12] *** World Rights ***;23.02.2025 12:26:28;Ja;23.02.2025 12:26:28
[12:12:28] *** World Rights ***;[12:12:28] *** World Rights ***;23.02.2025 12:16:04;Ja;23.02.2025 12:16:04
[12:04:42] *** World Rights ***;[12:04:42] *** World Rights ***;23.02.2025 12:08:10;Ja;23.02.2025 12:08:10
[11:37:05] World Rights Except UK and Ireland * GBROUT IRLOUT;[11:37:05] World Rights Except UK and Ireland * GBROUT IRLOUT;23.02.2025 11:42:20;Ja;23.02.2025 11:42:20
[11:33:13] *** World Rights ***;[11:33:13] *** World Rights ***;23.02.2025 11:37:42;Ja;23.02.2025 11:37:42
[11:29:22] *** World Rights ***;[11:29:22] *** World Rights ***;23.02.2025 11:31:49;Ja;23.02.2025 11:31:49
[11:24:09] World Rights Except UK and Ireland * GBROUT IRLOUT;[11:24:09] World Rights Except UK and Ireland * GBROUT IRLOUT;23.02.2025 11:28:05;Ja;23.02.2025 11:28:05
[11:02:42] *** World Rights ***;[11:02:42] *** World Rights ***;23.02.2025 11:05:21;Ja;23.02.2025 11:05:21
[10:52:46] *** World Rights ***;[10:52:46] *** World Rights ***;23.02.2025 10:58:36;Ja;23.02.2025 10:58:36
[10:45:48] *** World Rights ***;[10:45:48] *** World Rights ***;23.02.2025 10:51:46;Ja;23.02.2025 10:51:46
[10:36:22] *** World Rights ***;[10:36:22] *** World Rights ***;23.02.2025 10:45:08;Ja;23.02.2025 10:45:08
[10:34:38] *** World Rights ***;[10:34:38] *** World Rights ***;23.02.2025 10:41:48;Ja;23.02.2025 10:41:48
[10:32:19] *** World Rights ***;[10:32:19] *** World Rights ***;23.02.2025 10:41:01;Ja;23.02.2025 10:41:01
[10:28:27] World Rights Except UK and Ireland * GBROUT IRLOUT;[10:28:27] World Rights Except UK and Ireland * GBROUT IRLOUT;23.02.2025 10:34:08;Ja;23.02.2025 10:34:08
[10:20:45] *** World Rights ***;[10:20:45] *** World Rights ***;23.02.2025 10:29:37;Ja;23.02.2025 10:29:37
[10:04:28] *** World Rights ***;[10:04:28] *** World Rights ***;23.02.2025 10:14:35;Ja;23.02.2025 10:14:35
[09:59:09] *** World Rights ***;[09:59:09] *** World Rights ***;23.02.2025 10:09:03;Ja;23.02.2025 10:09:03
[10:00:20] *** World Rights ***;[10:00:20] *** World Rights ***;23.02.2025 10:08:39;Ja;23.02.2025 10:08:39
[09:58:50] *** World Rights ***;[09:58:50] *** World Rights ***;23.02.2025 10:07:24;Ja;23.02.2025 10:07:24
[09:54:43] *** World Rights ***;[09:54:43] *** World Rights ***;23.02.2025 10:04:26;Ja;23.02.2025 10:04:26
[09:53:31] *** World Rights ***;[09:53:31] *** World Rights ***;23.02.2025 10:01:36;Ja;23.02.2025 10:01:36
[09:38:37] *** World Rights ***;[09:38:37] *** World Rights ***;23.02.2025 09:46:02;Ja;23.02.2025 09:46:02
[09:37:20] *** Germany only ***;[09:37:20] *** Germany only ***;23.02.2025 09:44:40;Ja;23.02.2025 09:44:40
[09:15:21] *** World Rights ***;[09:15:21] *** World Rights ***;23.02.2025 09:26:36;Ja;23.02.2025 09:26:36
[09:18:23] *** World Rights ***;[09:18:23] *** World Rights ***;23.02.2025 09:24:47;Ja;23.02.2025 09:24:47
[09:07:13] *** World Rights ***;[09:07:13] *** World Rights ***;23.02.2025 09:18:24;Ja;23.02.2025 09:18:24
[09:07:45] World Rights Except UK and Ireland * GBROUT IRLOUT;[09:07:45] World Rights Except UK and Ireland * GBROUT IRLOUT;23.02.2025 09:15:48;Ja;23.02.2025 09:15:48
[09:06:02] *** World Rights ***;[09:06:02] *** World Rights ***;23.02.2025 09:13:57;Ja;23.02.2025 09:13:57
[09:01:06] *** World Rights ***;[09:01:06] *** World Rights ***;23.02.2025 09:08:30;Ja;23.02.2025 09:08:30
[08:55:23] *** World Rights ***;[08:55:23] *** World Rights ***;23.02.2025 09:04:45;Ja;23.02.2025 09:04:45
[08:52:00] *** World Rights ***;[08:52:00] *** World Rights ***;23.02.2025 09:02:15;Ja;23.02.2025 09:02:15
[08:25:05] *** World Rights ***;[08:25:05] *** World Rights ***;23.02.2025 08:30:21;Ja;23.02.2025 08:30:21
[08:15:15] *** World Rights ***;[08:15:15] *** World Rights ***;23.02.2025 08:21:01;Ja;23.02.2025 08:21:01
[07:58:32] World Rights Except UK and Ireland * GBROUT IRLOUT;[07:58:32] World Rights Except UK and Ireland * GBROUT IRLOUT;23.02.2025 08:04:33;Ja;23.02.2025 08:04:33
[07:59:01] *** World Rights ***;[07:59:01] *** World Rights ***;23.02.2025 08:02:29;Ja;23.02.2025 08:02:29
[07:51:52] World Rights Except UK and Ireland * GBROUT IRLOUT;[07:51:52] World Rights Except UK and Ireland * GBROUT IRLOUT;23.02.2025 07:57:06;Ja;23.02.2025 07:57:06
[07:51:16] *** World Rights ***;[07:51:16] *** World Rights ***;23.02.2025 07:56:58;Ja;23.02.2025 07:56:58
[07:24:11] *** World Rights ***;[07:24:11] *** World Rights ***;23.02.2025 07:33:18;Ja;23.02.2025 07:33:18
[07:29:02] World Rights Except UK and Ireland * GBROUT IRLOUT;[07:29:02] World Rights Except UK and Ireland * GBROUT IRLOUT;23.02.2025 07:30:44;Ja;23.02.2025 07:30:44
[07:15:57] *** World Rights ***;[07:15:57] *** World Rights ***;23.02.2025 07:21:22;Ja;23.02.2025 07:21:22
[06:50:32] *** World Rights ***;[06:50:32] *** World Rights ***;23.02.2025 06:52:21;Ja;23.02.2025 06:52:21
[06:40:49] World Rights Except UK and Ireland * GBROUT IRLOUT;[06:40:49] World Rights Except UK and Ireland * GBROUT IRLOUT;23.02.2025 06:45:52;Ja;23.02.2025 06:45:52
[06:24:09] *** World Rights ***;[06:24:09] *** World Rights ***;23.02.2025 06:26:09;Ja;23.02.2025 06:26:09
[06:25:03] *** World Rights ***;[06:25:03] *** World Rights ***;23.02.2025 06:25:57;Ja;23.02.2025 06:25:57
[06:06:09] *** World Rights ***;[06:06:09] *** World Rights ***;23.02.2025 06:07:27;Ja;23.02.2025 06:07:27
[06:03:46] *** World Rights ***;[06:03:46] *** World Rights ***;23.02.2025 06:07:03;Ja;23.02.2025 06:07:03
[06:01:28] *** World Rights ***;[06:01:28] *** World Rights ***;23.02.2025 06:02:11;Ja;23.02.2025 06:02:11
[05:51:30] *** World Rights ***;[05:51:30] *** World Rights ***;23.02.2025 05:52:12;Ja;23.02.2025 05:52:12
[05:41:36] *** World Rights ***;[05:41:36] *** World Rights ***;23.02.2025 05:42:20;Ja;23.02.2025 05:42:20
[05:38:04] *** World Rights ***;[05:38:04] *** World Rights ***;23.02.2025 05:38:31;Ja;23.02.2025 05:38:31
[05:35:35] *** World Rights ***;[05:35:35] *** World Rights ***;23.02.2025 05:36:48;Ja;23.02.2025 05:36:48
[05:30:33] *** World Rights ***;[05:30:33] *** World Rights ***;23.02.2025 05:34:55;Ja;23.02.2025 05:34:55
[03:39:08] World Rights Except UK and Ireland * GBROUT IRLOUT;[03:39:08] World Rights Except UK and Ireland * GBROUT IRLOUT;23.02.2025 03:43:40;Ja;23.02.2025 03:43:40
[03:21:32] *** World Rights ***;[03:21:32] *** World Rights ***;23.02.2025 03:22:36;Ja;23.02.2025 03:22:36
[02:34:19] *** World Rights ***;[02:34:19] *** World Rights ***;23.02.2025 02:35:18;Ja;23.02.2025 02:35:18
[02:17:03] *** World Rights ***;[02:17:03] *** World Rights ***;23.02.2025 02:20:00;Ja;23.02.2025 02:20:00
[01:08:20] *** Germany only ***;[01:08:20] *** Germany only ***;23.02.2025 01:13:30;Ja;23.02.2025 01:13:30
[00:22:38] *** World Rights ***;[00:22:38] *** World Rights ***;23.02.2025 00:26:10;Ja;23.02.2025 00:26:10
[23:56:46] *** Germany only ***;[23:56:46] *** Germany only ***;23.02.2025 00:03:23;Ja;23.02.2025 00:03:23
[23:55:59] *** World Rights ***;[23:55:59] *** World Rights ***;22.02.2025 23:56:45;Ja;22.02.2025 23:56:45
[23:17:07] *** World Rights ***;[23:17:07] *** World Rights ***;22.02.2025 23:20:29;Ja;22.02.2025 23:20:29
[23:12:34] World Rights Except UK and Ireland * GBROUT IRLOUT;[23:12:34] World Rights Except UK and Ireland * GBROUT IRLOUT;22.02.2025 23:13:38;Ja;22.02.2025 23:13:38
[22:49:32] *** World Rights ***;[22:49:32] *** World Rights ***;22.02.2025 22:51:54;Ja;22.02.2025 22:51:54
[22:42:40] *** World Rights ***;[22:42:40] *** World Rights ***;22.02.2025 22:46:03;Ja;22.02.2025 22:46:03
[22:07:05] *** World Rights ***;[22:07:05] *** World Rights ***;22.02.2025 22:20:37;Ja;22.02.2025 22:20:37
[22:07:38] World Rights Except UK and Ireland * GBROUT IRLOUT;[22:07:38] World Rights Except UK and Ireland * GBROUT IRLOUT;22.02.2025 22:10:45;Ja;22.02.2025 22:10:45
[21:54:36] *** World Rights ***;[21:54:36] *** World Rights ***;22.02.2025 21:54:48;Ja;22.02.2025 21:54:48
[21:45:59] World Rights Except UK and Ireland * GBROUT IRLOUT;[21:45:59] World Rights Except UK and Ireland * GBROUT IRLOUT;22.02.2025 21:48:41;Ja;22.02.2025 21:48:41
[21:42:33] *** World Rights ***;[21:42:33] *** World Rights ***;22.02.2025 21:44:54;Ja;22.02.2025 21:44:54
[21:37:19] *** World Rights ***;[21:37:19] *** World Rights ***;22.02.2025 21:44:39;Ja;22.02.2025 21:44:39
[21:40:47] *** World Rights ***;[21:40:47] *** World Rights ***;22.02.2025 21:42:00;Ja;22.02.2025 21:42:00
[21:38:24] *** Germany only ***;[21:38:24] *** Germany only ***;22.02.2025 21:41:22;Ja;22.02.2025 21:41:22
[21:20:39] *** World Rights ***;[21:20:39] *** World Rights ***;22.02.2025 21:27:33;Ja;22.02.2025 21:27:33
[21:04:45] World Rights Except UK and Ireland * GBROUT IRLOUT;[21:04:45] World Rights Except UK and Ireland * GBROUT IRLOUT;22.02.2025 21:06:03;Ja;22.02.2025 21:06:03
[20:46:28] *** World Rights ***;[20:46:28] *** World Rights ***;22.02.2025 20:49:21;Ja;22.02.2025 20:49:21
[20:22:55] *** World Rights ***;[20:22:55] *** World Rights ***;22.02.2025 20:29:12;Ja;22.02.2025 20:29:12
[20:20:32] *** World Rights ***;[20:20:32] *** World Rights ***;22.02.2025 20:27:41;Ja;22.02.2025 20:27:41
[20:15:54] *** Germany only ***;[20:15:54] *** Germany only ***;22.02.2025 20:19:23;Ja;22.02.2025 20:19:23
[19:58:25] *** World Rights ***;[19:58:25] *** World Rights ***;22.02.2025 20:03:16;Ja;22.02.2025 20:03:16
[19:57:00] *** World Rights ***;[19:57:00] *** World Rights ***;22.02.2025 20:00:09;Ja;22.02.2025 20:00:09
[19:54:29] *** World Rights ***;[19:54:29] *** World Rights ***;22.02.2025 19:58:37;Ja;22.02.2025 19:58:37
[19:50:28] *** World Rights ***;[19:50:28] *** World Rights ***;22.02.2025 19:54:24;Ja;22.02.2025 19:54:24
[19:45:25] *** World Rights ***;[19:45:25] *** World Rights ***;22.02.2025 19:48:48;Ja;22.02.2025 19:48:48
[18:55:41] World Rights Except UK and Ireland * GBROUT IRLOUT;[18:55:41] World Rights Except UK and Ireland * GBROUT IRLOUT;22.02.2025 19:07:44;Ja;22.02.2025 19:07:44
[18:45:58] World Rights Except UK and Ireland * GBROUT IRLOUT;[18:45:58] World Rights Except UK and Ireland * GBROUT IRLOUT;22.02.2025 18:51:28;Ja;22.02.2025 18:51:28
[18:40:29] *** World Rights ***;[18:40:29] *** World Rights ***;22.02.2025 18:46:45;Ja;22.02.2025 18:46:45
[18:33:18] *** World Rights ***;[18:33:18] *** World Rights ***;22.02.2025 18:39:43;Ja;22.02.2025 18:39:43
[18:24:12] *** World Rights ***;[18:24:12] *** World Rights ***;22.02.2025 18:33:14;Ja;22.02.2025 18:33:14
[18:06:58] *** World Rights ***;[18:06:58] *** World Rights ***;22.02.2025 18:14:50;Ja;22.02.2025 18:14:50
[18:05:30] *** World Rights ***;[18:05:30] *** World Rights ***;22.02.2025 18:11:47;Ja;22.02.2025 18:11:47
[17:52:58] *** World Rights ***;[17:52:58] *** World Rights ***;22.02.2025 18:08:00;Ja;22.02.2025 18:08:00
[17:54:43] *** Germany only ***;[17:54:43] *** Germany only ***;22.02.2025 18:06:39;Ja;22.02.2025 18:06:39
[17:53:41] *** World Rights ***;[17:53:41] *** World Rights ***;22.02.2025 18:03:51;Ja;22.02.2025 18:03:51
[17:53:29] *** World Rights ***;[17:53:29] *** World Rights ***;22.02.2025 18:01:15;Ja;22.02.2025 18:01:15
[17:33:42] *** World Rights ***;[17:33:42] *** World Rights ***;22.02.2025 17:43:34;Ja;22.02.2025 17:43:34
[17:34:18] *** World Rights ***;[17:34:18] *** World Rights ***;22.02.2025 17:42:13;Ja;22.02.2025 17:42:13
[17:16:34] *** World Rights ***;[17:16:34] *** World Rights ***;22.02.2025 17:25:04;Ja;22.02.2025 17:25:04
[17:08:40] *** World Rights ***;[17:08:40] *** World Rights ***;22.02.2025 17:24:10;Ja;22.02.2025 17:24:10
[17:00:30] *** World Rights ***;[17:00:30] *** World Rights ***;22.02.2025 17:09:27;Ja;22.02.2025 17:09:27
[16:47:35] World Rights Except UK and Ireland * GBROUT IRLOUT;[16:47:35] World Rights Except UK and Ireland * GBROUT IRLOUT;22.02.2025 16:59:41;Ja;22.02.2025 16:59:41
[16:41:16] *** World Rights ***;[16:41:16] *** World Rights ***;22.02.2025 16:59:23;Ja;22.02.2025 16:59:23
[16:35:46] *** World Rights ***;[16:35:46] *** World Rights ***;22.02.2025 16:47:11;Ja;22.02.2025 16:47:11
[16:30:29] World Rights Except UK and Ireland * GBROUT IRLOUT;[16:30:29] World Rights Except UK and Ireland * GBROUT IRLOUT;22.02.2025 16:43:13;Ja;22.02.2025 16:43:13
[16:12:26] World Rights Except UK and Ireland * GBROUT IRLOUT;[16:12:26] World Rights Except UK and Ireland * GBROUT IRLOUT;22.02.2025 16:21:13;Ja;22.02.2025 16:21:13
[16:12:16] World Rights Except UK and Ireland * GBROUT IRLOUT;[16:12:16] World Rights Except UK and Ireland * GBROUT IRLOUT;22.02.2025 16:18:59;Ja;22.02.2025 16:18:59
[16:05:25] *** World Rights ***;[16:05:25] *** World Rights ***;22.02.2025 16:13:38;Ja;22.02.2025 16:13:38
[15:43:44] World Rights Except UK and Ireland * GBROUT IRLOUT;[15:43:44] World Rights Except UK and Ireland * GBROUT IRLOUT;22.02.2025 15:51:38;Ja;22.02.2025 15:51:38
[15:36:45] *** World Rights ***;[15:36:45] *** World Rights ***;22.02.2025 15:44:46;Ja;22.02.2025 15:44:46
[15:34:48] *** World Rights ***;[15:34:48] *** World Rights ***;22.02.2025 15:40:45;Ja;22.02.2025 15:40:45
[15:26:59] *** World Rights ***;[15:26:59] *** World Rights ***;22.02.2025 15:33:31;Ja;22.02.2025 15:33:31
[15:24:15] *** World Rights ***;[15:24:15] *** World Rights ***;22.02.2025 15:28:42;Ja;22.02.2025 15:28:42
[15:20:07] *** World Rights ***;[15:20:07] *** World Rights ***;22.02.2025 15:27:14;Ja;22.02.2025 15:27:14
[15:10:37] *** World Rights ***;[15:10:37] *** World Rights ***;22.02.2025 15:16:52;Ja;22.02.2025 15:16:52
[15:01:30] *** World Rights ***;[15:01:30] *** World Rights ***;22.02.2025 15:12:53;Ja;22.02.2025 15:12:53
[15:01:01] *** World Rights ***;[15:01:01] *** World Rights ***;22.02.2025 15:05:31;Ja;22.02.2025 15:05:31
[14:45:18] *** World Rights ***;[14:45:18] *** World Rights ***;22.02.2025 14:54:33;Ja;22.02.2025 14:54:33
[14:45:22] *** World Rights ***;[14:45:22] *** World Rights ***;22.02.2025 14:48:18;Ja;22.02.2025 14:48:18
[14:41:40] *** World Rights ***;[14:41:40] *** World Rights ***;22.02.2025 14:46:07;Ja;22.02.2025 14:46:07
[14:30:50] *** World Rights ***;[14:30:50] *** World Rights ***;22.02.2025 14:37:23;Ja;22.02.2025 14:37:23
[14:26:07] *** World Rights ***;[14:26:07] *** World Rights ***;22.02.2025 14:28:22;Ja;22.02.2025 14:28:22
[14:15:33] World Rights Except UK and Ireland * GBROUT IRLOUT;[14:15:33] World Rights Except UK and Ireland * GBROUT IRLOUT;22.02.2025 14:20:35;Ja;22.02.2025 14:20:35
[14:15:24] *** World Rights ***;[14:15:24] *** World Rights ***;22.02.2025 14:19:33;Ja;22.02.2025 14:19:33
[13:46:35] World Rights Except UK and Ireland * GBROUT IRLOUT;[13:46:35] World Rights Except UK and Ireland * GBROUT IRLOUT;22.02.2025 13:50:44;Ja;22.02.2025 13:50:44
[13:45:50] *** World Rights ***;[13:45:50] *** World Rights ***;22.02.2025 13:50:33;Ja;22.02.2025 13:50:33
[13:41:03] *** World Rights ***;[13:41:03] *** World Rights ***;22.02.2025 13:45:53;Ja;22.02.2025 13:45:53
[13:43:59] *** World Rights ***;[13:43:59] *** World Rights ***;22.02.2025 13:45:38;Ja;22.02.2025 13:45:38
[13:42:38] *** World Rights ***;[13:42:38] *** World Rights ***;22.02.2025 13:44:37;Ja;22.02.2025 13:44:37
[13:31:30] *** World Rights ***;[13:31:30] *** World Rights ***;22.02.2025 13:34:27;Ja;22.02.2025 13:34:27
[13:21:32] World Rights Except UK and Ireland * GBROUT IRLOUT;[13:21:32] World Rights Except UK and Ireland * GBROUT IRLOUT;22.02.2025 13:23:51;Ja;22.02.2025 13:23:51
[12:55:28] *** Germany only ***;[12:55:28] *** Germany only ***;22.02.2025 12:58:18;Ja;22.02.2025 12:58:18
[12:49:32] World Rights Except UK and Ireland * GBROUT IRLOUT;[12:49:32] World Rights Except UK and Ireland * GBROUT IRLOUT;22.02.2025 12:53:39;Ja;22.02.2025 12:53:39
[12:48:12] *** World Rights ***;[12:48:12] *** World Rights ***;22.02.2025 12:50:16;Ja;22.02.2025 12:50:16
[12:35:43] *** World Rights ***;[12:35:43] *** World Rights ***;22.02.2025 12:41:00;Ja;22.02.2025 12:41:00
[12:33:17] *** World Rights ***;[12:33:17] *** World Rights ***;22.02.2025 12:37:59;Ja;22.02.2025 12:37:59
[12:32:10] *** World Rights ***;[12:32:10] *** World Rights ***;22.02.2025 12:35:23;Ja;22.02.2025 12:35:23
[12:29:23] *** World Rights ***;[12:29:23] *** World Rights ***;22.02.2025 12:32:43;Ja;22.02.2025 12:32:43
[12:22:34] *** World Rights ***;[12:22:34] *** World Rights ***;22.02.2025 12:24:56;Ja;22.02.2025 12:24:56
[12:20:14] *** World Rights ***;[12:20:14] *** World Rights ***;22.02.2025 12:22:24;Ja;22.02.2025 12:22:24
[12:12:52] World Rights Except UK and Ireland * GBROUT IRLOUT;[12:12:52] World Rights Except UK and Ireland * GBROUT IRLOUT;22.02.2025 12:17:20;Ja;22.02.2025 12:17:20
[12:03:25] *** World Rights ***;[12:03:25] *** World Rights ***;22.02.2025 12:08:09;Ja;22.02.2025 12:08:09
[11:54:04] *** World Rights ***;[11:54:04] *** World Rights ***;22.02.2025 12:00:38;Ja;22.02.2025 12:00:38
[11:52:08] *** World Rights ***;[11:52:08] *** World Rights ***;22.02.2025 12:00:34;Ja;22.02.2025 12:00:34
[11:53:01] World Rights Except UK and Ireland * GBROUT IRLOUT;[11:53:01] World Rights Except UK and Ireland * GBROUT IRLOUT;22.02.2025 11:56:01;Ja;22.02.2025 11:56:01
[11:48:27] *** World Rights ***;[11:48:27] *** World Rights ***;22.02.2025 11:50:54;Ja;22.02.2025 11:50:54
[11:44:57] *** World Rights ***;[11:44:57] *** World Rights ***;22.02.2025 11:49:13;Ja;22.02.2025 11:49:13
[11:43:51] *** World Rights ***;[11:43:51] *** World Rights ***;22.02.2025 11:47:36;Ja;22.02.2025 11:47:36
[11:37:04] *** World Rights ***;[11:37:04] *** World Rights ***;22.02.2025 11:42:16;Ja;22.02.2025 11:42:16
[11:32:34] *** World Rights ***;[11:32:34] *** World Rights ***;22.02.2025 11:39:11;Ja;22.02.2025 11:39:11
[11:24:54] *** World Rights ***;[11:24:54] *** World Rights ***;22.02.2025 11:31:54;Ja;22.02.2025 11:31:54
[11:24:57] *** World Rights ***;[11:24:57] *** World Rights ***;22.02.2025 11:29:43;Ja;22.02.2025 11:29:43
[11:18:18] World Rights Except UK and Ireland * GBROUT IRLOUT;[11:18:18] World Rights Except UK and Ireland * GBROUT IRLOUT;22.02.2025 11:27:39;Ja;22.02.2025 11:27:39
[11:17:27] World Rights Except UK and Ireland * GBROUT IRLOUT;[11:17:27] World Rights Except UK and Ireland * GBROUT IRLOUT;22.02.2025 11:19:54;Ja;22.02.2025 11:19:54
[11:09:36] *** World Rights ***;[11:09:36] *** World Rights ***;22.02.2025 11:18:01;Ja;22.02.2025 11:18:01
[11:04:46] *** World Rights ***;[11:04:46] *** World Rights ***;22.02.2025 11:08:23;Ja;22.02.2025 11:08:23
[10:55:32] World Rights Except UK and Ireland * GBROUT IRLOUT;[10:55:32] World Rights Except UK and Ireland * GBROUT IRLOUT;22.02.2025 11:04:08;Ja;22.02.2025 11:04:08
[10:49:06] World Rights Except UK and Ireland * GBROUT IRLOUT;[10:49:06] World Rights Except UK and Ireland * GBROUT IRLOUT;22.02.2025 10:58:29;Ja;22.02.2025 10:58:29
[10:39:35] *** World Rights ***;[10:39:35] *** World Rights ***;22.02.2025 10:47:29;Ja;22.02.2025 10:47:29
[10:23:53] *** World Rights ***;[10:23:53] *** World Rights ***;22.02.2025 10:32:17;Ja;22.02.2025 10:32:17
[10:19:19] *** World Rights ***;[10:19:19] *** World Rights ***;22.02.2025 10:28:10;Ja;22.02.2025 10:28:10
[10:20:16] *** World Rights ***;[10:20:16] *** World Rights ***;22.02.2025 10:25:43;Ja;22.02.2025 10:25:43
[10:10:02] *** World Rights ***;[10:10:02] *** World Rights ***;22.02.2025 10:16:46;Ja;22.02.2025 10:16:46
[10:07:13] World Rights Except UK and Ireland * GBROUT IRLOUT;[10:07:13] World Rights Except UK and Ireland * GBROUT IRLOUT;22.02.2025 10:13:42;Ja;22.02.2025 10:13:42
[10:06:40] *** World Rights ***;[10:06:40] *** World Rights ***;22.02.2025 10:13:21;Ja;22.02.2025 10:13:21
[09:58:57] *** World Rights ***;[09:58:57] *** World Rights ***;22.02.2025 10:08:58;Ja;22.02.2025 10:08:58
[09:57:58] *** World Rights ***;[09:57:58] *** World Rights ***;22.02.2025 10:06:07;Ja;22.02.2025 10:06:07
[09:58:51] *** World Rights ***;[09:58:51] *** World Rights ***;22.02.2025 10:05:31;Ja;22.02.2025 10:05:31
[09:53:44] *** World Rights ***;[09:53:44] *** World Rights ***;22.02.2025 10:00:56;Ja;22.02.2025 10:00:56
[09:45:43] *** World Rights ***;[09:45:43] *** World Rights ***;22.02.2025 09:57:36;Ja;22.02.2025 09:57:36
[09:45:16] *** World Rights ***;[09:45:16] *** World Rights ***;22.02.2025 09:54:53;Ja;22.02.2025 09:54:53
[09:43:12] *** World Rights ***;[09:43:12] *** World Rights ***;22.02.2025 09:51:28;Ja;22.02.2025 09:51:28
[09:41:32] World Rights Except UK and Ireland * GBROUT IRLOUT;[09:41:32] World Rights Except UK and Ireland * GBROUT IRLOUT;22.02.2025 09:49:31;Ja;22.02.2025 09:49:31
[09:40:04] *** World Rights ***;[09:40:04] *** World Rights ***;22.02.2025 09:49:25;Ja;22.02.2025 09:49:25
[09:39:36] *** World Rights ***;[09:39:36] *** World Rights ***;22.02.2025 09:45:59;Ja;22.02.2025 09:45:59
[09:23:21] *** World Rights ***;[09:23:21] *** World Rights ***;22.02.2025 09:31:57;Ja;22.02.2025 09:31:57
[09:22:03] *** World Rights ***;[09:22:03] *** World Rights ***;22.02.2025 09:30:20;Ja;22.02.2025 09:30:20
[09:16:22] *** World Rights ***;[09:16:22] *** World Rights ***;22.02.2025 09:24:30;Ja;22.02.2025 09:24:30
[09:13:49] *** World Rights ***;[09:13:49] *** World Rights ***;22.02.2025 09:20:19;Ja;22.02.2025 09:20:19
[09:04:46] *** World Rights ***;[09:04:46] *** World Rights ***;22.02.2025 09:14:36;Ja;22.02.2025 09:14:36
[08:59:20] *** World Rights ***;[08:59:20] *** World Rights ***;22.02.2025 09:05:17;Ja;22.02.2025 09:05:17
[08:55:30] *** World Rights ***;[08:55:30] *** World Rights ***;22.02.2025 09:03:59;Ja;22.02.2025 09:03:59
[08:52:51] *** World Rights ***;[08:52:51] *** World Rights ***;22.02.2025 08:57:43;Ja;22.02.2025 08:57:43
[08:40:52] *** World Rights ***;[08:40:52] *** World Rights ***;22.02.2025 08:52:07;Ja;22.02.2025 08:52:07
[08:37:13] *** World Rights ***;[08:37:13] *** World Rights ***;22.02.2025 08:41:37;Ja;22.02.2025 08:41:37
[08:33:15] *** World Rights ***;[08:33:15] *** World Rights ***;22.02.2025 08:41:18;Ja;22.02.2025 08:41:18
[08:27:22] *** World Rights ***;[08:27:22] *** World Rights ***;22.02.2025 08:37:01;Ja;22.02.2025 08:37:01
[08:27:24] *** World Rights ***;[08:27:24] *** World Rights ***;22.02.2025 08:33:37;Ja;22.02.2025 08:33:37
[08:22:50] *** World Rights ***;[08:22:50] *** World Rights ***;22.02.2025 08:28:27;Ja;22.02.2025 08:28:27
[08:13:52] *** World Rights ***;[08:13:52] *** World Rights ***;22.02.2025 08:18:51;Ja;22.02.2025 08:18:51
[08:12:26] World Rights Except UK and Ireland * GBROUT IRLOUT;[08:12:26] World Rights Except UK and Ireland * GBROUT IRLOUT;22.02.2025 08:17:48;Ja;22.02.2025 08:17:48
[08:06:54] *** World Rights ***;[08:06:54] *** World Rights ***;22.02.2025 08:15:29;Ja;22.02.2025 08:15:29
[08:01:16] *** World Rights ***;[08:01:16] *** World Rights ***;22.02.2025 08:07:45;Ja;22.02.2025 08:07:45
[07:59:29] World Rights Except UK and Ireland * GBROUT IRLOUT;[07:59:29] World Rights Except UK and Ireland * GBROUT IRLOUT;22.02.2025 08:01:20;Ja;22.02.2025 08:01:20
[07:48:43] *** World Rights ***;[07:48:43] *** World Rights ***;22.02.2025 07:52:01;Ja;22.02.2025 07:52:01
[07:40:04] *** World Rights ***;[07:40:04] *** World Rights ***;22.02.2025 07:43:43;Ja;22.02.2025 07:43:43
[07:36:51] *** World Rights ***;[07:36:51] *** World Rights ***;22.02.2025 07:42:46;Ja;22.02.2025 07:42:46
[07:37:19] World Rights Except UK and Ireland * GBROUT IRLOUT;[07:37:19] World Rights Except UK and Ireland * GBROUT IRLOUT;22.02.2025 07:41:17;Ja;22.02.2025 07:41:17
[07:31:14] *** World Rights ***;[07:31:14] *** World Rights ***;22.02.2025 07:33:50;Ja;22.02.2025 07:33:50
[07:15:48] *** World Rights ***;[07:15:48] *** World Rights ***;22.02.2025 07:19:05;Ja;22.02.2025 07:19:05
[07:08:51] *** World Rights ***;[07:08:51] *** World Rights ***;22.02.2025 07:11:12;Ja;22.02.2025 07:11:12
[07:05:03] *** World Rights ***;[07:05:03] *** World Rights ***;22.02.2025 07:09:30;Ja;22.02.2025 07:09:30
[07:05:03] *** World Rights ***;[07:05:03] *** World Rights ***;22.02.2025 07:07:27;Ja;22.02.2025 07:07:27
[06:43:33] World Rights Except UK and Ireland * GBROUT IRLOUT;[06:43:33] World Rights Except UK and Ireland * GBROUT IRLOUT;22.02.2025 06:44:07;Ja;22.02.2025 06:44:07
[06:24:16] *** World Rights ***;[06:24:16] *** World Rights ***;22.02.2025 06:29:06;Ja;22.02.2025 06:29:06
[06:06:29] *** World Rights ***;[06:06:29] *** World Rights ***;22.02.2025 06:11:42;Ja;22.02.2025 06:11:42
[06:03:32] *** World Rights ***;[06:03:32] *** World Rights ***;22.02.2025 06:07:02;Ja;22.02.2025 06:07:02
[06:03:39] *** World Rights ***;[06:03:39] *** World Rights ***;22.02.2025 06:04:50;Ja;22.02.2025 06:04:50
[05:13:24] *** World Rights ***;[05:13:24] *** World Rights ***;22.02.2025 05:15:37;Ja;22.02.2025 05:15:37
[05:11:04] *** World Rights ***;[05:11:04] *** World Rights ***;22.02.2025 05:12:58;Ja;22.02.2025 05:12:58
[04:14:21] *** World Rights ***;[04:14:21] *** World Rights ***;22.02.2025 04:16:29;Ja;22.02.2025 04:16:29
[03:40:28] *** World Rights ***;[03:40:28] *** World Rights ***;22.02.2025 03:45:56;Ja;22.02.2025 03:45:56
[03:14:22] *** World Rights ***;[03:14:22] *** World Rights ***;22.02.2025 03:16:06;Ja;22.02.2025 03:16:06
[01:42:01] World Rights Except UK and Ireland * GBROUT IRLOUT;[01:42:01] World Rights Except UK and Ireland * GBROUT IRLOUT;22.02.2025 01:46:52;Ja;22.02.2025 01:46:52
[00:33:20] *** World Rights ***;[00:33:20] *** World Rights ***;22.02.2025 00:36:28;Ja;22.02.2025 00:36:28
[00:01:28] *** World Rights ***;[00:01:28] *** World Rights ***;22.02.2025 00:03:36;Ja;22.02.2025 00:03:36
[23:41:45] *** World Rights ***;[23:41:45] *** World Rights ***;21.02.2025 23:48:42;Ja;21.02.2025 23:48:42
[23:06:02] *** World Rights ***;[23:06:02] *** World Rights ***;21.02.2025 23:09:10;Ja;21.02.2025 23:09:10
[22:45:00] *** World Rights ***;[22:45:00] *** World Rights ***;21.02.2025 22:45:45;Ja;21.02.2025 22:45:45
[22:14:47] *** Germany only ***;[22:14:47] *** Germany only ***;21.02.2025 22:16:33;Ja;21.02.2025 22:16:33
[22:06:40] World Rights Except UK and Ireland * GBROUT IRLOUT;[22:06:40] World Rights Except UK and Ireland * GBROUT IRLOUT;21.02.2025 22:08:49;Ja;21.02.2025 22:08:49
[21:45:58] World Rights Except UK and Ireland * GBROUT IRLOUT;[21:45:58] World Rights Except UK and Ireland * GBROUT IRLOUT;21.02.2025 21:53:32;Ja;21.02.2025 21:53:32
[21:41:23] *** World Rights ***;[21:41:23] *** World Rights ***;21.02.2025 21:44:24;Ja;21.02.2025 21:44:24
[21:40:11] *** World Rights ***;[21:40:11] *** World Rights ***;21.02.2025 21:41:05;Ja;21.02.2025 21:41:05
[21:14:28] *** World Rights ***;[21:14:28] *** World Rights ***;21.02.2025 21:26:05;Ja;21.02.2025 21:26:05
[21:21:10] *** World Rights ***;[21:21:10] *** World Rights ***;21.02.2025 21:22:09;Ja;21.02.2025 21:22:09
[21:00:31] *** World Rights ***;[21:00:31] *** World Rights ***;21.02.2025 21:00:57;Ja;21.02.2025 21:00:57
[20:52:34] *** World Rights ***;[20:52:34] *** World Rights ***;21.02.2025 20:55:04;Ja;21.02.2025 20:55:04
[20:35:06] *** World Rights ***;[20:35:06] *** World Rights ***;21.02.2025 20:41:51;Ja;21.02.2025 20:41:51
[20:38:28] *** World Rights ***;[20:38:28] *** World Rights ***;21.02.2025 20:41:12;Ja;21.02.2025 20:41:12
[20:24:09] *** World Rights ***;[20:24:09] *** World Rights ***;21.02.2025 20:25:28;Ja;21.02.2025 20:25:28
[20:02:47] *** World Rights ***;[20:02:47] *** World Rights ***;21.02.2025 20:11:14;Ja;21.02.2025 20:11:14
[19:57:46] *** World Rights ***;[19:57:46] *** World Rights ***;21.02.2025 20:01:31;Ja;21.02.2025 20:01:31
[19:46:26] World Rights Except UK and Ireland * GBROUT IRLOUT;[19:46:26] World Rights Except UK and Ireland * GBROUT IRLOUT;21.02.2025 19:56:19;Ja;21.02.2025 19:56:19
[19:50:30] *** World Rights ***;[19:50:30] *** World Rights ***;21.02.2025 19:53:25;Ja;21.02.2025 19:53:25
[19:48:30] *** World Rights ***;[19:48:30] *** World Rights ***;21.02.2025 19:53:03;Ja;21.02.2025 19:53:03
[19:41:32] *** World Rights ***;[19:41:32] *** World Rights ***;21.02.2025 19:45:51;Ja;21.02.2025 19:45:51
[19:37:37] *** World Rights ***;[19:37:37] *** World Rights ***;21.02.2025 19:42:11;Ja;21.02.2025 19:42:11
[19:18:08] *** World Rights ***;[19:18:08] *** World Rights ***;21.02.2025 19:23:41;Ja;21.02.2025 19:23:41
[19:17:21] World Rights Except UK and Ireland * GBROUT IRLOUT;[19:17:21] World Rights Except UK and Ireland * GBROUT IRLOUT;21.02.2025 19:23:23;Ja;21.02.2025 19:23:23
[19:17:46] World Rights Except UK and Ireland * GBROUT IRLOUT;[19:17:46] World Rights Except UK and Ireland * GBROUT IRLOUT;21.02.2025 19:21:05;Ja;21.02.2025 19:21:05
[18:59:03] *** World Rights ***;[18:59:03] *** World Rights ***;21.02.2025 19:07:57;Ja;21.02.2025 19:07:57
[19:00:31] *** World Rights ***;[19:00:31] *** World Rights ***;21.02.2025 19:07:04;Ja;21.02.2025 19:07:04
[19:04:30] *** World Rights ***;[19:04:30] *** World Rights ***;21.02.2025 19:06:36;Ja;21.02.2025 19:06:36
[18:56:27] *** Germany only ***;[18:56:27] *** Germany only ***;21.02.2025 19:03:23;Ja;21.02.2025 19:03:23
[18:43:24] *** World Rights ***;[18:43:24] *** World Rights ***;21.02.2025 18:50:20;Ja;21.02.2025 18:50:20
[18:42:46] *** World Rights ***;[18:42:46] *** World Rights ***;21.02.2025 18:50:11;Ja;21.02.2025 18:50:11
[18:09:07] World Rights Except UK and Ireland * GBROUT IRLOUT;[18:09:07] World Rights Except UK and Ireland * GBROUT IRLOUT;21.02.2025 18:14:33;Ja;21.02.2025 18:14:33
[17:58:15] World Rights Except UK and Ireland * GBROUT IRLOUT;[17:58:15] World Rights Except UK and Ireland * GBROUT IRLOUT;21.02.2025 18:07:22;Ja;21.02.2025 18:07:22
[17:48:02] *** World Rights ***;[17:48:02] *** World Rights ***;21.02.2025 17:56:34;Ja;21.02.2025 17:56:34
[17:29:56] *** World Rights ***;[17:29:56] *** World Rights ***;21.02.2025 17:37:51;Ja;21.02.2025 17:37:51
[17:20:26] *** Germany only ***;[17:20:26] *** Germany only ***;21.02.2025 17:31:38;Ja;21.02.2025 17:31:38
[17:20:04] *** World Rights ***;[17:20:04] *** World Rights ***;21.02.2025 17:29:48;Ja;21.02.2025 17:29:48
[17:17:32] *** World Rights ***;[17:17:32] *** World Rights ***;21.02.2025 17:27:30;Ja;21.02.2025 17:27:30
[17:02:56] *** World Rights ***;[17:02:56] *** World Rights ***;21.02.2025 17:14:34;Ja;21.02.2025 17:14:34
[16:55:40] *** World Rights ***;[16:55:40] *** World Rights ***;21.02.2025 17:02:11;Ja;21.02.2025 17:02:11
[16:50:29] *** World Rights ***;[16:50:29] *** World Rights ***;21.02.2025 16:57:06;Ja;21.02.2025 16:57:06
[16:42:07] *** World Rights ***;[16:42:07] *** World Rights ***;21.02.2025 16:52:03;Ja;21.02.2025 16:52:03
[16:30:43] World Rights Except UK and Ireland * GBROUT IRLOUT;[16:30:43] World Rights Except UK and Ireland * GBROUT IRLOUT;21.02.2025 16:42:35;Ja;21.02.2025 16:42:35
[16:31:33] *** World Rights ***;[16:31:33] *** World Rights ***;21.02.2025 16:38:16;Ja;21.02.2025 16:38:16
[16:29:54] *** World Rights ***;[16:29:54] *** World Rights ***;21.02.2025 16:37:31;Ja;21.02.2025 16:37:31
[16:27:45] *** World Rights ***;[16:27:45] *** World Rights ***;21.02.2025 16:36:38;Ja;21.02.2025 16:36:38
[16:22:11] *** World Rights ***;[16:22:11] *** World Rights ***;21.02.2025 16:29:31;Ja;21.02.2025 16:29:31
[16:21:25] *** World Rights ***;[16:21:25] *** World Rights ***;21.02.2025 16:27:52;Ja;21.02.2025 16:27:52
[16:16:22] *** World Rights ***;[16:16:22] *** World Rights ***;21.02.2025 16:24:41;Ja;21.02.2025 16:24:41
[16:08:48] *** World Rights ***;[16:08:48] *** World Rights ***;21.02.2025 16:21:11;Ja;21.02.2025 16:21:11
[16:02:08] *** World Rights ***;[16:02:08] *** World Rights ***;21.02.2025 16:11:31;Ja;21.02.2025 16:11:31
[15:57:45] *** World Rights ***;[15:57:45] *** World Rights ***;21.02.2025 16:04:08;Ja;21.02.2025 16:04:08
[15:49:16] *** World Rights ***;[15:49:16] *** World Rights ***;21.02.2025 15:57:51;Ja;21.02.2025 15:57:51
[15:48:16] *** Germany only ***;[15:48:16] *** Germany only ***;21.02.2025 15:57:50;Ja;21.02.2025 15:57:50
[15:51:14] World Rights Except UK and Ireland * GBROUT IRLOUT;[15:51:14] World Rights Except UK and Ireland * GBROUT IRLOUT;21.02.2025 15:56:16;Ja;21.02.2025 15:56:16
[15:44:15] World Rights Except UK and Ireland * GBROUT IRLOUT;[15:44:15] World Rights Except UK and Ireland * GBROUT IRLOUT;21.02.2025 15:54:29;Ja;21.02.2025 15:54:29
[15:46:07] *** World Rights ***;[15:46:07] *** World Rights ***;21.02.2025 15:51:36;Ja;21.02.2025 15:51:36
[15:34:48] *** World Rights ***;[15:34:48] *** World Rights ***;21.02.2025 15:45:51;Ja;21.02.2025 15:45:51
[15:33:55] *** World Rights ***;[15:33:55] *** World Rights ***;21.02.2025 15:42:08;Ja;21.02.2025 15:42:08
[15:29:20] *** World Rights ***;[15:29:20] *** World Rights ***;21.02.2025 15:35:21;Ja;21.02.2025 15:35:21
[15:01:58] *** World Rights ***;[15:01:58] *** World Rights ***;21.02.2025 15:09:32;Ja;21.02.2025 15:09:32
[14:58:18] *** World Rights ***;[14:58:18] *** World Rights ***;21.02.2025 15:03:40;Ja;21.02.2025 15:03:40
[14:48:31] *** World Rights ***;[14:48:31] *** World Rights ***;21.02.2025 14:52:53;Ja;21.02.2025 14:52:53
[14:43:53] *** World Rights ***;[14:43:53] *** World Rights ***;21.02.2025 14:48:44;Ja;21.02.2025 14:48:44
[14:44:20] World Rights Except UK and Ireland * GBROUT IRLOUT;[14:44:20] World Rights Except UK and Ireland * GBROUT IRLOUT;21.02.2025 14:47:45;Ja;21.02.2025 14:47:45
[14:40:13] *** World Rights ***;[14:40:13] *** World Rights ***;21.02.2025 14:45:41;Ja;21.02.2025 14:45:41
[14:31:19] *** World Rights ***;[14:31:19] *** World Rights ***;21.02.2025 14:40:42;Ja;21.02.2025 14:40:42
[14:30:54] *** World Rights ***;[14:30:54] *** World Rights ***;21.02.2025 14:38:48;Ja;21.02.2025 14:38:48
[14:31:54] *** World Rights ***;[14:31:54] *** World Rights ***;21.02.2025 14:34:37;Ja;21.02.2025 14:34:37
[14:29:31] *** World Rights ***;[14:29:31] *** World Rights ***;21.02.2025 14:32:19;Ja;21.02.2025 14:32:19
[14:25:33] *** World Rights ***;[14:25:33] *** World Rights ***;21.02.2025 14:31:44;Ja;21.02.2025 14:31:44
[14:26:58] *** World Rights ***;[14:26:58] *** World Rights ***;21.02.2025 14:29:13;Ja;21.02.2025 14:29:13
[14:18:52] *** World Rights ***;[14:18:52] *** World Rights ***;21.02.2025 14:24:21;Ja;21.02.2025 14:24:21
[14:10:14] *** World Rights ***;[14:10:14] *** World Rights ***;21.02.2025 14:19:49;Ja;21.02.2025 14:19:49
[14:05:29] *** World Rights ***;[14:05:29] *** World Rights ***;21.02.2025 14:11:36;Ja;21.02.2025 14:11:36
[14:08:10] *** World Rights ***;[14:08:10] *** World Rights ***;21.02.2025 14:10:41;Ja;21.02.2025 14:10:41
[14:04:40] World Rights Except UK and Ireland * GBROUT IRLOUT;[14:04:40] World Rights Except UK and Ireland * GBROUT IRLOUT;21.02.2025 14:08:10;Ja;21.02.2025 14:08:10
[13:54:11] *** World Rights ***;[13:54:11] *** World Rights ***;21.02.2025 13:58:29;Ja;21.02.2025 13:58:29
[13:45:52] *** World Rights ***;[13:45:52] *** World Rights ***;21.02.2025 13:49:54;Ja;21.02.2025 13:49:54
[13:28:04] *** World Rights ***;[13:28:04] *** World Rights ***;21.02.2025 13:33:43;Ja;21.02.2025 13:33:43
[13:03:58] *** Germany only ***;[13:03:58] *** Germany only ***;21.02.2025 13:09:29;Ja;21.02.2025 13:09:29
[13:01:08] World Rights Except UK and Ireland * GBROUT IRLOUT;[13:01:08] World Rights Except UK and Ireland * GBROUT IRLOUT;21.02.2025 13:06:20;Ja;21.02.2025 13:06:20
[13:00:44] *** World Rights ***;[13:00:44] *** World Rights ***;21.02.2025 13:02:27;Ja;21.02.2025 13:02:27
[12:58:17] *** Germany only ***;[12:58:17] *** Germany only ***;21.02.2025 12:59:29;Ja;21.02.2025 12:59:29
[12:33:50] *** World Rights ***;[12:33:50] *** World Rights ***;21.02.2025 12:35:58;Ja;21.02.2025 12:35:58
[12:30:22] *** World Rights ***;[12:30:22] *** World Rights ***;21.02.2025 12:31:35;Ja;21.02.2025 12:31:35
[12:25:32] *** World Rights ***;[12:25:32] *** World Rights ***;21.02.2025 12:29:31;Ja;21.02.2025 12:29:31
[12:24:18] World Rights Except UK and Ireland * GBROUT IRLOUT;[12:24:18] World Rights Except UK and Ireland * GBROUT IRLOUT;21.02.2025 12:27:47;Ja;21.02.2025 12:27:47
[12:23:09] *** World Rights ***;[12:23:09] *** World Rights ***;21.02.2025 12:26:40;Ja;21.02.2025 12:26:40
[12:14:05] *** World Rights ***;[12:14:05] *** World Rights ***;21.02.2025 12:18:00;Ja;21.02.2025 12:18:00
[11:47:41] *** World Rights ***;[11:47:41] *** World Rights ***;21.02.2025 11:52:20;Ja;21.02.2025 11:52:20
[11:47:08] *** World Rights ***;[11:47:08] *** World Rights ***;21.02.2025 11:51:09;Ja;21.02.2025 11:51:09
[11:34:39] *** World Rights ***;[11:34:39] *** World Rights ***;21.02.2025 11:38:30;Ja;21.02.2025 11:38:30
[11:26:29] *** World Rights ***;[11:26:29] *** World Rights ***;21.02.2025 11:32:58;Ja;21.02.2025 11:32:58
[11:22:24] World Rights Except UK and Ireland * GBROUT IRLOUT;[11:22:24] World Rights Except UK and Ireland * GBROUT IRLOUT;21.02.2025 11:30:30;Ja;21.02.2025 11:30:30
[10:58:10] *** World Rights ***;[10:58:10] *** World Rights ***;21.02.2025 11:07:20;Ja;21.02.2025 11:07:20
[10:58:39] World Rights Except UK and Ireland * GBROUT IRLOUT;[10:58:39] World Rights Except UK and Ireland * GBROUT IRLOUT;21.02.2025 11:06:27;Ja;21.02.2025 11:06:27
[10:50:41] *** World Rights ***;[10:50:41] *** World Rights ***;21.02.2025 11:00:01;Ja;21.02.2025 11:00:01
[10:46:52] *** World Rights ***;[10:46:52] *** World Rights ***;21.02.2025 10:54:02;Ja;21.02.2025 10:54:02
[10:37:05] World Rights Except UK and Ireland * GBROUT IRLOUT;[10:37:05] World Rights Except UK and Ireland * GBROUT IRLOUT;21.02.2025 10:43:39;Ja;21.02.2025 10:43:39
[10:37:13] *** World Rights ***;[10:37:13] *** World Rights ***;21.02.2025 10:42:46;Ja;21.02.2025 10:42:46
[10:33:46] *** World Rights ***;[10:33:46] *** World Rights ***;21.02.2025 10:40:10;Ja;21.02.2025 10:40:10
[10:27:21] *** World Rights ***;[10:27:21] *** World Rights ***;21.02.2025 10:34:45;Ja;21.02.2025 10:34:45
[10:24:17] *** World Rights ***;[10:24:17] *** World Rights ***;21.02.2025 10:30:00;Ja;21.02.2025 10:30:00
[10:13:54] *** World Rights ***;[10:13:54] *** World Rights ***;21.02.2025 10:21:15;Ja;21.02.2025 10:21:15
[10:11:23] *** World Rights ***;[10:11:23] *** World Rights ***;21.02.2025 10:18:20;Ja;21.02.2025 10:18:20
[10:06:20] World Rights Except UK and Ireland * GBROUT IRLOUT;[10:06:20] World Rights Except UK and Ireland * GBROUT IRLOUT;21.02.2025 10:12:24;Ja;21.02.2025 10:12:24
[09:53:29] *** World Rights ***;[09:53:29] *** World Rights ***;21.02.2025 10:00:44;Ja;21.02.2025 10:00:44
[09:36:59] *** World Rights ***;[09:36:59] *** World Rights ***;21.02.2025 09:48:56;Ja;21.02.2025 09:48:56
[09:40:17] World Rights Except UK and Ireland * GBROUT IRLOUT;[09:40:17] World Rights Except UK and Ireland * GBROUT IRLOUT;21.02.2025 09:48:06;Ja;21.02.2025 09:48:06
[09:34:50] *** World Rights ***;[09:34:50] *** World Rights ***;21.02.2025 09:43:49;Ja;21.02.2025 09:43:49
[09:33:39] *** World Rights ***;[09:33:39] *** World Rights ***;21.02.2025 09:43:42;Ja;21.02.2025 09:43:42
[09:34:33] *** World Rights ***;[09:34:33] *** World Rights ***;21.02.2025 09:41:28;Ja;21.02.2025 09:41:28
[09:25:57] *** Germany only ***;[09:25:57] *** Germany only ***;21.02.2025 09:35:10;Ja;21.02.2025 09:35:10
[09:24:35] *** World Rights ***;[09:24:35] *** World Rights ***;21.02.2025 09:33:33;Ja;21.02.2025 09:33:33
[09:02:53] World Rights Except UK and Ireland * GBROUT IRLOUT;[09:02:53] World Rights Except UK and Ireland * GBROUT IRLOUT;21.02.2025 09:09:53;Ja;21.02.2025 09:09:53
[09:02:13] *** World Rights ***;[09:02:13] *** World Rights ***;21.02.2025 09:09:39;Ja;21.02.2025 09:09:39
[08:59:39] World Rights Except UK and Ireland * GBROUT IRLOUT;[08:59:39] World Rights Except UK and Ireland * GBROUT IRLOUT;21.02.2025 09:04:37;Ja;21.02.2025 09:04:37
[08:34:12] *** World Rights ***;[08:34:12] *** World Rights ***;21.02.2025 08:46:48;Ja;21.02.2025 08:46:48
[08:34:07] *** World Rights ***;[08:34:07] *** World Rights ***;21.02.2025 08:40:45;Ja;21.02.2025 08:40:45
[08:29:38] *** Germany only ***;[08:29:38] *** Germany only ***;21.02.2025 08:33:13;Ja;21.02.2025 08:33:13
[08:16:18] *** World Rights ***;[08:16:18] *** World Rights ***;21.02.2025 08:27:13;Ja;21.02.2025 08:27:13
[08:19:26] *** World Rights ***;[08:19:26] *** World Rights ***;21.02.2025 08:26:04;Ja;21.02.2025 08:26:04
[08:11:07] *** World Rights ***;[08:11:07] *** World Rights ***;21.02.2025 08:21:58;Ja;21.02.2025 08:21:58
[08:11:44] World Rights Except UK and Ireland * GBROUT IRLOUT;[08:11:44] World Rights Except UK and Ireland * GBROUT IRLOUT;21.02.2025 08:17:05;Ja;21.02.2025 08:17:05
[08:04:22] *** World Rights ***;[08:04:22] *** World Rights ***;21.02.2025 08:15:36;Ja;21.02.2025 08:15:36
[08:08:39] *** World Rights ***;[08:08:39] *** World Rights ***;21.02.2025 08:14:43;Ja;21.02.2025 08:14:43
[08:08:58] *** World Rights ***;[08:08:58] *** World Rights ***;21.02.2025 08:12:18;Ja;21.02.2025 08:12:18
[07:40:37] *** World Rights ***;[07:40:37] *** World Rights ***;21.02.2025 07:42:31;Ja;21.02.2025 07:42:31
[07:05:59] *** World Rights ***;[07:05:59] *** World Rights ***;21.02.2025 07:13:48;Ja;21.02.2025 07:13:48
[07:06:51] *** World Rights ***;[07:06:51] *** World Rights ***;21.02.2025 07:11:47;Ja;21.02.2025 07:11:47
[06:59:03] *** World Rights ***;[06:59:03] *** World Rights ***;21.02.2025 07:00:00;Ja;21.02.2025 07:00:00
[06:44:44] *** World Rights ***;[06:44:44] *** World Rights ***;21.02.2025 06:45:22;Ja;21.02.2025 06:45:22
[06:12:47] *** Germany only ***;[06:12:47] *** Germany only ***;21.02.2025 06:14:46;Ja;21.02.2025 06:14:46
[06:07:04] *** World Rights ***;[06:07:04] *** World Rights ***;21.02.2025 06:12:48;Ja;21.02.2025 06:12:48
[05:41:13] *** World Rights ***;[05:41:13] *** World Rights ***;21.02.2025 05:41:40;Ja;21.02.2025 05:41:40
[02:58:08] *** World Rights ***;[02:58:08] *** World Rights ***;21.02.2025 03:01:18;Ja;21.02.2025 03:01:18
[02:28:16] *** World Rights ***;[02:28:16] *** World Rights ***;21.02.2025 02:29:05;Ja;21.02.2025 02:29:05
[02:23:30] *** World Rights ***;[02:23:30] *** World Rights ***;21.02.2025 02:24:44;Ja;21.02.2025 02:24:44
[01:06:04] *** World Rights ***;[01:06:04] *** World Rights ***;21.02.2025 01:09:30;Ja;21.02.2025 01:09:30
[00:36:40] *** World Rights ***;[00:36:40] *** World Rights ***;21.02.2025 00:42:55;Ja;21.02.2025 00:42:55
[23:30:23] *** World Rights ***;[23:30:23] *** World Rights ***;20.02.2025 23:31:54;Ja;20.02.2025 23:31:54
[23:10:21] World Rights Except UK and Ireland * GBROUT IRLOUT;[23:10:21] World Rights Except UK and Ireland * GBROUT IRLOUT;20.02.2025 23:11:12;Ja;20.02.2025 23:11:12
[23:04:26] *** World Rights ***;[23:04:26] *** World Rights ***;20.02.2025 23:09:07;Ja;20.02.2025 23:09:07
[23:03:46] *** World Rights ***;[23:03:46] *** World Rights ***;20.02.2025 23:08:06;Ja;20.02.2025 23:08:06
[22:49:18] *** World Rights ***;[22:49:18] *** World Rights ***;20.02.2025 22:53:22;Ja;20.02.2025 22:53:22
[22:24:26] *** World Rights ***;[22:24:26] *** World Rights ***;20.02.2025 22:26:02;Ja;20.02.2025 22:26:02
[22:02:20] *** World Rights ***;[22:02:20] *** World Rights ***;20.02.2025 22:05:59;Ja;20.02.2025 22:05:59
[22:02:50] *** World Rights ***;[22:02:50] *** World Rights ***;20.02.2025 22:03:05;Ja;20.02.2025 22:03:05
[21:49:20] *** World Rights ***;[21:49:20] *** World Rights ***;20.02.2025 21:50:25;Ja;20.02.2025 21:50:25
[21:27:30] *** World Rights ***;[21:27:30] *** World Rights ***;20.02.2025 21:30:22;Ja;20.02.2025 21:30:22
[21:17:17] World Rights Except UK and Ireland * GBROUT IRLOUT;[21:17:17] World Rights Except UK and Ireland * GBROUT IRLOUT;20.02.2025 21:19:17;Ja;20.02.2025 21:19:17
[21:03:56] *** World Rights ***;[21:03:56] *** World Rights ***;20.02.2025 21:06:39;Ja;20.02.2025 21:06:39
[20:52:37] *** World Rights ***;[20:52:37] *** World Rights ***;20.02.2025 20:55:21;Ja;20.02.2025 20:55:21
[20:48:19] *** World Rights ***;[20:48:19] *** World Rights ***;20.02.2025 20:51:37;Ja;20.02.2025 20:51:37
[20:42:13] *** World Rights ***;[20:42:13] *** World Rights ***;20.02.2025 20:44:23;Ja;20.02.2025 20:44:23
[20:20:58] *** World Rights ***;[20:20:58] *** World Rights ***;20.02.2025 20:23:27;Ja;20.02.2025 20:23:27
[20:20:09] World Rights Except UK and Ireland * GBROUT IRLOUT;[20:20:09] World Rights Except UK and Ireland * GBROUT IRLOUT;20.02.2025 20:22:34;Ja;20.02.2025 20:22:34
[20:10:12] *** World Rights ***;[20:10:12] *** World Rights ***;20.02.2025 20:13:37;Ja;20.02.2025 20:13:37
[20:07:56] *** World Rights ***;[20:07:56] *** World Rights ***;20.02.2025 20:11:17;Ja;20.02.2025 20:11:17
[19:53:53] World Rights Except UK and Ireland * GBROUT IRLOUT;[19:53:53] World Rights Except UK and Ireland * GBROUT IRLOUT;20.02.2025 19:59:39;Ja;20.02.2025 19:59:39
[19:24:35] *** World Rights ***;[19:24:35] *** World Rights ***;20.02.2025 19:29:48;Ja;20.02.2025 19:29:48
[19:02:52] *** World Rights ***;[19:02:52] *** World Rights ***;20.02.2025 19:05:54;Ja;20.02.2025 19:05:54
[18:56:18] *** World Rights ***;[18:56:18] *** World Rights ***;20.02.2025 19:04:45;Ja;20.02.2025 19:04:45
[18:52:23] *** World Rights ***;[18:52:23] *** World Rights ***;20.02.2025 19:00:10;Ja;20.02.2025 19:00:10
[18:51:15] *** World Rights ***;[18:51:15] *** World Rights ***;20.02.2025 18:58:28;Ja;20.02.2025 18:58:28
[18:45:48] *** World Rights ***;[18:45:48] *** World Rights ***;20.02.2025 18:53:59;Ja;20.02.2025 18:53:59
[18:44:12] *** World Rights ***;[18:44:12] *** World Rights ***;20.02.2025 18:51:54;Ja;20.02.2025 18:51:54
[18:35:59] *** World Rights ***;[18:35:59] *** World Rights ***;20.02.2025 18:49:24;Ja;20.02.2025 18:49:24
[18:33:56] *** World Rights ***;[18:33:56] *** World Rights ***;20.02.2025 18:41:49;Ja;20.02.2025 18:41:49
[18:30:20] *** World Rights ***;[18:30:20] *** World Rights ***;20.02.2025 18:36:56;Ja;20.02.2025 18:36:56
[17:59:38] *** World Rights ***;[17:59:38] *** World Rights ***;20.02.2025 18:13:16;Ja;20.02.2025 18:13:16
[18:01:28] World Rights Except UK and Ireland * GBROUT IRLOUT;[18:01:28] World Rights Except UK and Ireland * GBROUT IRLOUT;20.02.2025 18:08:02;Ja;20.02.2025 18:08:02
[17:55:34] *** World Rights ***;[17:55:34] *** World Rights ***;20.02.2025 18:06:21;Ja;20.02.2025 18:06:21
[17:55:00] World Rights Except UK and Ireland * GBROUT IRLOUT;[17:55:00] World Rights Except UK and Ireland * GBROUT IRLOUT;20.02.2025 18:04:12;Ja;20.02.2025 18:04:12
[17:47:02] *** World Rights ***;[17:47:02] *** World Rights ***;20.02.2025 18:03:44;Ja;20.02.2025 18:03:44
[16:13:55] *** World Rights ***;[16:13:55] *** World Rights ***;20.02.2025 17:51:39;Ja;20.02.2025 17:51:39
[17:36:45] *** World Rights ***;[17:36:45] *** World Rights ***;20.02.2025 17:45:49;Ja;20.02.2025 17:45:49
[17:32:30] *** World Rights ***;[17:32:30] *** World Rights ***;20.02.2025 17:42:44;Ja;20.02.2025 17:42:44
[17:26:14] *** World Rights ***;[17:26:14] *** World Rights ***;20.02.2025 17:37:09;Ja;20.02.2025 17:37:09
[17:19:52] World Rights Except UK and Ireland * GBROUT IRLOUT;[17:19:52] World Rights Except UK and Ireland * GBROUT IRLOUT;20.02.2025 17:28:23;Ja;20.02.2025 17:28:23
[17:15:00] *** World Rights ***;[17:15:00] *** World Rights ***;20.02.2025 17:27:07;Ja;20.02.2025 17:27:07
[16:56:05] *** World Rights ***;[16:56:05] *** World Rights ***;20.02.2025 17:05:05;Ja;20.02.2025 17:05:05
[16:51:52] *** World Rights ***;[16:51:52] *** World Rights ***;20.02.2025 17:02:14;Ja;20.02.2025 17:02:14
[16:39:10] *** World Rights ***;[16:39:10] *** World Rights ***;20.02.2025 16:53:48;Ja;20.02.2025 16:53:48
[16:39:30] *** World Rights ***;[16:39:30] *** World Rights ***;20.02.2025 16:50:31;Ja;20.02.2025 16:50:31
[16:39:38] *** World Rights ***;[16:39:38] *** World Rights ***;20.02.2025 16:47:24;Ja;20.02.2025 16:47:24
[16:33:04] *** World Rights ***;[16:33:04] *** World Rights ***;20.02.2025 16:43:56;Ja;20.02.2025 16:43:56
[16:35:21] *** World Rights ***;[16:35:21] *** World Rights ***;20.02.2025 16:42:08;Ja;20.02.2025 16:42:08
[16:21:13] *** World Rights ***;[16:21:13] *** World Rights ***;20.02.2025 16:32:23;Ja;20.02.2025 16:32:23
[16:22:43] *** World Rights ***;[16:22:43] *** World Rights ***;20.02.2025 16:29:37;Ja;20.02.2025 16:29:37
[16:09:20] *** Germany only ***;[16:09:20] *** Germany only ***;20.02.2025 16:24:15;Ja;20.02.2025 16:24:15
[16:16:15] *** World Rights ***;[16:16:15] *** World Rights ***;20.02.2025 16:23:20;Ja;20.02.2025 16:23:20
[16:13:59] *** World Rights ***;[16:13:59] *** World Rights ***;20.02.2025 16:23:16;Ja;20.02.2025 16:23:16
[16:08:00] *** World Rights ***;[16:08:00] *** World Rights ***;20.02.2025 16:14:59;Ja;20.02.2025 16:14:59
[16:04:30] *** World Rights ***;[16:04:30] *** World Rights ***;20.02.2025 16:11:21;Ja;20.02.2025 16:11:21
[15:44:48] World Rights Except UK and Ireland * GBROUT IRLOUT;[15:44:48] World Rights Except UK and Ireland * GBROUT IRLOUT;20.02.2025 15:59:33;Ja;20.02.2025 15:59:33
[15:50:12] World Rights Except UK and Ireland * GBROUT IRLOUT;[15:50:12] World Rights Except UK and Ireland * GBROUT IRLOUT;20.02.2025 15:54:58;Ja;20.02.2025 15:54:58
[15:46:09] *** World Rights ***;[15:46:09] *** World Rights ***;20.02.2025 15:51:18;Ja;20.02.2025 15:51:18
[15:42:28] *** World Rights ***;[15:42:28] *** World Rights ***;20.02.2025 15:50:21;Ja;20.02.2025 15:50:21
[15:41:53] World Rights Except UK and Ireland * GBROUT IRLOUT;[15:41:53] World Rights Except UK and Ireland * GBROUT IRLOUT;20.02.2025 15:46:34;Ja;20.02.2025 15:46:34
[15:26:36] *** World Rights ***;[15:26:36] *** World Rights ***;20.02.2025 15:34:32;Ja;20.02.2025 15:34:32
[15:25:58] *** World Rights ***;[15:25:58] *** World Rights ***;20.02.2025 15:31:12;Ja;20.02.2025 15:31:12
[15:22:52] *** World Rights ***;[15:22:52] *** World Rights ***;20.02.2025 15:28:23;Ja;20.02.2025 15:28:23
[15:13:44] World Rights Except UK and Ireland * GBROUT IRLOUT;[15:13:44] World Rights Except UK and Ireland * GBROUT IRLOUT;20.02.2025 15:20:09;Ja;20.02.2025 15:20:09
[15:10:25] *** World Rights ***;[15:10:25] *** World Rights ***;20.02.2025 15:18:52;Ja;20.02.2025 15:18:52
[15:06:38] *** World Rights ***;[15:06:38] *** World Rights ***;20.02.2025 15:13:52;Ja;20.02.2025 15:13:52
[15:01:17] *** World Rights ***;[15:01:17] *** World Rights ***;20.02.2025 15:06:40;Ja;20.02.2025 15:06:40
[14:45:45] *** World Rights ***;[14:45:45] *** World Rights ***;20.02.2025 14:50:39;Ja;20.02.2025 14:50:39
[14:41:47] World Rights Except UK and Ireland * GBROUT IRLOUT;[14:41:47] World Rights Except UK and Ireland * GBROUT IRLOUT;20.02.2025 14:45:27;Ja;20.02.2025 14:45:27
[14:34:38] World Rights Except UK and Ireland * GBROUT IRLOUT;[14:34:38] World Rights Except UK and Ireland * GBROUT IRLOUT;20.02.2025 14:43:30;Ja;20.02.2025 14:43:30
[14:37:56] *** World Rights ***;[14:37:56] *** World Rights ***;20.02.2025 14:40:03;Ja;20.02.2025 14:40:03
[14:26:06] *** World Rights ***;[14:26:06] *** World Rights ***;20.02.2025 14:33:53;Ja;20.02.2025 14:33:53
[14:20:12] *** World Rights ***;[14:20:12] *** World Rights ***;20.02.2025 14:23:33;Ja;20.02.2025 14:23:33
[14:19:12] *** World Rights ***;[14:19:12] *** World Rights ***;20.02.2025 14:21:50;Ja;20.02.2025 14:21:50
[14:15:49] *** World Rights ***;[14:15:49] *** World Rights ***;20.02.2025 14:20:19;Ja;20.02.2025 14:20:19
[14:10:37] *** World Rights ***;[14:10:37] *** World Rights ***;20.02.2025 14:14:52;Ja;20.02.2025 14:14:52
[14:06:43] *** World Rights ***;[14:06:43] *** World Rights ***;20.02.2025 14:10:36;Ja;20.02.2025 14:10:36
[14:03:26] *** World Rights ***;[14:03:26] *** World Rights ***;20.02.2025 14:07:13;Ja;20.02.2025 14:07:13
[14:00:59] *** World Rights ***;[14:00:59] *** World Rights ***;20.02.2025 14:04:49;Ja;20.02.2025 14:04:49
[13:47:58] *** World Rights ***;[13:47:58] *** World Rights ***;20.02.2025 13:54:38;Ja;20.02.2025 13:54:38
[13:52:03] *** World Rights ***;[13:52:03] *** World Rights ***;20.02.2025 13:54:27;Ja;20.02.2025 13:54:27
[13:31:25] World Rights Except UK and Ireland * GBROUT IRLOUT;[13:31:25] World Rights Except UK and Ireland * GBROUT IRLOUT;20.02.2025 13:33:20;Ja;20.02.2025 13:33:20
[13:28:36] *** World Rights ***;[13:28:36] *** World Rights ***;20.02.2025 13:33:12;Ja;20.02.2025 13:33:12
[13:26:23] *** World Rights ***;[13:26:23] *** World Rights ***;20.02.2025 13:29:10;Ja;20.02.2025 13:29:10
[13:13:17] *** World Rights ***;[13:13:17] *** World Rights ***;20.02.2025 13:16:41;Ja;20.02.2025 13:16:41
[12:58:02] *** World Rights ***;[12:58:02] *** World Rights ***;20.02.2025 13:06:31;Ja;20.02.2025 13:06:31
[12:40:12] *** World Rights ***;[12:40:12] *** World Rights ***;20.02.2025 12:42:05;Ja;20.02.2025 12:42:05
[12:27:01] *** World Rights ***;[12:27:01] *** World Rights ***;20.02.2025 12:32:14;Ja;20.02.2025 12:32:14
[12:26:34] *** World Rights ***;[12:26:34] *** World Rights ***;20.02.2025 12:27:58;Ja;20.02.2025 12:27:58
[12:18:50] *** World Rights ***;[12:18:50] *** World Rights ***;20.02.2025 12:23:29;Ja;20.02.2025 12:23:29
[12:15:53] *** World Rights ***;[12:15:53] *** World Rights ***;20.02.2025 12:18:15;Ja;20.02.2025 12:18:15
[12:09:50] *** World Rights ***;[12:09:50] *** World Rights ***;20.02.2025 12:11:32;Ja;20.02.2025 12:11:32
[12:05:24] *** World Rights ***;[12:05:24] *** World Rights ***;20.02.2025 12:11:20;Ja;20.02.2025 12:11:20
[11:49:27] *** World Rights ***;[11:49:27] *** World Rights ***;20.02.2025 11:57:17;Ja;20.02.2025 11:57:17
[11:33:49] *** Germany only ***;[11:33:49] *** Germany only ***;20.02.2025 11:40:50;Ja;20.02.2025 11:40:50
[11:21:58] *** World Rights ***;[11:21:58] *** World Rights ***;20.02.2025 11:26:39;Ja;20.02.2025 11:26:39
[11:23:19] *** World Rights ***;[11:23:19] *** World Rights ***;20.02.2025 11:26:33;Ja;20.02.2025 11:26:33
[11:15:22] *** World Rights ***;[11:15:22] *** World Rights ***;20.02.2025 11:20:11;Ja;20.02.2025 11:20:11
[11:17:02] *** World Rights ***;[11:17:02] *** World Rights ***;20.02.2025 11:19:23;Ja;20.02.2025 11:19:23
[11:12:29] *** World Rights ***;[11:12:29] *** World Rights ***;20.02.2025 11:17:22;Ja;20.02.2025 11:17:22
[11:00:28] *** World Rights ***;[11:00:28] *** World Rights ***;20.02.2025 11:06:13;Ja;20.02.2025 11:06:13
[10:55:50] *** World Rights ***;[10:55:50] *** World Rights ***;20.02.2025 11:05:34;Ja;20.02.2025 11:05:34
[10:55:01] *** World Rights ***;[10:55:01] *** World Rights ***;20.02.2025 11:02:48;Ja;20.02.2025 11:02:48
[10:54:54] *** World Rights ***;[10:54:54] *** World Rights ***;20.02.2025 11:00:36;Ja;20.02.2025 11:00:36
[10:51:52] *** World Rights ***;[10:51:52] *** World Rights ***;20.02.2025 10:57:41;Ja;20.02.2025 10:57:41
[10:40:21] *** World Rights ***;[10:40:21] *** World Rights ***;20.02.2025 10:50:30;Ja;20.02.2025 10:50:30
[10:27:25] *** World Rights ***;[10:27:25] *** World Rights ***;20.02.2025 10:34:11;Ja;20.02.2025 10:34:11
[10:19:51] World Rights Except UK and Ireland * GBROUT IRLOUT;[10:19:51] World Rights Except UK and Ireland * GBROUT IRLOUT;20.02.2025 10:28:59;Ja;20.02.2025 10:28:59
[10:21:18] *** World Rights ***;[10:21:18] *** World Rights ***;20.02.2025 10:26:46;Ja;20.02.2025 10:26:46
[10:09:59] *** World Rights ***;[10:09:59] *** World Rights ***;20.02.2025 10:19:36;Ja;20.02.2025 10:19:36
[10:06:26] *** World Rights ***;[10:06:26] *** World Rights ***;20.02.2025 10:18:36;Ja;20.02.2025 10:18:36
[09:55:13] *** World Rights ***;[09:55:13] *** World Rights ***;20.02.2025 10:13:24;Ja;20.02.2025 10:13:24
[10:03:26] *** World Rights ***;[10:03:26] *** World Rights ***;20.02.2025 10:13:12;Ja;20.02.2025 10:13:12
[09:58:53] *** World Rights ***;[09:58:53] *** World Rights ***;20.02.2025 10:05:42;Ja;20.02.2025 10:05:42
[09:54:34] *** World Rights ***;[09:54:34] *** World Rights ***;20.02.2025 10:04:04;Ja;20.02.2025 10:04:04
[09:50:21] *** World Rights ***;[09:50:21] *** World Rights ***;20.02.2025 09:58:13;Ja;20.02.2025 09:58:13
[09:46:05] *** World Rights ***;[09:46:05] *** World Rights ***;20.02.2025 09:57:58;Ja;20.02.2025 09:57:58
[09:44:44] *** World Rights ***;[09:44:44] *** World Rights ***;20.02.2025 09:51:22;Ja;20.02.2025 09:51:22
[09:41:26] *** World Rights ***;[09:41:26] *** World Rights ***;20.02.2025 09:50:49;Ja;20.02.2025 09:50:49
[09:37:27] *** World Rights ***;[09:37:27] *** World Rights ***;20.02.2025 09:44:01;Ja;20.02.2025 09:44:01
[09:34:44] *** World Rights ***;[09:34:44] *** World Rights ***;20.02.2025 09:43:40;Ja;20.02.2025 09:43:40
[09:32:05] *** World Rights ***;[09:32:05] *** World Rights ***;20.02.2025 09:38:48;Ja;20.02.2025 09:38:48
[09:23:10] *** World Rights ***;[09:23:10] *** World Rights ***;20.02.2025 09:31:03;Ja;20.02.2025 09:31:03
[09:21:26] *** Germany only ***;[09:21:26] *** Germany only ***;20.02.2025 09:29:11;Ja;20.02.2025 09:29:11
[09:21:57] *** World Rights ***;[09:21:57] *** World Rights ***;20.02.2025 09:28:45;Ja;20.02.2025 09:28:45
[09:15:30] *** World Rights ***;[09:15:30] *** World Rights ***;20.02.2025 09:23:16;Ja;20.02.2025 09:23:16
[09:12:27] *** World Rights ***;[09:12:27] *** World Rights ***;20.02.2025 09:20:26;Ja;20.02.2025 09:20:26
[09:10:20] *** World Rights ***;[09:10:20] *** World Rights ***;20.02.2025 09:18:02;Ja;20.02.2025 09:18:02
[09:07:27] *** World Rights ***;[09:07:27] *** World Rights ***;20.02.2025 09:15:21;Ja;20.02.2025 09:15:21
[09:02:28] *** World Rights ***;[09:02:28] *** World Rights ***;20.02.2025 09:09:45;Ja;20.02.2025 09:09:45
[08:52:50] *** World Rights ***;[08:52:50] *** World Rights ***;20.02.2025 08:59:03;Ja;20.02.2025 08:59:03
[08:40:16] *** World Rights ***;[08:40:16] *** World Rights ***;20.02.2025 08:45:18;Ja;20.02.2025 08:45:18
[08:26:21] *** World Rights ***;[08:26:21] *** World Rights ***;20.02.2025 08:34:21;Ja;20.02.2025 08:34:21
[08:11:03] *** World Rights ***;[08:11:03] *** World Rights ***;20.02.2025 08:16:18;Ja;20.02.2025 08:16:18
[08:01:59] *** World Rights ***;[08:01:59] *** World Rights ***;20.02.2025 08:06:31;Ja;20.02.2025 08:06:31
[07:59:15] *** World Rights ***;[07:59:15] *** World Rights ***;20.02.2025 08:01:48;Ja;20.02.2025 08:01:48
[07:42:24] *** World Rights ***;[07:42:24] *** World Rights ***;20.02.2025 07:46:10;Ja;20.02.2025 07:46:10
[07:43:59] World Rights Except UK and Ireland * GBROUT IRLOUT;[07:43:59] World Rights Except UK and Ireland * GBROUT IRLOUT;20.02.2025 07:45:15;Ja;20.02.2025 07:45:15
[07:17:10] *** World Rights ***;[07:17:10] *** World Rights ***;20.02.2025 07:21:57;Ja;20.02.2025 07:21:57
[07:18:48] World Rights Except UK and Ireland * GBROUT IRLOUT;[07:18:48] World Rights Except UK and Ireland * GBROUT IRLOUT;20.02.2025 07:21:54;Ja;20.02.2025 07:21:54
[07:13:42] World Rights Except UK and Ireland * GBROUT IRLOUT;[07:13:42] World Rights Except UK and Ireland * GBROUT IRLOUT;20.02.2025 07:20:43;Ja;20.02.2025 07:20:43
[07:11:43] *** World Rights ***;[07:11:43] *** World Rights ***;20.02.2025 07:17:09;Ja;20.02.2025 07:17:09
[07:11:42] *** World Rights ***;[07:11:42] *** World Rights ***;20.02.2025 07:14:44;Ja;20.02.2025 07:14:44
[06:54:24] *** World Rights ***;[06:54:24] *** World Rights ***;20.02.2025 07:00:11;Ja;20.02.2025 07:00:11
[06:53:24] *** World Rights ***;[06:53:24] *** World Rights ***;20.02.2025 06:59:06;Ja;20.02.2025 06:59:06
[06:08:27] *** World Rights ***;[06:08:27] *** World Rights ***;20.02.2025 06:14:03;Ja;20.02.2025 06:14:03
[02:59:57] *** World Rights ***;[02:59:57] *** World Rights ***;20.02.2025 03:09:53;Ja;20.02.2025 03:09:53
[02:59:19] *** Germany only ***;[02:59:19] *** Germany only ***;20.02.2025 03:00:49;Ja;20.02.2025 03:00:49
[01:38:16] World Rights Except UK and Ireland * GBROUT IRLOUT;[01:38:16] World Rights Except UK and Ireland * GBROUT IRLOUT;20.02.2025 01:42:09;Ja;20.02.2025 01:42:09
[00:31:43] *** World Rights ***;[00:31:43] *** World Rights ***;20.02.2025 00:32:19;Ja;20.02.2025 00:32:19
[00:28:07] *** World Rights ***;[00:28:07] *** World Rights ***;20.02.2025 00:30:26;Ja;20.02.2025 00:30:26
[23:53:46] *** World Rights ***;[23:53:46] *** World Rights ***;19.02.2025 23:56:37;Ja;19.02.2025 23:56:37
[23:37:27] World Rights Except UK and Ireland * GBROUT IRLOUT;[23:37:27] World Rights Except UK and Ireland * GBROUT IRLOUT;19.02.2025 23:40:09;Ja;19.02.2025 23:40:09
[22:46:26] World Rights Except UK and Ireland * GBROUT IRLOUT;[22:46:26] World Rights Except UK and Ireland * GBROUT IRLOUT;19.02.2025 22:49:27;Ja;19.02.2025 22:49:27
[22:38:45] *** Germany only ***;[22:38:45] *** Germany only ***;19.02.2025 22:46:48;Ja;19.02.2025 22:46:48
[21:46:12] *** World Rights ***;[21:46:12] *** World Rights ***;19.02.2025 21:53:41;Ja;19.02.2025 21:53:41
[21:39:46] *** World Rights ***;[21:39:46] *** World Rights ***;19.02.2025 21:44:59;Ja;19.02.2025 21:44:59
[21:11:03] *** World Rights ***;[21:11:03] *** World Rights ***;19.02.2025 21:12:46;Ja;19.02.2025 21:12:46
[20:49:07] *** World Rights ***;[20:49:07] *** World Rights ***;19.02.2025 20:52:11;Ja;19.02.2025 20:52:11
[20:42:20] *** Germany only ***;[20:42:20] *** Germany only ***;19.02.2025 20:47:36;Ja;19.02.2025 20:47:36
[20:35:58] *** World Rights ***;[20:35:58] *** World Rights ***;19.02.2025 20:42:02;Ja;19.02.2025 20:42:02
[20:36:20] *** World Rights ***;[20:36:20] *** World Rights ***;19.02.2025 20:39:47;Ja;19.02.2025 20:39:47
[20:20:54] *** World Rights ***;[20:20:54] *** World Rights ***;19.02.2025 20:23:14;Ja;19.02.2025 20:23:14
[19:56:26] *** World Rights ***;[19:56:26] *** World Rights ***;19.02.2025 20:04:58;Ja;19.02.2025 20:04:58
[19:48:25] *** World Rights ***;[19:48:25] *** World Rights ***;19.02.2025 19:59:09;Ja;19.02.2025 19:59:09
[19:37:33] *** World Rights ***;[19:37:33] *** World Rights ***;19.02.2025 19:45:07;Ja;19.02.2025 19:45:07
[19:20:25] *** World Rights ***;[19:20:25] *** World Rights ***;19.02.2025 19:24:52;Ja;19.02.2025 19:24:52
[19:18:45] World Rights Except UK and Ireland * GBROUT IRLOUT;[19:18:45] World Rights Except UK and Ireland * GBROUT IRLOUT;19.02.2025 19:21:58;Ja;19.02.2025 19:21:58
[19:08:39] *** World Rights ***;[19:08:39] *** World Rights ***;19.02.2025 19:13:12;Ja;19.02.2025 19:13:12
[19:07:09] *** World Rights ***;[19:07:09] *** World Rights ***;19.02.2025 19:11:50;Ja;19.02.2025 19:11:50
[18:56:10] *** World Rights ***;[18:56:10] *** World Rights ***;19.02.2025 19:05:14;Ja;19.02.2025 19:05:14
[19:00:46] *** World Rights ***;[19:00:46] *** World Rights ***;19.02.2025 19:04:26;Ja;19.02.2025 19:04:26
[18:55:01] *** World Rights ***;[18:55:01] *** World Rights ***;19.02.2025 19:03:38;Ja;19.02.2025 19:03:38
[18:51:56] *** World Rights ***;[18:51:56] *** World Rights ***;19.02.2025 19:03:16;Ja;19.02.2025 19:03:16
[18:37:15] *** World Rights ***;[18:37:15] *** World Rights ***;19.02.2025 18:45:55;Ja;19.02.2025 18:45:55
[18:33:20] World Rights Except UK and Ireland * GBROUT IRLOUT;[18:33:20] World Rights Except UK and Ireland * GBROUT IRLOUT;19.02.2025 18:40:50;Ja;19.02.2025 18:40:50
[18:24:46] *** World Rights ***;[18:24:46] *** World Rights ***;19.02.2025 18:32:12;Ja;19.02.2025 18:32:12
[18:14:30] World Rights Except UK and Ireland * GBROUT IRLOUT;[18:14:30] World Rights Except UK and Ireland * GBROUT IRLOUT;19.02.2025 18:20:52;Ja;19.02.2025 18:20:52
[18:11:57] *** World Rights ***;[18:11:57] *** World Rights ***;19.02.2025 18:20:02;Ja;19.02.2025 18:20:02
[18:09:32] World Rights Except UK and Ireland * GBROUT IRLOUT;[18:09:32] World Rights Except UK and Ireland * GBROUT IRLOUT;19.02.2025 18:16:56;Ja;19.02.2025 18:16:56
[18:09:54] *** World Rights ***;[18:09:54] *** World Rights ***;19.02.2025 18:15:34;Ja;19.02.2025 18:15:34
[18:03:11] *** World Rights ***;[18:03:11] *** World Rights ***;19.02.2025 18:08:27;Ja;19.02.2025 18:08:27
[17:58:11] *** World Rights ***;[17:58:11] *** World Rights ***;19.02.2025 18:07:13;Ja;19.02.2025 18:07:13
[17:48:56] *** World Rights ***;[17:48:56] *** World Rights ***;19.02.2025 18:00:55;Ja;19.02.2025 18:00:55
[17:49:10] *** World Rights ***;[17:49:10] *** World Rights ***;19.02.2025 17:58:25;Ja;19.02.2025 17:58:25
[17:40:36] *** World Rights ***;[17:40:36] *** World Rights ***;19.02.2025 17:53:35;Ja;19.02.2025 17:53:35
[17:45:16] *** World Rights ***;[17:45:16] *** World Rights ***;19.02.2025 17:52:24;Ja;19.02.2025 17:52:24
[17:27:03] *** World Rights ***;[17:27:03] *** World Rights ***;19.02.2025 17:41:41;Ja;19.02.2025 17:41:41
[17:27:10] *** World Rights ***;[17:27:10] *** World Rights ***;19.02.2025 17:38:44;Ja;19.02.2025 17:38:44
[17:14:22] World Rights Except UK and Ireland * GBROUT IRLOUT;[17:14:22] World Rights Except UK and Ireland * GBROUT IRLOUT;19.02.2025 17:27:45;Ja;19.02.2025 17:27:45
[17:10:31] *** World Rights ***;[17:10:31] *** World Rights ***;19.02.2025 17:23:08;Ja;19.02.2025 17:23:08
[17:09:27] *** World Rights ***;[17:09:27] *** World Rights ***;19.02.2025 17:17:09;Ja;19.02.2025 17:17:09
[17:07:34] *** World Rights ***;[17:07:34] *** World Rights ***;19.02.2025 17:17:01;Ja;19.02.2025 17:17:01
[16:52:01] World Rights Except UK and Ireland * GBROUT IRLOUT;[16:52:01] World Rights Except UK and Ireland * GBROUT IRLOUT;19.02.2025 16:59:26;Ja;19.02.2025 16:59:26
[16:48:26] *** World Rights ***;[16:48:26] *** World Rights ***;19.02.2025 16:56:10;Ja;19.02.2025 16:56:10
[16:44:47] *** World Rights ***;[16:44:47] *** World Rights ***;19.02.2025 16:55:44;Ja;19.02.2025 16:55:44
[16:46:35] *** World Rights ***;[16:46:35] *** World Rights ***;19.02.2025 16:55:24;Ja;19.02.2025 16:55:24
[16:41:24] *** World Rights ***;[16:41:24] *** World Rights ***;19.02.2025 16:49:35;Ja;19.02.2025 16:49:35
[16:38:15] World Rights Except UK and Ireland * GBROUT IRLOUT;[16:38:15] World Rights Except UK and Ireland * GBROUT IRLOUT;19.02.2025 16:47:32;Ja;19.02.2025 16:47:32
[16:30:12] *** World Rights ***;[16:30:12] *** World Rights ***;19.02.2025 16:36:39;Ja;19.02.2025 16:36:39
[16:16:35] *** World Rights ***;[16:16:35] *** World Rights ***;19.02.2025 16:29:35;Ja;19.02.2025 16:29:35
[16:11:26] *** World Rights ***;[16:11:26] *** World Rights ***;19.02.2025 16:18:38;Ja;19.02.2025 16:18:38
[15:47:48] *** World Rights ***;[15:47:48] *** World Rights ***;19.02.2025 15:57:11;Ja;19.02.2025 15:57:11
[15:39:09] *** World Rights ***;[15:39:09] *** World Rights ***;19.02.2025 15:46:00;Ja;19.02.2025 15:46:00
[15:30:02] *** World Rights ***;[15:30:02] *** World Rights ***;19.02.2025 15:36:17;Ja;19.02.2025 15:36:17
[15:20:23] *** World Rights ***;[15:20:23] *** World Rights ***;19.02.2025 15:32:58;Ja;19.02.2025 15:32:58
[15:25:41] World Rights Except UK and Ireland * GBROUT IRLOUT;[15:25:41] World Rights Except UK and Ireland * GBROUT IRLOUT;19.02.2025 15:30:47;Ja;19.02.2025 15:30:47
[15:24:19] *** World Rights ***;[15:24:19] *** World Rights ***;19.02.2025 15:29:10;Ja;19.02.2025 15:29:10
[15:20:01] *** World Rights ***;[15:20:01] *** World Rights ***;19.02.2025 15:26:25;Ja;19.02.2025 15:26:25
[15:20:21] *** World Rights ***;[15:20:21] *** World Rights ***;19.02.2025 15:26:05;Ja;19.02.2025 15:26:05
[15:11:42] *** World Rights ***;[15:11:42] *** World Rights ***;19.02.2025 15:20:19;Ja;19.02.2025 15:20:19
[15:09:41] *** World Rights ***;[15:09:41] *** World Rights ***;19.02.2025 15:18:41;Ja;19.02.2025 15:18:41
[15:03:34] *** World Rights ***;[15:03:34] *** World Rights ***;19.02.2025 15:08:20;Ja;19.02.2025 15:08:20
[14:58:16] *** World Rights ***;[14:58:16] *** World Rights ***;19.02.2025 15:03:01;Ja;19.02.2025 15:03:01
[14:46:46] *** World Rights ***;[14:46:46] *** World Rights ***;19.02.2025 14:50:20;Ja;19.02.2025 14:50:20
[14:24:43] *** World Rights ***;[14:24:43] *** World Rights ***;19.02.2025 14:42:13;Ja;19.02.2025 14:42:13
[14:35:11] *** Germany only ***;[14:35:11] *** Germany only ***;19.02.2025 14:39:26;Ja;19.02.2025 14:39:26
[14:23:26] *** World Rights ***;[14:23:26] *** World Rights ***;19.02.2025 14:29:29;Ja;19.02.2025 14:29:29
[14:23:56] *** World Rights ***;[14:23:56] *** World Rights ***;19.02.2025 14:28:10;Ja;19.02.2025 14:28:10
[14:22:06] *** World Rights ***;[14:22:06] *** World Rights ***;19.02.2025 14:26:40;Ja;19.02.2025 14:26:40
[14:07:11] *** World Rights ***;[14:07:11] *** World Rights ***;19.02.2025 14:11:15;Ja;19.02.2025 14:11:15
[14:06:57] *** World Rights ***;[14:06:57] *** World Rights ***;19.02.2025 14:09:23;Ja;19.02.2025 14:09:23
[13:50:10] World Rights Except UK and Ireland * GBROUT IRLOUT;[13:50:10] World Rights Except UK and Ireland * GBROUT IRLOUT;19.02.2025 13:54:23;Ja;19.02.2025 13:54:23
[13:37:04] *** World Rights ***;[13:37:04] *** World Rights ***;19.02.2025 13:42:10;Ja;19.02.2025 13:42:10
[13:24:30] *** World Rights ***;[13:24:30] *** World Rights ***;19.02.2025 13:27:28;Ja;19.02.2025 13:27:28
[13:20:26] *** World Rights ***;[13:20:26] *** World Rights ***;19.02.2025 13:26:25;Ja;19.02.2025 13:26:25
[13:21:09] *** World Rights ***;[13:21:09] *** World Rights ***;19.02.2025 13:25:42;Ja;19.02.2025 13:25:42
[13:11:59] *** World Rights ***;[13:11:59] *** World Rights ***;19.02.2025 13:14:09;Ja;19.02.2025 13:14:09
[13:01:37] *** World Rights ***;[13:01:37] *** World Rights ***;19.02.2025 13:04:21;Ja;19.02.2025 13:04:21
[12:42:30] *** World Rights ***;[12:42:30] *** World Rights ***;19.02.2025 12:48:00;Ja;19.02.2025 12:48:00
[12:34:00] *** World Rights ***;[12:34:00] *** World Rights ***;19.02.2025 12:42:14;Ja;19.02.2025 12:42:14
[12:24:36] *** World Rights ***;[12:24:36] *** World Rights ***;19.02.2025 12:27:41;Ja;19.02.2025 12:27:41
[12:16:21] *** World Rights ***;[12:16:21] *** World Rights ***;19.02.2025 12:18:45;Ja;19.02.2025 12:18:45
[12:09:56] *** World Rights ***;[12:09:56] *** World Rights ***;19.02.2025 12:15:25;Ja;19.02.2025 12:15:25
[12:12:48] World Rights Except UK and Ireland * GBROUT IRLOUT;[12:12:48] World Rights Except UK and Ireland * GBROUT IRLOUT;19.02.2025 12:15:00;Ja;19.02.2025 12:15:00
[12:00:19] *** World Rights ***;[12:00:19] *** World Rights ***;19.02.2025 12:04:06;Ja;19.02.2025 12:04:06
[11:54:24] *** World Rights ***;[11:54:24] *** World Rights ***;19.02.2025 11:59:11;Ja;19.02.2025 11:59:11
[11:43:10] *** World Rights ***;[11:43:10] *** World Rights ***;19.02.2025 11:50:22;Ja;19.02.2025 11:50:22
[11:24:17] *** World Rights ***;[11:24:17] *** World Rights ***;19.02.2025 11:27:42;Ja;19.02.2025 11:27:42
[11:24:11] *** World Rights ***;[11:24:11] *** World Rights ***;19.02.2025 11:26:54;Ja;19.02.2025 11:26:54
[11:16:29] World Rights Except UK and Ireland * GBROUT IRLOUT;[11:16:29] World Rights Except UK and Ireland * GBROUT IRLOUT;19.02.2025 11:22:20;Ja;19.02.2025 11:22:20
[11:15:17] *** World Rights ***;[11:15:17] *** World Rights ***;19.02.2025 11:19:22;Ja;19.02.2025 11:19:22
[11:10:30] World Rights Except UK and Ireland * GBROUT IRLOUT;[11:10:30] World Rights Except UK and Ireland * GBROUT IRLOUT;19.02.2025 11:15:17;Ja;19.02.2025 11:15:17
[11:06:55] *** World Rights ***;[11:06:55] *** World Rights ***;19.02.2025 11:13:35;Ja;19.02.2025 11:13:35
[11:03:59] *** World Rights ***;[11:03:59] *** World Rights ***;19.02.2025 11:07:53;Ja;19.02.2025 11:07:53
[10:51:19] World Rights Except UK and Ireland * GBROUT IRLOUT;[10:51:19] World Rights Except UK and Ireland * GBROUT IRLOUT;19.02.2025 10:59:14;Ja;19.02.2025 10:59:14
[10:51:04] World Rights Except UK and Ireland * GBROUT IRLOUT;[10:51:04] World Rights Except UK and Ireland * GBROUT IRLOUT;19.02.2025 10:58:39;Ja;19.02.2025 10:58:39
[10:46:38] *** World Rights ***;[10:46:38] *** World Rights ***;19.02.2025 10:52:43;Ja;19.02.2025 10:52:43
[10:37:34] *** World Rights ***;[10:37:34] *** World Rights ***;19.02.2025 10:45:12;Ja;19.02.2025 10:45:12
[10:21:35] *** World Rights ***;[10:21:35] *** World Rights ***;19.02.2025 10:27:39;Ja;19.02.2025 10:27:39
[10:16:37] *** World Rights ***;[10:16:37] *** World Rights ***;19.02.2025 10:25:01;Ja;19.02.2025 10:25:01
[10:11:01] *** World Rights ***;[10:11:01] *** World Rights ***;19.02.2025 10:22:12;Ja;19.02.2025 10:22:12
[10:11:40] *** World Rights ***;[10:11:40] *** World Rights ***;19.02.2025 10:21:26;Ja;19.02.2025 10:21:26
[10:14:18] World Rights Except UK and Ireland * GBROUT IRLOUT;[10:14:18] World Rights Except UK and Ireland * GBROUT IRLOUT;19.02.2025 10:21:18;Ja;19.02.2025 10:21:18
[10:10:13] *** World Rights ***;[10:10:13] *** World Rights ***;19.02.2025 10:20:31;Ja;19.02.2025 10:20:31
[10:06:52] *** World Rights ***;[10:06:52] *** World Rights ***;19.02.2025 10:17:04;Ja;19.02.2025 10:17:04
[09:53:12] *** Germany only ***;[09:53:12] *** Germany only ***;19.02.2025 10:02:16;Ja;19.02.2025 10:02:16
[09:49:06] *** World Rights ***;[09:49:06] *** World Rights ***;19.02.2025 09:59:22;Ja;19.02.2025 09:59:22
[09:25:40] *** World Rights ***;[09:25:40] *** World Rights ***;19.02.2025 09:34:20;Ja;19.02.2025 09:34:20
[09:23:00] *** World Rights ***;[09:23:00] *** World Rights ***;19.02.2025 09:31:45;Ja;19.02.2025 09:31:45
[09:09:31] *** World Rights ***;[09:09:31] *** World Rights ***;19.02.2025 09:16:31;Ja;19.02.2025 09:16:31
[09:07:28] *** World Rights ***;[09:07:28] *** World Rights ***;19.02.2025 09:14:37;Ja;19.02.2025 09:14:37
[08:59:27] *** World Rights ***;[08:59:27] *** World Rights ***;19.02.2025 09:10:36;Ja;19.02.2025 09:10:36
[08:50:17] *** Germany only ***;[08:50:17] *** Germany only ***;19.02.2025 08:57:58;Ja;19.02.2025 08:57:58
[08:45:57] *** World Rights ***;[08:45:57] *** World Rights ***;19.02.2025 08:52:49;Ja;19.02.2025 08:52:49
[08:46:27] *** World Rights ***;[08:46:27] *** World Rights ***;19.02.2025 08:50:47;Ja;19.02.2025 08:50:47
[08:40:32] *** World Rights ***;[08:40:32] *** World Rights ***;19.02.2025 08:47:01;Ja;19.02.2025 08:47:01
[08:39:49] *** World Rights ***;[08:39:49] *** World Rights ***;19.02.2025 08:44:42;Ja;19.02.2025 08:44:42
[08:39:25] *** World Rights ***;[08:39:25] *** World Rights ***;19.02.2025 08:44:17;Ja;19.02.2025 08:44:17
[08:32:53] *** World Rights ***;[08:32:53] *** World Rights ***;19.02.2025 08:37:05;Ja;19.02.2025 08:37:05
[08:28:53] World Rights Except UK and Ireland * GBROUT IRLOUT;[08:28:53] World Rights Except UK and Ireland * GBROUT IRLOUT;19.02.2025 08:35:41;Ja;19.02.2025 08:35:41
[08:28:47] *** World Rights ***;[08:28:47] *** World Rights ***;19.02.2025 08:34:44;Ja;19.02.2025 08:34:44
[08:21:11] *** World Rights ***;[08:21:11] *** World Rights ***;19.02.2025 08:26:13;Ja;19.02.2025 08:26:13
[08:19:23] *** World Rights ***;[08:19:23] *** World Rights ***;19.02.2025 08:23:54;Ja;19.02.2025 08:23:54
[08:14:07] *** World Rights ***;[08:14:07] *** World Rights ***;19.02.2025 08:18:26;Ja;19.02.2025 08:18:26
[08:08:32] *** World Rights ***;[08:08:32] *** World Rights ***;19.02.2025 08:13:34;Ja;19.02.2025 08:13:34
[08:05:51] *** World Rights ***;[08:05:51] *** World Rights ***;19.02.2025 08:12:00;Ja;19.02.2025 08:12:00
[08:01:24] World Rights Except UK and Ireland * GBROUT IRLOUT;[08:01:24] World Rights Except UK and Ireland * GBROUT IRLOUT;19.02.2025 08:08:57;Ja;19.02.2025 08:08:57
[07:51:28] *** World Rights ***;[07:51:28] *** World Rights ***;19.02.2025 07:58:14;Ja;19.02.2025 07:58:14
[07:43:13] *** World Rights ***;[07:43:13] *** World Rights ***;19.02.2025 07:47:53;Ja;19.02.2025 07:47:53
[07:43:12] *** World Rights ***;[07:43:12] *** World Rights ***;19.02.2025 07:46:17;Ja;19.02.2025 07:46:17
[07:35:06] *** World Rights ***;[07:35:06] *** World Rights ***;19.02.2025 07:38:47;Ja;19.02.2025 07:38:47
[07:28:44] *** World Rights ***;[07:28:44] *** World Rights ***;19.02.2025 07:31:42;Ja;19.02.2025 07:31:42
[07:22:20] *** World Rights ***;[07:22:20] *** World Rights ***;19.02.2025 07:25:48;Ja;19.02.2025 07:25:48
[07:21:22] *** World Rights ***;[07:21:22] *** World Rights ***;19.02.2025 07:24:01;Ja;19.02.2025 07:24:01
[07:18:28] *** World Rights ***;[07:18:28] *** World Rights ***;19.02.2025 07:21:14;Ja;19.02.2025 07:21:14
[07:15:10] *** World Rights ***;[07:15:10] *** World Rights ***;19.02.2025 07:17:42;Ja;19.02.2025 07:17:42
[07:07:43] *** World Rights ***;[07:07:43] *** World Rights ***;19.02.2025 07:13:57;Ja;19.02.2025 07:13:57
[07:10:57] World Rights Except UK and Ireland * GBROUT IRLOUT;[07:10:57] World Rights Except UK and Ireland * GBROUT IRLOUT;19.02.2025 07:12:50;Ja;19.02.2025 07:12:50
[07:04:07] World Rights Except UK and Ireland * GBROUT IRLOUT;[07:04:07] World Rights Except UK and Ireland * GBROUT IRLOUT;19.02.2025 07:07:23;Ja;19.02.2025 07:07:23
[06:36:10] *** World Rights ***;[06:36:10] *** World Rights ***;19.02.2025 06:40:13;Ja;19.02.2025 06:40:13
[06:34:38] *** World Rights ***;[06:34:38] *** World Rights ***;19.02.2025 06:36:24;Ja;19.02.2025 06:36:24
[06:33:38] *** World Rights ***;[06:33:38] *** World Rights ***;19.02.2025 06:33:53;Ja;19.02.2025 06:33:53
[06:11:07] World Rights Except UK and Ireland * GBROUT IRLOUT;[06:11:07] World Rights Except UK and Ireland * GBROUT IRLOUT;19.02.2025 06:17:56;Ja;19.02.2025 06:17:56
[06:00:08] World Rights Except UK and Ireland * GBROUT IRLOUT;[06:00:08] World Rights Except UK and Ireland * GBROUT IRLOUT;19.02.2025 06:01:35;Ja;19.02.2025 06:01:35
[05:19:43] *** World Rights ***;[05:19:43] *** World Rights ***;19.02.2025 05:20:50;Ja;19.02.2025 05:20:50
[05:13:10] *** World Rights ***;[05:13:10] *** World Rights ***;19.02.2025 05:13:41;Ja;19.02.2025 05:13:41
[05:10:06] *** World Rights ***;[05:10:06] *** World Rights ***;19.02.2025 05:11:51;Ja;19.02.2025 05:11:51
[04:04:20] *** World Rights ***;[04:04:20] *** World Rights ***;19.02.2025 04:05:26;Ja;19.02.2025 04:05:26
[02:49:40] World Rights Except UK and Ireland * GBROUT IRLOUT;[02:49:40] World Rights Except UK and Ireland * GBROUT IRLOUT;19.02.2025 02:51:45;Ja;19.02.2025 02:51:45
[02:48:42] *** World Rights ***;[02:48:42] *** World Rights ***;19.02.2025 02:51:26;Ja;19.02.2025 02:51:26
[23:03:18] *** World Rights ***;[23:03:18] *** World Rights ***;18.02.2025 23:07:25;Ja;18.02.2025 23:07:25
[22:55:31] *** World Rights ***;[22:55:31] *** World Rights ***;18.02.2025 22:55:45;Ja;18.02.2025 22:55:45
[22:48:11] *** World Rights ***;[22:48:11] *** World Rights ***;18.02.2025 22:50:07;Ja;18.02.2025 22:50:07
[22:46:02] *** World Rights ***;[22:46:02] *** World Rights ***;18.02.2025 22:48:03;Ja;18.02.2025 22:48:03
[22:37:59] *** World Rights ***;[22:37:59] *** World Rights ***;18.02.2025 22:44:13;Ja;18.02.2025 22:44:13
[22:37:06] *** World Rights ***;[22:37:06] *** World Rights ***;18.02.2025 22:37:59;Ja;18.02.2025 22:37:59
[21:48:16] *** World Rights ***;[21:48:16] *** World Rights ***;18.02.2025 21:50:10;Ja;18.02.2025 21:50:10
[21:35:58] *** Germany only ***;[21:35:58] *** Germany only ***;18.02.2025 21:41:57;Ja;18.02.2025 21:41:57
[21:37:49] *** World Rights ***;[21:37:49] *** World Rights ***;18.02.2025 21:40:40;Ja;18.02.2025 21:40:40
[21:16:54] *** World Rights ***;[21:16:54] *** World Rights ***;18.02.2025 21:22:09;Ja;18.02.2025 21:22:09
[21:15:17] World Rights Except UK and Ireland * GBROUT IRLOUT;[21:15:17] World Rights Except UK and Ireland * GBROUT IRLOUT;18.02.2025 21:16:50;Ja;18.02.2025 21:16:50
[21:06:45] *** World Rights ***;[21:06:45] *** World Rights ***;18.02.2025 21:13:11;Ja;18.02.2025 21:13:11
[20:59:56] *** World Rights ***;[20:59:56] *** World Rights ***;18.02.2025 21:05:33;Ja;18.02.2025 21:05:33
[20:58:43] *** World Rights ***;[20:58:43] *** World Rights ***;18.02.2025 20:59:49;Ja;18.02.2025 20:59:49
[20:44:48] World Rights Except UK and Ireland * GBROUT IRLOUT;[20:44:48] World Rights Except UK and Ireland * GBROUT IRLOUT;18.02.2025 20:55:50;Ja;18.02.2025 20:55:50
[20:48:09] *** World Rights ***;[20:48:09] *** World Rights ***;18.02.2025 20:52:03;Ja;18.02.2025 20:52:03
[20:39:55] *** World Rights ***;[20:39:55] *** World Rights ***;18.02.2025 20:44:35;Ja;18.02.2025 20:44:35
[20:30:12] *** World Rights ***;[20:30:12] *** World Rights ***;18.02.2025 20:38:41;Ja;18.02.2025 20:38:41
[20:29:33] *** World Rights ***;[20:29:33] *** World Rights ***;18.02.2025 20:32:32;Ja;18.02.2025 20:32:32
[20:13:55] *** World Rights ***;[20:13:55] *** World Rights ***;18.02.2025 20:19:08;Ja;18.02.2025 20:19:08
[20:11:15] *** World Rights ***;[20:11:15] *** World Rights ***;18.02.2025 20:17:24;Ja;18.02.2025 20:17:24
[20:06:52] *** World Rights ***;[20:06:52] *** World Rights ***;18.02.2025 20:09:22;Ja;18.02.2025 20:09:22
[20:04:14] *** World Rights ***;[20:04:14] *** World Rights ***;18.02.2025 20:07:57;Ja;18.02.2025 20:07:57
[19:51:56] *** World Rights ***;[19:51:56] *** World Rights ***;18.02.2025 19:57:40;Ja;18.02.2025 19:57:40
[19:50:52] *** World Rights ***;[19:50:52] *** World Rights ***;18.02.2025 19:56:36;Ja;18.02.2025 19:56:36
[19:46:43] *** World Rights ***;[19:46:43] *** World Rights ***;18.02.2025 19:55:58;Ja;18.02.2025 19:55:58
[19:46:29] *** World Rights ***;[19:46:29] *** World Rights ***;18.02.2025 19:50:29;Ja;18.02.2025 19:50:29
[19:40:53] *** World Rights ***;[19:40:53] *** World Rights ***;18.02.2025 19:44:32;Ja;18.02.2025 19:44:32
[19:22:43] *** World Rights ***;[19:22:43] *** World Rights ***;18.02.2025 19:28:56;Ja;18.02.2025 19:28:56
[19:22:20] *** World Rights ***;[19:22:20] *** World Rights ***;18.02.2025 19:28:25;Ja;18.02.2025 19:28:25
[19:11:34] *** World Rights ***;[19:11:34] *** World Rights ***;18.02.2025 19:14:07;Ja;18.02.2025 19:14:07
[19:01:17] *** World Rights ***;[19:01:17] *** World Rights ***;18.02.2025 19:11:48;Ja;18.02.2025 19:11:48
[18:47:33] *** World Rights ***;[18:47:33] *** World Rights ***;18.02.2025 18:53:48;Ja;18.02.2025 18:53:48
[18:44:54] *** World Rights ***;[18:44:54] *** World Rights ***;18.02.2025 18:52:01;Ja;18.02.2025 18:52:01
[18:37:52] *** World Rights ***;[18:37:52] *** World Rights ***;18.02.2025 18:46:36;Ja;18.02.2025 18:46:36
[18:20:10] *** World Rights ***;[18:20:10] *** World Rights ***;18.02.2025 18:28:02;Ja;18.02.2025 18:28:02
[18:13:46] World Rights Except UK and Ireland * GBROUT IRLOUT;[18:13:46] World Rights Except UK and Ireland * GBROUT IRLOUT;18.02.2025 18:21:29;Ja;18.02.2025 18:21:29
[18:11:19] World Rights Except UK and Ireland * GBROUT IRLOUT;[18:11:19] World Rights Except UK and Ireland * GBROUT IRLOUT;18.02.2025 18:18:23;Ja;18.02.2025 18:18:23
[18:06:10] *** World Rights ***;[18:06:10] *** World Rights ***;18.02.2025 18:14:58;Ja;18.02.2025 18:14:58
[17:48:14] *** World Rights ***;[17:48:14] *** World Rights ***;18.02.2025 18:08:38;Ja;18.02.2025 18:08:38
[17:50:13] *** World Rights ***;[17:50:13] *** World Rights ***;18.02.2025 17:59:07;Ja;18.02.2025 17:59:07
[17:36:30] *** World Rights ***;[17:36:30] *** World Rights ***;18.02.2025 17:48:52;Ja;18.02.2025 17:48:52
[17:35:05] *** World Rights ***;[17:35:05] *** World Rights ***;18.02.2025 17:46:29;Ja;18.02.2025 17:46:29
[17:36:57] *** World Rights ***;[17:36:57] *** World Rights ***;18.02.2025 17:45:19;Ja;18.02.2025 17:45:19
[17:12:00] World Rights Except UK and Ireland * GBROUT IRLOUT;[17:12:00] World Rights Except UK and Ireland * GBROUT IRLOUT;18.02.2025 17:23:54;Ja;18.02.2025 17:23:54
[17:15:07] *** World Rights ***;[17:15:07] *** World Rights ***;18.02.2025 17:23:19;Ja;18.02.2025 17:23:19
[17:07:00] *** World Rights ***;[17:07:00] *** World Rights ***;18.02.2025 17:19:39;Ja;18.02.2025 17:19:39
[16:56:46] *** World Rights ***;[16:56:46] *** World Rights ***;18.02.2025 17:04:35;Ja;18.02.2025 17:04:35
[16:47:26] *** World Rights ***;[16:47:26] *** World Rights ***;18.02.2025 16:55:56;Ja;18.02.2025 16:55:56
[16:43:49] *** Germany only ***;[16:43:49] *** Germany only ***;18.02.2025 16:51:23;Ja;18.02.2025 16:51:23
[16:25:25] *** World Rights ***;[16:25:25] *** World Rights ***;18.02.2025 16:36:19;Ja;18.02.2025 16:36:19
[16:21:28] *** World Rights ***;[16:21:28] *** World Rights ***;18.02.2025 16:33:56;Ja;18.02.2025 16:33:56
[16:21:26] World Rights Except UK and Ireland * GBROUT IRLOUT;[16:21:26] World Rights Except UK and Ireland * GBROUT IRLOUT;18.02.2025 16:29:38;Ja;18.02.2025 16:29:38
[16:14:06] *** World Rights ***;[16:14:06] *** World Rights ***;18.02.2025 16:22:29;Ja;18.02.2025 16:22:29
[16:09:32] *** World Rights ***;[16:09:32] *** World Rights ***;18.02.2025 16:17:53;Ja;18.02.2025 16:17:53
[16:03:41] *** World Rights ***;[16:03:41] *** World Rights ***;18.02.2025 16:10:58;Ja;18.02.2025 16:10:58
[15:59:01] World Rights Except UK and Ireland * GBROUT IRLOUT;[15:59:01] World Rights Except UK and Ireland * GBROUT IRLOUT;18.02.2025 16:06:55;Ja;18.02.2025 16:06:55
[15:54:05] *** World Rights ***;[15:54:05] *** World Rights ***;18.02.2025 15:59:47;Ja;18.02.2025 15:59:47
[15:53:49] World Rights Except UK and Ireland * GBROUT IRLOUT;[15:53:49] World Rights Except UK and Ireland * GBROUT IRLOUT;18.02.2025 15:59:44;Ja;18.02.2025 15:59:44
[15:44:53] *** World Rights ***;[15:44:53] *** World Rights ***;18.02.2025 15:51:53;Ja;18.02.2025 15:51:53
[15:44:57] *** World Rights ***;[15:44:57] *** World Rights ***;18.02.2025 15:49:30;Ja;18.02.2025 15:49:30
[15:37:19] *** World Rights ***;[15:37:19] *** World Rights ***;18.02.2025 15:44:55;Ja;18.02.2025 15:44:55
[15:34:49] *** World Rights ***;[15:34:49] *** World Rights ***;18.02.2025 15:42:42;Ja;18.02.2025 15:42:42
[15:35:56] *** World Rights ***;[15:35:56] *** World Rights ***;18.02.2025 15:41:42;Ja;18.02.2025 15:41:42
[15:31:12] *** World Rights ***;[15:31:12] *** World Rights ***;18.02.2025 15:38:44;Ja;18.02.2025 15:38:44
[15:22:32] *** World Rights ***;[15:22:32] *** World Rights ***;18.02.2025 15:27:27;Ja;18.02.2025 15:27:27
[15:13:24] *** Germany only ***;[15:13:24] *** Germany only ***;18.02.2025 15:20:09;Ja;18.02.2025 15:20:09
[15:02:23] *** World Rights ***;[15:02:23] *** World Rights ***;18.02.2025 15:11:03;Ja;18.02.2025 15:11:03
[14:58:14] World Rights Except UK and Ireland * GBROUT IRLOUT;[14:58:14] World Rights Except UK and Ireland * GBROUT IRLOUT;18.02.2025 15:02:55;Ja;18.02.2025 15:02:55
[14:51:41] *** World Rights ***;[14:51:41] *** World Rights ***;18.02.2025 14:58:42;Ja;18.02.2025 14:58:42
[14:39:07] *** World Rights ***;[14:39:07] *** World Rights ***;18.02.2025 14:46:55;Ja;18.02.2025 14:46:55
[14:38:30] World Rights Except UK and Ireland * GBROUT IRLOUT;[14:38:30] World Rights Except UK and Ireland * GBROUT IRLOUT;18.02.2025 14:45:14;Ja;18.02.2025 14:45:14
[14:42:01] *** Germany only ***;[14:42:01] *** Germany only ***;18.02.2025 14:44:20;Ja;18.02.2025 14:44:20
[14:35:27] *** World Rights ***;[14:35:27] *** World Rights ***;18.02.2025 14:39:00;Ja;18.02.2025 14:39:00
[14:25:50] *** World Rights ***;[14:25:50] *** World Rights ***;18.02.2025 14:28:39;Ja;18.02.2025 14:28:39
[14:22:01] World Rights Except UK and Ireland * GBROUT IRLOUT;[14:22:01] World Rights Except UK and Ireland * GBROUT IRLOUT;18.02.2025 14:26:10;Ja;18.02.2025 14:26:10
[14:22:17] World Rights Except UK and Ireland * GBROUT IRLOUT;[14:22:17] World Rights Except UK and Ireland * GBROUT IRLOUT;18.02.2025 14:24:47;Ja;18.02.2025 14:24:47
[14:20:17] *** World Rights ***;[14:20:17] *** World Rights ***;18.02.2025 14:23:48;Ja;18.02.2025 14:23:48
[14:15:25] World Rights Except UK and Ireland * GBROUT IRLOUT;[14:15:25] World Rights Except UK and Ireland * GBROUT IRLOUT;18.02.2025 14:21:46;Ja;18.02.2025 14:21:46
[14:17:22] *** World Rights ***;[14:17:22] *** World Rights ***;18.02.2025 14:20:38;Ja;18.02.2025 14:20:38
[14:02:03] *** World Rights ***;[14:02:03] *** World Rights ***;18.02.2025 14:04:56;Ja;18.02.2025 14:04:56
[13:56:09] *** World Rights ***;[13:56:09] *** World Rights ***;18.02.2025 13:59:10;Ja;18.02.2025 13:59:10
[13:50:36] *** World Rights ***;[13:50:36] *** World Rights ***;18.02.2025 13:53:40;Ja;18.02.2025 13:53:40
[13:42:38] *** World Rights ***;[13:42:38] *** World Rights ***;18.02.2025 13:49:44;Ja;18.02.2025 13:49:44
[13:40:59] *** World Rights ***;[13:40:59] *** World Rights ***;18.02.2025 13:45:27;Ja;18.02.2025 13:45:27
[13:35:38] *** World Rights ***;[13:35:38] *** World Rights ***;18.02.2025 13:43:20;Ja;18.02.2025 13:43:20
[13:38:23] *** World Rights ***;[13:38:23] *** World Rights ***;18.02.2025 13:40:54;Ja;18.02.2025 13:40:54
[13:36:37] *** World Rights ***;[13:36:37] *** World Rights ***;18.02.2025 13:38:27;Ja;18.02.2025 13:38:27
[13:17:43] *** World Rights ***;[13:17:43] *** World Rights ***;18.02.2025 13:25:52;Ja;18.02.2025 13:25:52
[13:19:54] *** World Rights ***;[13:19:54] *** World Rights ***;18.02.2025 13:21:37;Ja;18.02.2025 13:21:37
[13:16:17] *** World Rights ***;[13:16:17] *** World Rights ***;18.02.2025 13:20:41;Ja;18.02.2025 13:20:41
[13:13:10] World Rights Except UK and Ireland * GBROUT IRLOUT;[13:13:10] World Rights Except UK and Ireland * GBROUT IRLOUT;18.02.2025 13:16:22;Ja;18.02.2025 13:16:22
[13:07:50] *** World Rights ***;[13:07:50] *** World Rights ***;18.02.2025 13:10:26;Ja;18.02.2025 13:10:26
[13:02:52] *** World Rights ***;[13:02:52] *** World Rights ***;18.02.2025 13:06:18;Ja;18.02.2025 13:06:18
[12:56:47] *** World Rights ***;[12:56:47] *** World Rights ***;18.02.2025 13:05:20;Ja;18.02.2025 13:05:20
[12:42:07] *** World Rights ***;[12:42:07] *** World Rights ***;18.02.2025 12:45:57;Ja;18.02.2025 12:45:57
[12:29:54] *** World Rights ***;[12:29:54] *** World Rights ***;18.02.2025 12:34:43;Ja;18.02.2025 12:34:43
[12:17:07] *** World Rights ***;[12:17:07] *** World Rights ***;18.02.2025 12:19:16;Ja;18.02.2025 12:19:16
[12:14:36] *** World Rights ***;[12:14:36] *** World Rights ***;18.02.2025 12:17:53;Ja;18.02.2025 12:17:53
[12:09:49] *** World Rights ***;[12:09:49] *** World Rights ***;18.02.2025 12:15:54;Ja;18.02.2025 12:15:54
[12:05:33] *** World Rights ***;[12:05:33] *** World Rights ***;18.02.2025 12:09:01;Ja;18.02.2025 12:09:01
[11:57:20] *** World Rights ***;[11:57:20] *** World Rights ***;18.02.2025 12:03:34;Ja;18.02.2025 12:03:34
[11:50:08] *** World Rights ***;[11:50:08] *** World Rights ***;18.02.2025 11:58:05;Ja;18.02.2025 11:58:05
[11:47:19] *** World Rights ***;[11:47:19] *** World Rights ***;18.02.2025 11:51:44;Ja;18.02.2025 11:51:44
[11:40:39] *** World Rights ***;[11:40:39] *** World Rights ***;18.02.2025 11:47:53;Ja;18.02.2025 11:47:53
[11:35:38] *** World Rights ***;[11:35:38] *** World Rights ***;18.02.2025 11:42:01;Ja;18.02.2025 11:42:01
[11:32:57] *** World Rights ***;[11:32:57] *** World Rights ***;18.02.2025 11:35:32;Ja;18.02.2025 11:35:32
[11:29:22] *** World Rights ***;[11:29:22] *** World Rights ***;18.02.2025 11:33:20;Ja;18.02.2025 11:33:20
[11:18:11] *** World Rights ***;[11:18:11] *** World Rights ***;18.02.2025 11:23:01;Ja;18.02.2025 11:23:01
[11:09:39] *** World Rights ***;[11:09:39] *** World Rights ***;18.02.2025 11:13:49;Ja;18.02.2025 11:13:49
[11:01:02] *** World Rights ***;[11:01:02] *** World Rights ***;18.02.2025 11:08:33;Ja;18.02.2025 11:08:33
[10:52:50] *** World Rights ***;[10:52:50] *** World Rights ***;18.02.2025 11:04:21;Ja;18.02.2025 11:04:21
[11:01:32] *** World Rights ***;[11:01:32] *** World Rights ***;18.02.2025 11:04:12;Ja;18.02.2025 11:04:12
[10:55:41] *** World Rights ***;[10:55:41] *** World Rights ***;18.02.2025 11:03:35;Ja;18.02.2025 11:03:35
[10:51:57] *** World Rights ***;[10:51:57] *** World Rights ***;18.02.2025 11:00:54;Ja;18.02.2025 11:00:54
[10:53:32] *** World Rights ***;[10:53:32] *** World Rights ***;18.02.2025 11:00:04;Ja;18.02.2025 11:00:04
[10:53:24] *** Germany only ***;[10:53:24] *** Germany only ***;18.02.2025 10:59:57;Ja;18.02.2025 10:59:57
[10:29:04] *** World Rights ***;[10:29:04] *** World Rights ***;18.02.2025 10:41:04;Ja;18.02.2025 10:41:04
[10:31:39] *** World Rights ***;[10:31:39] *** World Rights ***;18.02.2025 10:39:18;Ja;18.02.2025 10:39:18
[10:26:01] *** World Rights ***;[10:26:01] *** World Rights ***;18.02.2025 10:35:46;Ja;18.02.2025 10:35:46
[10:23:07] *** Germany only ***;[10:23:07] *** Germany only ***;18.02.2025 10:30:15;Ja;18.02.2025 10:30:15
[10:07:04] *** World Rights ***;[10:07:04] *** World Rights ***;18.02.2025 10:15:06;Ja;18.02.2025 10:15:06
[09:59:23] *** World Rights ***;[09:59:23] *** World Rights ***;18.02.2025 10:09:05;Ja;18.02.2025 10:09:05
[09:56:17] *** Germany only ***;[09:56:17] *** Germany only ***;18.02.2025 10:05:53;Ja;18.02.2025 10:05:53
[09:55:47] *** Germany only ***;[09:55:47] *** Germany only ***;18.02.2025 10:04:34;Ja;18.02.2025 10:04:34
[09:54:02] *** World Rights ***;[09:54:02] *** World Rights ***;18.02.2025 10:03:43;Ja;18.02.2025 10:03:43
[09:39:41] *** World Rights ***;[09:39:41] *** World Rights ***;18.02.2025 09:49:47;Ja;18.02.2025 09:49:47
[09:40:00] *** World Rights ***;[09:40:00] *** World Rights ***;18.02.2025 09:49:02;Ja;18.02.2025 09:49:02
[09:36:17] *** World Rights ***;[09:36:17] *** World Rights ***;18.02.2025 09:46:44;Ja;18.02.2025 09:46:44
[09:39:03] *** World Rights ***;[09:39:03] *** World Rights ***;18.02.2025 09:45:49;Ja;18.02.2025 09:45:49
[09:38:39] *** World Rights ***;[09:38:39] *** World Rights ***;18.02.2025 09:45:47;Ja;18.02.2025 09:45:47
[09:31:21] *** World Rights ***;[09:31:21] *** World Rights ***;18.02.2025 09:40:02;Ja;18.02.2025 09:40:02
[09:30:50] *** World Rights ***;[09:30:50] *** World Rights ***;18.02.2025 09:38:56;Ja;18.02.2025 09:38:56
[09:25:10] *** World Rights ***;[09:25:10] *** World Rights ***;18.02.2025 09:37:09;Ja;18.02.2025 09:37:09
[09:26:31] *** World Rights ***;[09:26:31] *** World Rights ***;18.02.2025 09:35:44;Ja;18.02.2025 09:35:44
[09:29:06] *** World Rights ***;[09:29:06] *** World Rights ***;18.02.2025 09:35:38;Ja;18.02.2025 09:35:38
[09:26:15] *** World Rights ***;[09:26:15] *** World Rights ***;18.02.2025 09:35:10;Ja;18.02.2025 09:35:10
[09:20:25] *** World Rights ***;[09:20:25] *** World Rights ***;18.02.2025 09:33:04;Ja;18.02.2025 09:33:04
[09:24:08] *** World Rights ***;[09:24:08] *** World Rights ***;18.02.2025 09:31:51;Ja;18.02.2025 09:31:51
[09:21:18] World Rights Except UK and Ireland * GBROUT IRLOUT;[09:21:18] World Rights Except UK and Ireland * GBROUT IRLOUT;18.02.2025 09:29:15;Ja;18.02.2025 09:29:15
[09:19:50] *** World Rights ***;[09:19:50] *** World Rights ***;18.02.2025 09:27:02;Ja;18.02.2025 09:27:02
[09:18:17] *** World Rights ***;[09:18:17] *** World Rights ***;18.02.2025 09:25:15;Ja;18.02.2025 09:25:15
[09:07:39] *** World Rights ***;[09:07:39] *** World Rights ***;18.02.2025 09:17:12;Ja;18.02.2025 09:17:12
[09:04:51] *** World Rights ***;[09:04:51] *** World Rights ***;18.02.2025 09:12:39;Ja;18.02.2025 09:12:39
[09:05:27] *** World Rights ***;[09:05:27] *** World Rights ***;18.02.2025 09:12:34;Ja;18.02.2025 09:12:34
[09:01:26] *** Germany only ***;[09:01:26] *** Germany only ***;18.02.2025 09:07:39;Ja;18.02.2025 09:07:39
[08:30:40] World Rights Except UK and Ireland * GBROUT IRLOUT;[08:30:40] World Rights Except UK and Ireland * GBROUT IRLOUT;18.02.2025 08:34:41;Ja;18.02.2025 08:34:41
[08:16:57] *** World Rights ***;[08:16:57] *** World Rights ***;18.02.2025 08:21:28;Ja;18.02.2025 08:21:28
[08:16:29] *** World Rights ***;[08:16:29] *** World Rights ***;18.02.2025 08:21:18;Ja;18.02.2025 08:21:18
[08:10:00] *** World Rights ***;[08:10:00] *** World Rights ***;18.02.2025 08:14:31;Ja;18.02.2025 08:14:31
[08:05:32] *** World Rights ***;[08:05:32] *** World Rights ***;18.02.2025 08:11:17;Ja;18.02.2025 08:11:17
[07:56:42] *** World Rights ***;[07:56:42] *** World Rights ***;18.02.2025 08:07:23;Ja;18.02.2025 08:07:23
[07:59:28] *** World Rights ***;[07:59:28] *** World Rights ***;18.02.2025 08:02:28;Ja;18.02.2025 08:02:28
[07:52:35] *** World Rights ***;[07:52:35] *** World Rights ***;18.02.2025 07:55:05;Ja;18.02.2025 07:55:05
[07:38:04] *** World Rights ***;[07:38:04] *** World Rights ***;18.02.2025 07:42:34;Ja;18.02.2025 07:42:34
[07:30:00] *** World Rights ***;[07:30:00] *** World Rights ***;18.02.2025 07:35:59;Ja;18.02.2025 07:35:59
[06:52:42] *** World Rights ***;[06:52:42] *** World Rights ***;18.02.2025 06:53:54;Ja;18.02.2025 06:53:54
[06:23:56] World Rights Except UK and Ireland * GBROUT IRLOUT;[06:23:56] World Rights Except UK and Ireland * GBROUT IRLOUT;18.02.2025 06:29:05;Ja;18.02.2025 06:29:05
[06:16:55] *** World Rights ***;[06:16:55] *** World Rights ***;18.02.2025 06:20:35;Ja;18.02.2025 06:20:35
[02:44:14] *** World Rights ***;[02:44:14] *** World Rights ***;18.02.2025 02:46:53;Ja;18.02.2025 02:46:53
[02:42:46] *** World Rights ***;[02:42:46] *** World Rights ***;18.02.2025 02:45:32;Ja;18.02.2025 02:45:32
[02:37:30] *** World Rights ***;[02:37:30] *** World Rights ***;18.02.2025 02:39:22;Ja;18.02.2025 02:39:22
[01:00:37] *** World Rights ***;[01:00:37] *** World Rights ***;18.02.2025 01:10:43;Ja;18.02.2025 01:10:43
[00:20:21] *** World Rights ***;[00:20:21] *** World Rights ***;18.02.2025 00:21:36;Ja;18.02.2025 00:21:36
[23:55:04] *** World Rights ***;[23:55:04] *** World Rights ***;17.02.2025 23:57:08;Ja;17.02.2025 23:57:08
[23:43:41] *** World Rights ***;[23:43:41] *** World Rights ***;17.02.2025 23:45:55;Ja;17.02.2025 23:45:55
[22:57:16] *** World Rights ***;[22:57:16] *** World Rights ***;17.02.2025 22:59:17;Ja;17.02.2025 22:59:17
[22:55:07] *** World Rights ***;[22:55:07] *** World Rights ***;17.02.2025 22:57:16;Ja;17.02.2025 22:57:16
[22:34:05] *** Germany only ***;[22:34:05] *** Germany only ***;17.02.2025 22:37:55;Ja;17.02.2025 22:37:55
[22:12:30] World Rights Except UK and Ireland * GBROUT IRLOUT;[22:12:30] World Rights Except UK and Ireland * GBROUT IRLOUT;17.02.2025 22:15:12;Ja;17.02.2025 22:15:12
[22:02:09] *** World Rights ***;[22:02:09] *** World Rights ***;17.02.2025 22:03:43;Ja;17.02.2025 22:03:43
[21:55:06] *** World Rights ***;[21:55:06] *** World Rights ***;17.02.2025 21:59:26;Ja;17.02.2025 21:59:26
[21:17:31] *** World Rights ***;[21:17:31] *** World Rights ***;17.02.2025 21:23:40;Ja;17.02.2025 21:23:40
[20:47:54] World Rights Except UK and Ireland * GBROUT IRLOUT;[20:47:54] World Rights Except UK and Ireland * GBROUT IRLOUT;17.02.2025 20:51:32;Ja;17.02.2025 20:51:32
[20:29:44] *** World Rights ***;[20:29:44] *** World Rights ***;17.02.2025 20:35:43;Ja;17.02.2025 20:35:43
[20:25:25] *** World Rights ***;[20:25:25] *** World Rights ***;17.02.2025 20:28:30;Ja;17.02.2025 20:28:30
[20:19:31] *** World Rights ***;[20:19:31] *** World Rights ***;17.02.2025 20:21:53;Ja;17.02.2025 20:21:53
[20:05:01] World Rights Except UK and Ireland * GBROUT IRLOUT;[20:05:01] World Rights Except UK and Ireland * GBROUT IRLOUT;17.02.2025 20:14:10;Ja;17.02.2025 20:14:10
[19:54:37] *** World Rights ***;[19:54:37] *** World Rights ***;17.02.2025 20:04:33;Ja;17.02.2025 20:04:33
[19:52:04] *** World Rights ***;[19:52:04] *** World Rights ***;17.02.2025 19:57:26;Ja;17.02.2025 19:57:26
[19:41:18] *** World Rights ***;[19:41:18] *** World Rights ***;17.02.2025 19:47:28;Ja;17.02.2025 19:47:28
[19:39:07] *** World Rights ***;[19:39:07] *** World Rights ***;17.02.2025 19:47:14;Ja;17.02.2025 19:47:14
[19:28:29] World Rights Except UK and Ireland * GBROUT IRLOUT;[19:28:29] World Rights Except UK and Ireland * GBROUT IRLOUT;17.02.2025 19:35:20;Ja;17.02.2025 19:35:20
[19:28:04] *** Germany only ***;[19:28:04] *** Germany only ***;17.02.2025 19:30:56;Ja;17.02.2025 19:30:56
[19:18:25] *** World Rights ***;[19:18:25] *** World Rights ***;17.02.2025 19:22:31;Ja;17.02.2025 19:22:31
[19:04:12] World Rights Except UK and Ireland * GBROUT IRLOUT;[19:04:12] World Rights Except UK and Ireland * GBROUT IRLOUT;17.02.2025 19:09:26;Ja;17.02.2025 19:09:26
[18:52:28] *** World Rights ***;[18:52:28] *** World Rights ***;17.02.2025 19:01:58;Ja;17.02.2025 19:01:58
[18:44:00] *** World Rights ***;[18:44:00] *** World Rights ***;17.02.2025 18:54:09;Ja;17.02.2025 18:54:09
[18:41:53] *** World Rights ***;[18:41:53] *** World Rights ***;17.02.2025 18:54:01;Ja;17.02.2025 18:54:01
[18:44:19] *** World Rights ***;[18:44:19] *** World Rights ***;17.02.2025 18:53:30;Ja;17.02.2025 18:53:30
[18:28:25] *** World Rights ***;[18:28:25] *** World Rights ***;17.02.2025 18:34:10;Ja;17.02.2025 18:34:10
[18:04:05] *** World Rights ***;[18:04:05] *** World Rights ***;17.02.2025 18:11:33;Ja;17.02.2025 18:11:33
[17:37:55] *** World Rights ***;[17:37:55] *** World Rights ***;17.02.2025 17:48:27;Ja;17.02.2025 17:48:27
[17:38:30] *** World Rights ***;[17:38:30] *** World Rights ***;17.02.2025 17:46:29;Ja;17.02.2025 17:46:29
[17:26:16] World Rights Except UK and Ireland * GBROUT IRLOUT;[17:26:16] World Rights Except UK and Ireland * GBROUT IRLOUT;17.02.2025 17:38:54;Ja;17.02.2025 17:38:54
[17:16:58] World Rights Except UK and Ireland * GBROUT IRLOUT;[17:16:58] World Rights Except UK and Ireland * GBROUT IRLOUT;17.02.2025 17:24:55;Ja;17.02.2025 17:24:55
[17:10:09] *** World Rights ***;[17:10:09] *** World Rights ***;17.02.2025 17:17:21;Ja;17.02.2025 17:17:21
[16:57:04] *** World Rights ***;[16:57:04] *** World Rights ***;17.02.2025 17:05:58;Ja;17.02.2025 17:05:58
[16:58:28] World Rights Except UK and Ireland * GBROUT IRLOUT;[16:58:28] World Rights Except UK and Ireland * GBROUT IRLOUT;17.02.2025 17:05:34;Ja;17.02.2025 17:05:34
[16:51:05] *** World Rights ***;[16:51:05] *** World Rights ***;17.02.2025 16:59:03;Ja;17.02.2025 16:59:03
[16:38:43] *** World Rights ***;[16:38:43] *** World Rights ***;17.02.2025 16:49:42;Ja;17.02.2025 16:49:42
[16:26:29] *** World Rights ***;[16:26:29] *** World Rights ***;17.02.2025 16:34:18;Ja;17.02.2025 16:34:18
[16:24:31] *** Germany only ***;[16:24:31] *** Germany only ***;17.02.2025 16:32:14;Ja;17.02.2025 16:32:14
[16:20:17] *** World Rights ***;[16:20:17] *** World Rights ***;17.02.2025 16:26:31;Ja;17.02.2025 16:26:31
[15:58:35] *** World Rights ***;[15:58:35] *** World Rights ***;17.02.2025 16:03:30;Ja;17.02.2025 16:03:30
[15:52:24] *** World Rights ***;[15:52:24] *** World Rights ***;17.02.2025 15:56:54;Ja;17.02.2025 15:56:54
[15:46:04] *** World Rights ***;[15:46:04] *** World Rights ***;17.02.2025 15:52:53;Ja;17.02.2025 15:52:53
[15:47:26] *** World Rights ***;[15:47:26] *** World Rights ***;17.02.2025 15:51:48;Ja;17.02.2025 15:51:48
[15:45:05] *** Germany only ***;[15:45:05] *** Germany only ***;17.02.2025 15:50:56;Ja;17.02.2025 15:50:56
[15:25:20] World Rights Except UK and Ireland * GBROUT IRLOUT;[15:25:20] World Rights Except UK and Ireland * GBROUT IRLOUT;17.02.2025 15:32:11;Ja;17.02.2025 15:32:11
[15:25:03] *** World Rights ***;[15:25:03] *** World Rights ***;17.02.2025 15:31:27;Ja;17.02.2025 15:31:27
[15:00:45] *** World Rights ***;[15:00:45] *** World Rights ***;17.02.2025 15:10:32;Ja;17.02.2025 15:10:32
[14:55:01] *** World Rights ***;[14:55:01] *** World Rights ***;17.02.2025 14:58:26;Ja;17.02.2025 14:58:26
[14:42:18] World Rights Except UK and Ireland * GBROUT IRLOUT;[14:42:18] World Rights Except UK and Ireland * GBROUT IRLOUT;17.02.2025 14:46:04;Ja;17.02.2025 14:46:04
[14:33:28] *** World Rights ***;[14:33:28] *** World Rights ***;17.02.2025 14:37:01;Ja;17.02.2025 14:37:01
[14:25:52] *** World Rights ***;[14:25:52] *** World Rights ***;17.02.2025 14:29:31;Ja;17.02.2025 14:29:31
[14:11:48] *** World Rights ***;[14:11:48] *** World Rights ***;17.02.2025 14:17:27;Ja;17.02.2025 14:17:27
[13:57:03] *** World Rights ***;[13:57:03] *** World Rights ***;17.02.2025 14:02:46;Ja;17.02.2025 14:02:46
[13:51:34] World Rights Except UK and Ireland * GBROUT IRLOUT;[13:51:34] World Rights Except UK and Ireland * GBROUT IRLOUT;17.02.2025 13:55:38;Ja;17.02.2025 13:55:38
[13:49:53] *** World Rights ***;[13:49:53] *** World Rights ***;17.02.2025 13:54:42;Ja;17.02.2025 13:54:42
[13:51:09] *** World Rights ***;[13:51:09] *** World Rights ***;17.02.2025 13:52:51;Ja;17.02.2025 13:52:51
[12:31:11] *** World Rights ***;[12:31:11] *** World Rights ***;17.02.2025 13:45:17;Ja;17.02.2025 13:45:17
[13:40:16] *** World Rights ***;[13:40:16] *** World Rights ***;17.02.2025 13:44:50;Ja;17.02.2025 13:44:50
[13:35:50] *** Germany only ***;[13:35:50] *** Germany only ***;17.02.2025 13:37:51;Ja;17.02.2025 13:37:51
[13:26:44] *** World Rights ***;[13:26:44] *** World Rights ***;17.02.2025 13:28:20;Ja;17.02.2025 13:28:20
[13:21:43] *** World Rights ***;[13:21:43] *** World Rights ***;17.02.2025 13:27:46;Ja;17.02.2025 13:27:46
[13:14:06] *** World Rights ***;[13:14:06] *** World Rights ***;17.02.2025 13:20:15;Ja;17.02.2025 13:20:15
[13:14:29] *** World Rights ***;[13:14:29] *** World Rights ***;17.02.2025 13:15:52;Ja;17.02.2025 13:15:52
[13:07:00] *** World Rights ***;[13:07:00] *** World Rights ***;17.02.2025 13:12:36;Ja;17.02.2025 13:12:36
[13:01:49] *** World Rights ***;[13:01:49] *** World Rights ***;17.02.2025 13:04:47;Ja;17.02.2025 13:04:47
[12:42:48] *** World Rights ***;[12:42:48] *** World Rights ***;17.02.2025 12:45:56;Ja;17.02.2025 12:45:56
[12:26:04] *** World Rights ***;[12:26:04] *** World Rights ***;17.02.2025 12:31:53;Ja;17.02.2025 12:31:53
[12:23:22] *** World Rights ***;[12:23:22] *** World Rights ***;17.02.2025 12:25:02;Ja;17.02.2025 12:25:02
[12:19:37] *** World Rights ***;[12:19:37] *** World Rights ***;17.02.2025 12:23:29;Ja;17.02.2025 12:23:29
[12:17:02] *** World Rights ***;[12:17:02] *** World Rights ***;17.02.2025 12:22:24;Ja;17.02.2025 12:22:24
[12:15:44] *** World Rights ***;[12:15:44] *** World Rights ***;17.02.2025 12:19:09;Ja;17.02.2025 12:19:09
[12:10:25] *** World Rights ***;[12:10:25] *** World Rights ***;17.02.2025 12:12:44;Ja;17.02.2025 12:12:44
[12:01:11] World Rights Except UK and Ireland * GBROUT IRLOUT;[12:01:11] World Rights Except UK and Ireland * GBROUT IRLOUT;17.02.2025 12:06:06;Ja;17.02.2025 12:06:06
[12:01:32] *** Germany only ***;[12:01:32] *** Germany only ***;17.02.2025 12:04:49;Ja;17.02.2025 12:04:49
[11:49:27] *** World Rights ***;[11:49:27] *** World Rights ***;17.02.2025 11:52:26;Ja;17.02.2025 11:52:26
[11:47:25] *** World Rights ***;[11:47:25] *** World Rights ***;17.02.2025 11:50:59;Ja;17.02.2025 11:50:59
[11:38:34] World Rights Except UK and Ireland * GBROUT IRLOUT;[11:38:34] World Rights Except UK and Ireland * GBROUT IRLOUT;17.02.2025 11:44:37;Ja;17.02.2025 11:44:37
[11:41:10] *** World Rights ***;[11:41:10] *** World Rights ***;17.02.2025 11:43:39;Ja;17.02.2025 11:43:39
[11:40:38] World Rights Except UK and Ireland * GBROUT IRLOUT;[11:40:38] World Rights Except UK and Ireland * GBROUT IRLOUT;17.02.2025 11:43:20;Ja;17.02.2025 11:43:20
[11:38:42] *** World Rights ***;[11:38:42] *** World Rights ***;17.02.2025 11:42:29;Ja;17.02.2025 11:42:29
[11:33:29] *** World Rights ***;[11:33:29] *** World Rights ***;17.02.2025 11:36:48;Ja;17.02.2025 11:36:48
[11:27:04] *** World Rights ***;[11:27:04] *** World Rights ***;17.02.2025 11:33:40;Ja;17.02.2025 11:33:40
[11:09:28] *** World Rights ***;[11:09:28] *** World Rights ***;17.02.2025 11:14:26;Ja;17.02.2025 11:14:26
[11:08:22] World Rights Except UK and Ireland * GBROUT IRLOUT;[11:08:22] World Rights Except UK and Ireland * GBROUT IRLOUT;17.02.2025 11:11:04;Ja;17.02.2025 11:11:04
[10:56:49] *** World Rights ***;[10:56:49] *** World Rights ***;17.02.2025 11:02:35;Ja;17.02.2025 11:02:35
[10:46:31] World Rights Except UK and Ireland * GBROUT IRLOUT;[10:46:31] World Rights Except UK and Ireland * GBROUT IRLOUT;17.02.2025 10:57:17;Ja;17.02.2025 10:57:17
[10:45:27] *** World Rights ***;[10:45:27] *** World Rights ***;17.02.2025 10:52:35;Ja;17.02.2025 10:52:35
[10:33:51] *** World Rights ***;[10:33:51] *** World Rights ***;17.02.2025 10:42:03;Ja;17.02.2025 10:42:03
[10:28:06] *** World Rights ***;[10:28:06] *** World Rights ***;17.02.2025 10:40:56;Ja;17.02.2025 10:40:56
[10:20:03] *** World Rights ***;[10:20:03] *** World Rights ***;17.02.2025 10:26:25;Ja;17.02.2025 10:26:25
[10:18:08] *** World Rights ***;[10:18:08] *** World Rights ***;17.02.2025 10:25:35;Ja;17.02.2025 10:25:35
[10:17:15] *** World Rights ***;[10:17:15] *** World Rights ***;17.02.2025 10:22:48;Ja;17.02.2025 10:22:48
[10:16:23] *** World Rights ***;[10:16:23] *** World Rights ***;17.02.2025 10:21:33;Ja;17.02.2025 10:21:33
[10:13:06] *** World Rights ***;[10:13:06] *** World Rights ***;17.02.2025 10:18:54;Ja;17.02.2025 10:18:54
[10:09:35] *** Germany only ***;[10:09:35] *** Germany only ***;17.02.2025 10:16:47;Ja;17.02.2025 10:16:47
[10:06:50] *** Germany only ***;[10:06:50] *** Germany only ***;17.02.2025 10:16:05;Ja;17.02.2025 10:16:05
[09:45:32] World Rights Except UK and Ireland * GBROUT IRLOUT;[09:45:32] World Rights Except UK and Ireland * GBROUT IRLOUT;17.02.2025 09:52:39;Ja;17.02.2025 09:52:39
[09:40:35] World Rights Except UK and Ireland * GBROUT IRLOUT;[09:40:35] World Rights Except UK and Ireland * GBROUT IRLOUT;17.02.2025 09:49:38;Ja;17.02.2025 09:49:38
[09:41:08] *** World Rights ***;[09:41:08] *** World Rights ***;17.02.2025 09:49:04;Ja;17.02.2025 09:49:04
[09:40:26] *** Germany only ***;[09:40:26] *** Germany only ***;17.02.2025 09:48:03;Ja;17.02.2025 09:48:03
[09:36:54] *** World Rights ***;[09:36:54] *** World Rights ***;17.02.2025 09:45:58;Ja;17.02.2025 09:45:58
[09:25:36] World Rights Except UK and Ireland * GBROUT IRLOUT;[09:25:36] World Rights Except UK and Ireland * GBROUT IRLOUT;17.02.2025 09:33:43;Ja;17.02.2025 09:33:43
[09:25:59] World Rights Except UK and Ireland * GBROUT IRLOUT;[09:25:59] World Rights Except UK and Ireland * GBROUT IRLOUT;17.02.2025 09:32:40;Ja;17.02.2025 09:32:40
[09:23:30] *** World Rights ***;[09:23:30] *** World Rights ***;17.02.2025 09:31:24;Ja;17.02.2025 09:31:24
[09:20:59] *** World Rights ***;[09:20:59] *** World Rights ***;17.02.2025 09:29:52;Ja;17.02.2025 09:29:52
[09:13:38] *** World Rights ***;[09:13:38] *** World Rights ***;17.02.2025 09:26:47;Ja;17.02.2025 09:26:47
[09:13:58] *** World Rights ***;[09:13:58] *** World Rights ***;17.02.2025 09:21:42;Ja;17.02.2025 09:21:42
[09:03:26] *** World Rights ***;[09:03:26] *** World Rights ***;17.02.2025 09:14:50;Ja;17.02.2025 09:14:50
[08:50:31] *** World Rights ***;[08:50:31] *** World Rights ***;17.02.2025 08:57:06;Ja;17.02.2025 08:57:06
[08:42:10] *** World Rights ***;[08:42:10] *** World Rights ***;17.02.2025 08:50:34;Ja;17.02.2025 08:50:34
[08:43:09] World Rights Except UK and Ireland * GBROUT IRLOUT;[08:43:09] World Rights Except UK and Ireland * GBROUT IRLOUT;17.02.2025 08:49:53;Ja;17.02.2025 08:49:53
[08:34:20] World Rights Except UK and Ireland * GBROUT IRLOUT;[08:34:20] World Rights Except UK and Ireland * GBROUT IRLOUT;17.02.2025 08:38:14;Ja;17.02.2025 08:38:14
[08:26:40] *** World Rights ***;[08:26:40] *** World Rights ***;17.02.2025 08:31:23;Ja;17.02.2025 08:31:23
[08:23:47] *** World Rights ***;[08:23:47] *** World Rights ***;17.02.2025 08:29:35;Ja;17.02.2025 08:29:35
[08:04:01] *** World Rights ***;[08:04:01] *** World Rights ***;17.02.2025 08:15:46;Ja;17.02.2025 08:15:46
[07:56:08] *** World Rights ***;[07:56:08] *** World Rights ***;17.02.2025 08:01:53;Ja;17.02.2025 08:01:53
[07:48:59] *** World Rights ***;[07:48:59] *** World Rights ***;17.02.2025 07:51:45;Ja;17.02.2025 07:51:45
[07:47:11] *** World Rights ***;[07:47:11] *** World Rights ***;17.02.2025 07:50:16;Ja;17.02.2025 07:50:16
[07:34:23] *** World Rights ***;[07:34:23] *** World Rights ***;17.02.2025 07:36:35;Ja;17.02.2025 07:36:35
[07:26:38] *** World Rights ***;[07:26:38] *** World Rights ***;17.02.2025 07:29:48;Ja;17.02.2025 07:29:48
[07:13:58] *** World Rights ***;[07:13:58] *** World Rights ***;17.02.2025 07:17:08;Ja;17.02.2025 07:17:08
[07:13:51] *** World Rights ***;[07:13:51] *** World Rights ***;17.02.2025 07:16:35;Ja;17.02.2025 07:16:35
[06:52:17] *** World Rights ***;[06:52:17] *** World Rights ***;17.02.2025 06:56:55;Ja;17.02.2025 06:56:55
[05:05:14] *** World Rights ***;[05:05:14] *** World Rights ***;17.02.2025 05:11:09;Ja;17.02.2025 05:11:09
[04:55:36] *** World Rights ***;[04:55:36] *** World Rights ***;17.02.2025 04:58:34;Ja;17.02.2025 04:58:34
[04:51:00] World Rights Except UK and Ireland * GBROUT IRLOUT;[04:51:00] World Rights Except UK and Ireland * GBROUT IRLOUT;17.02.2025 04:53:27;Ja;17.02.2025 04:53:27
[03:49:43] *** World Rights ***;[03:49:43] *** World Rights ***;17.02.2025 03:53:35;Ja;17.02.2025 03:53:35
[03:39:46] *** World Rights ***;[03:39:46] *** World Rights ***;17.02.2025 03:44:05;Ja;17.02.2025 03:44:05
[03:39:45] *** World Rights ***;[03:39:45] *** World Rights ***;17.02.2025 03:41:55;Ja;17.02.2025 03:41:55
[02:27:23] World Rights Except UK and Ireland * GBROUT IRLOUT;[02:27:23] World Rights Except UK and Ireland * GBROUT IRLOUT;17.02.2025 02:31:23;Ja;17.02.2025 02:31:23
[01:46:18] *** World Rights ***;[01:46:18] *** World Rights ***;17.02.2025 01:50:54;Ja;17.02.2025 01:50:54
[01:27:18] *** World Rights ***;[01:27:18] *** World Rights ***;17.02.2025 01:31:03;Ja;17.02.2025 01:31:03
[00:50:20] World Rights Except UK and Ireland * GBROUT IRLOUT;[00:50:20] World Rights Except UK and Ireland * GBROUT IRLOUT;17.02.2025 00:52:25;Ja;17.02.2025 00:52:25
[00:15:18] *** World Rights ***;[00:15:18] *** World Rights ***;17.02.2025 00:18:11;Ja;17.02.2025 00:18:11
[00:06:08] *** World Rights ***;[00:06:08] *** World Rights ***;17.02.2025 00:11:16;Ja;17.02.2025 00:11:16
[23:26:12] *** World Rights ***;[23:26:12] *** World Rights ***;16.02.2025 23:27:34;Ja;16.02.2025 23:27:34
[23:14:13] *** Germany only ***;[23:14:13] *** Germany only ***;16.02.2025 23:17:58;Ja;16.02.2025 23:17:58
[21:53:46] *** World Rights ***;[21:53:46] *** World Rights ***;16.02.2025 21:56:39;Ja;16.02.2025 21:56:39
[19:29:02] *** World Rights ***;[19:29:02] *** World Rights ***;16.02.2025 21:34:37;Ja;16.02.2025 21:34:37
[21:29:44] *** Germany only ***;[21:29:44] *** Germany only ***;16.02.2025 21:32:41;Ja;16.02.2025 21:32:41
[21:17:36] *** World Rights ***;[21:17:36] *** World Rights ***;16.02.2025 21:18:55;Ja;16.02.2025 21:18:55
[21:03:53] *** World Rights ***;[21:03:53] *** World Rights ***;16.02.2025 21:08:44;Ja;16.02.2025 21:08:44
[21:02:12] *** World Rights ***;[21:02:12] *** World Rights ***;16.02.2025 21:02:56;Ja;16.02.2025 21:02:56
[20:33:19] *** World Rights ***;[20:33:19] *** World Rights ***;16.02.2025 20:37:02;Ja;16.02.2025 20:37:02
[20:23:24] *** World Rights ***;[20:23:24] *** World Rights ***;16.02.2025 20:26:51;Ja;16.02.2025 20:26:51
[20:21:22] *** World Rights ***;[20:21:22] *** World Rights ***;16.02.2025 20:23:11;Ja;16.02.2025 20:23:11
[20:04:08] *** World Rights ***;[20:04:08] *** World Rights ***;16.02.2025 20:06:34;Ja;16.02.2025 20:06:34
[20:03:55] *** World Rights ***;[20:03:55] *** World Rights ***;16.02.2025 20:06:23;Ja;16.02.2025 20:06:23
[19:40:10] World Rights Except UK and Ireland * GBROUT IRLOUT;[19:40:10] World Rights Except UK and Ireland * GBROUT IRLOUT;16.02.2025 19:43:19;Ja;16.02.2025 19:43:19
[19:32:35] World Rights Except UK and Ireland * GBROUT IRLOUT;[19:32:35] World Rights Except UK and Ireland * GBROUT IRLOUT;16.02.2025 19:37:46;Ja;16.02.2025 19:37:46
[19:25:45] *** World Rights ***;[19:25:45] *** World Rights ***;16.02.2025 19:33:26;Ja;16.02.2025 19:33:26
[19:12:23] *** World Rights ***;[19:12:23] *** World Rights ***;16.02.2025 19:16:13;Ja;16.02.2025 19:16:13
[19:12:33] *** World Rights ***;[19:12:33] *** World Rights ***;16.02.2025 19:16:00;Ja;16.02.2025 19:16:00
[18:50:17] *** World Rights ***;[18:50:17] *** World Rights ***;16.02.2025 18:59:07;Ja;16.02.2025 18:59:07
[18:51:45] *** World Rights ***;[18:51:45] *** World Rights ***;16.02.2025 18:57:44;Ja;16.02.2025 18:57:44
[18:51:36] World Rights Except UK and Ireland * GBROUT IRLOUT;[18:51:36] World Rights Except UK and Ireland * GBROUT IRLOUT;16.02.2025 18:57:17;Ja;16.02.2025 18:57:17
[18:44:58] *** World Rights ***;[18:44:58] *** World Rights ***;16.02.2025 18:54:23;Ja;16.02.2025 18:54:23
[18:37:36] *** World Rights ***;[18:37:36] *** World Rights ***;16.02.2025 18:42:47;Ja;16.02.2025 18:42:47
[18:23:24] *** World Rights ***;[18:23:24] *** World Rights ***;16.02.2025 18:33:45;Ja;16.02.2025 18:33:45
[18:23:17] *** World Rights ***;[18:23:17] *** World Rights ***;16.02.2025 18:29:00;Ja;16.02.2025 18:29:00
[18:18:27] *** World Rights ***;[18:18:27] *** World Rights ***;16.02.2025 18:24:26;Ja;16.02.2025 18:24:26
[18:12:01] *** World Rights ***;[18:12:01] *** World Rights ***;16.02.2025 18:22:29;Ja;16.02.2025 18:22:29
[18:12:26] *** World Rights ***;[18:12:26] *** World Rights ***;16.02.2025 18:20:51;Ja;16.02.2025 18:20:51
[18:00:56] *** Germany only ***;[18:00:56] *** Germany only ***;16.02.2025 18:08:18;Ja;16.02.2025 18:08:18
[17:43:53] *** World Rights ***;[17:43:53] *** World Rights ***;16.02.2025 17:55:14;Ja;16.02.2025 17:55:14
[17:40:03] *** World Rights ***;[17:40:03] *** World Rights ***;16.02.2025 17:47:42;Ja;16.02.2025 17:47:42
[17:20:06] *** World Rights ***;[17:20:06] *** World Rights ***;16.02.2025 17:30:15;Ja;16.02.2025 17:30:15
[17:20:48] *** World Rights ***;[17:20:48] *** World Rights ***;16.02.2025 17:28:09;Ja;16.02.2025 17:28:09
[17:18:25] *** World Rights ***;[17:18:25] *** World Rights ***;16.02.2025 17:26:26;Ja;16.02.2025 17:26:26
[17:14:23] *** World Rights ***;[17:14:23] *** World Rights ***;16.02.2025 17:22:50;Ja;16.02.2025 17:22:50
[17:10:38] *** World Rights ***;[17:10:38] *** World Rights ***;16.02.2025 17:20:26;Ja;16.02.2025 17:20:26
[17:04:09] *** World Rights ***;[17:04:09] *** World Rights ***;16.02.2025 17:16:26;Ja;16.02.2025 17:16:26
[16:58:28] World Rights Except UK and Ireland * GBROUT IRLOUT;[16:58:28] World Rights Except UK and Ireland * GBROUT IRLOUT;16.02.2025 17:06:30;Ja;16.02.2025 17:06:30
[16:56:50] *** World Rights ***;[16:56:50] *** World Rights ***;16.02.2025 17:05:54;Ja;16.02.2025 17:05:54
[16:55:12] *** World Rights ***;[16:55:12] *** World Rights ***;16.02.2025 17:04:23;Ja;16.02.2025 17:04:23
[16:54:26] *** World Rights ***;[16:54:26] *** World Rights ***;16.02.2025 17:02:40;Ja;16.02.2025 17:02:40
[16:51:50] World Rights Except UK and Ireland * GBROUT IRLOUT;[16:51:50] World Rights Except UK and Ireland * GBROUT IRLOUT;16.02.2025 17:00:34;Ja;16.02.2025 17:00:34
[16:49:50] *** World Rights ***;[16:49:50] *** World Rights ***;16.02.2025 16:58:17;Ja;16.02.2025 16:58:17
[16:37:52] *** World Rights ***;[16:37:52] *** World Rights ***;16.02.2025 16:45:49;Ja;16.02.2025 16:45:49
[16:29:08] *** World Rights ***;[16:29:08] *** World Rights ***;16.02.2025 16:40:39;Ja;16.02.2025 16:40:39
[16:32:18] World Rights Except UK and Ireland * GBROUT IRLOUT;[16:32:18] World Rights Except UK and Ireland * GBROUT IRLOUT;16.02.2025 16:38:49;Ja;16.02.2025 16:38:49
[16:24:50] World Rights Except UK and Ireland * GBROUT IRLOUT;[16:24:50] World Rights Except UK and Ireland * GBROUT IRLOUT;16.02.2025 16:38:41;Ja;16.02.2025 16:38:41
[16:24:09] *** World Rights ***;[16:24:09] *** World Rights ***;16.02.2025 16:31:06;Ja;16.02.2025 16:31:06
[16:19:05] *** Germany only ***;[16:19:05] *** Germany only ***;16.02.2025 16:25:19;Ja;16.02.2025 16:25:19
[16:09:12] *** World Rights ***;[16:09:12] *** World Rights ***;16.02.2025 16:18:57;Ja;16.02.2025 16:18:57
[16:04:47] *** World Rights ***;[16:04:47] *** World Rights ***;16.02.2025 16:13:10;Ja;16.02.2025 16:13:10
[15:48:09] *** World Rights ***;[15:48:09] *** World Rights ***;16.02.2025 15:52:55;Ja;16.02.2025 15:52:55
[15:41:13] *** World Rights ***;[15:41:13] *** World Rights ***;16.02.2025 15:46:52;Ja;16.02.2025 15:46:52
[15:21:01] *** World Rights ***;[15:21:01] *** World Rights ***;16.02.2025 15:29:35;Ja;16.02.2025 15:29:35
[15:21:20] *** World Rights ***;[15:21:20] *** World Rights ***;16.02.2025 15:27:59;Ja;16.02.2025 15:27:59
[15:12:25] *** World Rights ***;[15:12:25] *** World Rights ***;16.02.2025 15:21:26;Ja;16.02.2025 15:21:26
[15:04:32] *** World Rights ***;[15:04:32] *** World Rights ***;16.02.2025 15:17:59;Ja;16.02.2025 15:17:59
[15:10:17] *** World Rights ***;[15:10:17] *** World Rights ***;16.02.2025 15:15:08;Ja;16.02.2025 15:15:08
[15:04:32] World Rights Except UK and Ireland * GBROUT IRLOUT;[15:04:32] World Rights Except UK and Ireland * GBROUT IRLOUT;16.02.2025 15:09:56;Ja;16.02.2025 15:09:56
[14:52:17] World Rights Except UK and Ireland * GBROUT IRLOUT;[14:52:17] World Rights Except UK and Ireland * GBROUT IRLOUT;16.02.2025 14:56:01;Ja;16.02.2025 14:56:01
[14:36:29] *** World Rights ***;[14:36:29] *** World Rights ***;16.02.2025 14:43:28;Ja;16.02.2025 14:43:28
[14:32:03] *** World Rights ***;[14:32:03] *** World Rights ***;16.02.2025 14:38:48;Ja;16.02.2025 14:38:48
[14:17:53] *** World Rights ***;[14:17:53] *** World Rights ***;16.02.2025 14:22:53;Ja;16.02.2025 14:22:53
[14:16:35] *** World Rights ***;[14:16:35] *** World Rights ***;16.02.2025 14:20:13;Ja;16.02.2025 14:20:13
[14:12:14] *** Germany only ***;[14:12:14] *** Germany only ***;16.02.2025 14:16:32;Ja;16.02.2025 14:16:32
[14:02:28] *** World Rights ***;[14:02:28] *** World Rights ***;16.02.2025 14:06:26;Ja;16.02.2025 14:06:26
[14:00:49] World Rights Except UK and Ireland * GBROUT IRLOUT;[14:00:49] World Rights Except UK and Ireland * GBROUT IRLOUT;16.02.2025 14:05:01;Ja;16.02.2025 14:05:01
[13:41:40] *** World Rights ***;[13:41:40] *** World Rights ***;16.02.2025 13:45:38;Ja;16.02.2025 13:45:38
[13:38:58] *** World Rights ***;[13:38:58] *** World Rights ***;16.02.2025 13:44:24;Ja;16.02.2025 13:44:24
[13:37:38] *** World Rights ***;[13:37:38] *** World Rights ***;16.02.2025 13:40:58;Ja;16.02.2025 13:40:58
[13:34:39] *** World Rights ***;[13:34:39] *** World Rights ***;16.02.2025 13:40:51;Ja;16.02.2025 13:40:51
[13:37:04] World Rights Except UK and Ireland * GBROUT IRLOUT;[13:37:04] World Rights Except UK and Ireland * GBROUT IRLOUT;16.02.2025 13:40:12;Ja;16.02.2025 13:40:12
[13:32:56] *** World Rights ***;[13:32:56] *** World Rights ***;16.02.2025 13:36:30;Ja;16.02.2025 13:36:30
[13:27:36] *** World Rights ***;[13:27:36] *** World Rights ***;16.02.2025 13:30:01;Ja;16.02.2025 13:30:01
[13:24:19] *** World Rights ***;[13:24:19] *** World Rights ***;16.02.2025 13:27:58;Ja;16.02.2025 13:27:58
[13:21:22] *** World Rights ***;[13:21:22] *** World Rights ***;16.02.2025 13:27:13;Ja;16.02.2025 13:27:13
[13:13:01] *** World Rights ***;[13:13:01] *** World Rights ***;16.02.2025 13:16:31;Ja;16.02.2025 13:16:31
[13:05:16] *** World Rights ***;[13:05:16] *** World Rights ***;16.02.2025 13:08:31;Ja;16.02.2025 13:08:31
[12:55:14] *** World Rights ***;[12:55:14] *** World Rights ***;16.02.2025 13:01:27;Ja;16.02.2025 13:01:27
[12:53:13] *** World Rights ***;[12:53:13] *** World Rights ***;16.02.2025 12:56:06;Ja;16.02.2025 12:56:06
[12:40:08] *** World Rights ***;[12:40:08] *** World Rights ***;16.02.2025 12:45:09;Ja;16.02.2025 12:45:09
[12:36:52] World Rights Except UK and Ireland * GBROUT IRLOUT;[12:36:52] World Rights Except UK and Ireland * GBROUT IRLOUT;16.02.2025 12:42:29;Ja;16.02.2025 12:42:29
[12:37:45] *** World Rights ***;[12:37:45] *** World Rights ***;16.02.2025 12:39:59;Ja;16.02.2025 12:39:59
[12:34:06] *** World Rights ***;[12:34:06] *** World Rights ***;16.02.2025 12:36:13;Ja;16.02.2025 12:36:13
[12:29:51] *** Germany only ***;[12:29:51] *** Germany only ***;16.02.2025 12:31:51;Ja;16.02.2025 12:31:51
[12:11:37] *** World Rights ***;[12:11:37] *** World Rights ***;16.02.2025 12:13:41;Ja;16.02.2025 12:13:41
[12:09:29] *** World Rights ***;[12:09:29] *** World Rights ***;16.02.2025 12:12:08;Ja;16.02.2025 12:12:08
[12:02:39] *** World Rights ***;[12:02:39] *** World Rights ***;16.02.2025 12:09:25;Ja;16.02.2025 12:09:25
[12:03:03] World Rights Except UK and Ireland * GBROUT IRLOUT;[12:03:03] World Rights Except UK and Ireland * GBROUT IRLOUT;16.02.2025 12:05:52;Ja;16.02.2025 12:05:52
[12:00:39] *** World Rights ***;[12:00:39] *** World Rights ***;16.02.2025 12:05:43;Ja;16.02.2025 12:05:43
[11:51:25] World Rights Except UK and Ireland * GBROUT IRLOUT;[11:51:25] World Rights Except UK and Ireland * GBROUT IRLOUT;16.02.2025 11:55:13;Ja;16.02.2025 11:55:13
[11:48:37] *** World Rights ***;[11:48:37] *** World Rights ***;16.02.2025 11:52:11;Ja;16.02.2025 11:52:11
[11:36:31] World Rights Except UK and Ireland * GBROUT IRLOUT;[11:36:31] World Rights Except UK and Ireland * GBROUT IRLOUT;16.02.2025 11:38:33;Ja;16.02.2025 11:38:33
[11:35:32] *** World Rights ***;[11:35:32] *** World Rights ***;16.02.2025 11:38:01;Ja;16.02.2025 11:38:01
[11:20:48] *** World Rights ***;[11:20:48] *** World Rights ***;16.02.2025 11:26:14;Ja;16.02.2025 11:26:14
[11:21:56] *** World Rights ***;[11:21:56] *** World Rights ***;16.02.2025 11:25:04;Ja;16.02.2025 11:25:04
[11:18:24] *** World Rights ***;[11:18:24] *** World Rights ***;16.02.2025 11:23:23;Ja;16.02.2025 11:23:23
[11:15:14] *** World Rights ***;[11:15:14] *** World Rights ***;16.02.2025 11:20:46;Ja;16.02.2025 11:20:46
[11:03:42] *** World Rights ***;[11:03:42] *** World Rights ***;16.02.2025 11:07:21;Ja;16.02.2025 11:07:21
[10:58:31] *** World Rights ***;[10:58:31] *** World Rights ***;16.02.2025 11:04:32;Ja;16.02.2025 11:04:32
[10:57:17] World Rights Except UK and Ireland * GBROUT IRLOUT;[10:57:17] World Rights Except UK and Ireland * GBROUT IRLOUT;16.02.2025 11:04:11;Ja;16.02.2025 11:04:11
[10:44:58] *** World Rights ***;[10:44:58] *** World Rights ***;16.02.2025 10:55:05;Ja;16.02.2025 10:55:05
[10:45:02] *** World Rights ***;[10:45:02] *** World Rights ***;16.02.2025 10:53:05;Ja;16.02.2025 10:53:05
[10:34:03] *** World Rights ***;[10:34:03] *** World Rights ***;16.02.2025 10:41:41;Ja;16.02.2025 10:41:41
[10:29:13] World Rights Except UK and Ireland * GBROUT IRLOUT;[10:29:13] World Rights Except UK and Ireland * GBROUT IRLOUT;16.02.2025 10:38:03;Ja;16.02.2025 10:38:03
[10:23:47] *** World Rights ***;[10:23:47] *** World Rights ***;16.02.2025 10:31:38;Ja;16.02.2025 10:31:38
[10:24:39] *** World Rights ***;[10:24:39] *** World Rights ***;16.02.2025 10:30:39;Ja;16.02.2025 10:30:39
[10:05:10] *** World Rights ***;[10:05:10] *** World Rights ***;16.02.2025 10:16:51;Ja;16.02.2025 10:16:51
[09:51:20] *** World Rights ***;[09:51:20] *** World Rights ***;16.02.2025 09:59:21;Ja;16.02.2025 09:59:21
[09:49:36] *** World Rights ***;[09:49:36] *** World Rights ***;16.02.2025 09:58:43;Ja;16.02.2025 09:58:43
[09:51:34] *** World Rights ***;[09:51:34] *** World Rights ***;16.02.2025 09:58:00;Ja;16.02.2025 09:58:00
[09:47:26] *** World Rights ***;[09:47:26] *** World Rights ***;16.02.2025 09:57:01;Ja;16.02.2025 09:57:01
[09:40:02] World Rights Except UK and Ireland * GBROUT IRLOUT;[09:40:02] World Rights Except UK and Ireland * GBROUT IRLOUT;16.02.2025 09:51:39;Ja;16.02.2025 09:51:39
[09:19:16] *** World Rights ***;[09:19:16] *** World Rights ***;16.02.2025 09:25:56;Ja;16.02.2025 09:25:56
[09:05:06] *** World Rights ***;[09:05:06] *** World Rights ***;16.02.2025 09:14:37;Ja;16.02.2025 09:14:37
[08:56:39] *** World Rights ***;[08:56:39] *** World Rights ***;16.02.2025 09:01:30;Ja;16.02.2025 09:01:30
[08:46:19] *** World Rights ***;[08:46:19] *** World Rights ***;16.02.2025 08:51:27;Ja;16.02.2025 08:51:27
[08:44:08] *** World Rights ***;[08:44:08] *** World Rights ***;16.02.2025 08:50:17;Ja;16.02.2025 08:50:17
[08:43:54] *** World Rights ***;[08:43:54] *** World Rights ***;16.02.2025 08:48:49;Ja;16.02.2025 08:48:49
[08:14:43] *** Germany only ***;[08:14:43] *** Germany only ***;16.02.2025 08:18:47;Ja;16.02.2025 08:18:47
[08:11:56] *** World Rights ***;[08:11:56] *** World Rights ***;16.02.2025 08:16:27;Ja;16.02.2025 08:16:27
[08:05:06] *** World Rights ***;[08:05:06] *** World Rights ***;16.02.2025 08:09:35;Ja;16.02.2025 08:09:35
[08:02:52] *** World Rights ***;[08:02:52] *** World Rights ***;16.02.2025 08:08:11;Ja;16.02.2025 08:08:11
[07:47:48] World Rights Except UK and Ireland * GBROUT IRLOUT;[07:47:48] World Rights Except UK and Ireland * GBROUT IRLOUT;16.02.2025 07:51:52;Ja;16.02.2025 07:51:52
[07:10:02] *** World Rights ***;[07:10:02] *** World Rights ***;16.02.2025 07:13:09;Ja;16.02.2025 07:13:09
[07:00:23] *** World Rights ***;[07:00:23] *** World Rights ***;16.02.2025 07:02:51;Ja;16.02.2025 07:02:51
[06:46:38] World Rights Except UK and Ireland * GBROUT IRLOUT;[06:46:38] World Rights Except UK and Ireland * GBROUT IRLOUT;16.02.2025 06:47:58;Ja;16.02.2025 06:47:58
[06:11:55] *** World Rights ***;[06:11:55] *** World Rights ***;16.02.2025 06:13:41;Ja;16.02.2025 06:13:41
[06:11:58] *** Germany only ***;[06:11:58] *** Germany only ***;16.02.2025 06:12:45;Ja;16.02.2025 06:12:45
[05:28:15] *** World Rights ***;[05:28:15] *** World Rights ***;16.02.2025 05:30:12;Ja;16.02.2025 05:30:12
[05:08:42] *** World Rights ***;[05:08:42] *** World Rights ***;16.02.2025 05:14:36;Ja;16.02.2025 05:14:36
[05:02:02] World Rights Except UK and Ireland * GBROUT IRLOUT;[05:02:02] World Rights Except UK and Ireland * GBROUT IRLOUT;16.02.2025 05:06:11;Ja;16.02.2025 05:06:11
[02:53:39] *** World Rights ***;[02:53:39] *** World Rights ***;16.02.2025 02:57:15;Ja;16.02.2025 02:57:15
[02:05:08] World Rights Except UK and Ireland * GBROUT IRLOUT;[02:05:08] World Rights Except UK and Ireland * GBROUT IRLOUT;16.02.2025 02:06:57;Ja;16.02.2025 02:06:57
[00:52:53] *** World Rights ***;[00:52:53] *** World Rights ***;16.02.2025 00:56:03;Ja;16.02.2025 00:56:03
[00:33:48] *** World Rights ***;[00:33:48] *** World Rights ***;16.02.2025 00:36:27;Ja;16.02.2025 00:36:27
[00:33:23] *** World Rights ***;[00:33:23] *** World Rights ***;16.02.2025 00:34:12;Ja;16.02.2025 00:34:12
[22:48:07] *** World Rights ***;[22:48:07] *** World Rights ***;15.02.2025 22:51:55;Ja;15.02.2025 22:51:55
[22:42:23] *** World Rights ***;[22:42:23] *** World Rights ***;15.02.2025 22:49:00;Ja;15.02.2025 22:49:00
[22:28:32] *** Germany only ***;[22:28:32] *** Germany only ***;15.02.2025 22:34:33;Ja;15.02.2025 22:34:33
[22:10:00] World Rights Except UK and Ireland * GBROUT IRLOUT;[22:10:00] World Rights Except UK and Ireland * GBROUT IRLOUT;15.02.2025 22:13:47;Ja;15.02.2025 22:13:47
[21:40:48] *** World Rights ***;[21:40:48] *** World Rights ***;15.02.2025 21:42:49;Ja;15.02.2025 21:42:49
[20:58:56] *** World Rights ***;[20:58:56] *** World Rights ***;15.02.2025 21:04:57;Ja;15.02.2025 21:04:57
[20:38:52] World Rights Except UK and Ireland * GBROUT IRLOUT;[20:38:52] World Rights Except UK and Ireland * GBROUT IRLOUT;15.02.2025 20:41:45;Ja;15.02.2025 20:41:45
[20:19:44] *** World Rights ***;[20:19:44] *** World Rights ***;15.02.2025 20:20:57;Ja;15.02.2025 20:20:57
[20:07:57] *** World Rights ***;[20:07:57] *** World Rights ***;15.02.2025 20:10:10;Ja;15.02.2025 20:10:10
[19:56:26] *** World Rights ***;[19:56:26] *** World Rights ***;15.02.2025 19:59:44;Ja;15.02.2025 19:59:44
[19:25:10] *** World Rights ***;[19:25:10] *** World Rights ***;15.02.2025 19:34:10;Ja;15.02.2025 19:34:10
[19:10:50] *** World Rights ***;[19:10:50] *** World Rights ***;15.02.2025 19:17:50;Ja;15.02.2025 19:17:50
[18:52:35] *** World Rights ***;[18:52:35] *** World Rights ***;15.02.2025 19:02:31;Ja;15.02.2025 19:02:31
[18:55:45] World Rights Except UK and Ireland * GBROUT IRLOUT;[18:55:45] World Rights Except UK and Ireland * GBROUT IRLOUT;15.02.2025 19:01:05;Ja;15.02.2025 19:01:05
[18:36:51] World Rights Except UK and Ireland * GBROUT IRLOUT;[18:36:51] World Rights Except UK and Ireland * GBROUT IRLOUT;15.02.2025 18:42:41;Ja;15.02.2025 18:42:41
[18:33:06] *** World Rights ***;[18:33:06] *** World Rights ***;15.02.2025 18:42:30;Ja;15.02.2025 18:42:30
[18:29:13] *** World Rights ***;[18:29:13] *** World Rights ***;15.02.2025 18:38:25;Ja;15.02.2025 18:38:25
[18:18:24] *** World Rights ***;[18:18:24] *** World Rights ***;15.02.2025 18:26:08;Ja;15.02.2025 18:26:08
[18:13:47] *** Germany only ***;[18:13:47] *** Germany only ***;15.02.2025 18:25:57;Ja;15.02.2025 18:25:57
[18:14:23] *** World Rights ***;[18:14:23] *** World Rights ***;15.02.2025 18:20:03;Ja;15.02.2025 18:20:03
[18:13:20] *** World Rights ***;[18:13:20] *** World Rights ***;15.02.2025 18:19:52;Ja;15.02.2025 18:19:52
[18:08:41] World Rights Except UK and Ireland * GBROUT IRLOUT;[18:08:41] World Rights Except UK and Ireland * GBROUT IRLOUT;15.02.2025 18:15:44;Ja;15.02.2025 18:15:44
[17:55:29] *** World Rights ***;[17:55:29] *** World Rights ***;15.02.2025 18:08:17;Ja;15.02.2025 18:08:17
[17:59:46] *** World Rights ***;[17:59:46] *** World Rights ***;15.02.2025 18:07:13;Ja;15.02.2025 18:07:13
[17:53:49] *** World Rights ***;[17:53:49] *** World Rights ***;15.02.2025 18:02:47;Ja;15.02.2025 18:02:47
[17:51:31] *** World Rights ***;[17:51:31] *** World Rights ***;15.02.2025 18:01:48;Ja;15.02.2025 18:01:48
[17:46:00] World Rights Except UK and Ireland * GBROUT IRLOUT;[17:46:00] World Rights Except UK and Ireland * GBROUT IRLOUT;15.02.2025 17:56:45;Ja;15.02.2025 17:56:45
[17:28:30] *** World Rights ***;[17:28:30] *** World Rights ***;15.02.2025 17:38:24;Ja;15.02.2025 17:38:24
[17:24:18] *** World Rights ***;[17:24:18] *** World Rights ***;15.02.2025 17:34:38;Ja;15.02.2025 17:34:38
[17:05:34] *** World Rights ***;[17:05:34] *** World Rights ***;15.02.2025 17:13:59;Ja;15.02.2025 17:13:59
[16:59:49] *** World Rights ***;[16:59:49] *** World Rights ***;15.02.2025 17:10:02;Ja;15.02.2025 17:10:02
[16:50:37] *** World Rights ***;[16:50:37] *** World Rights ***;15.02.2025 16:58:39;Ja;15.02.2025 16:58:39
[16:51:34] World Rights Except UK and Ireland * GBROUT IRLOUT;[16:51:34] World Rights Except UK and Ireland * GBROUT IRLOUT;15.02.2025 16:57:55;Ja;15.02.2025 16:57:55
[16:46:44] World Rights Except UK and Ireland * GBROUT IRLOUT;[16:46:44] World Rights Except UK and Ireland * GBROUT IRLOUT;15.02.2025 16:54:20;Ja;15.02.2025 16:54:20
[16:35:10] World Rights Except UK and Ireland * GBROUT IRLOUT;[16:35:10] World Rights Except UK and Ireland * GBROUT IRLOUT;15.02.2025 16:43:14;Ja;15.02.2025 16:43:14
[16:32:39] *** World Rights ***;[16:32:39] *** World Rights ***;15.02.2025 16:38:49;Ja;15.02.2025 16:38:49
[16:13:55] *** World Rights ***;[16:13:55] *** World Rights ***;15.02.2025 16:25:13;Ja;15.02.2025 16:25:13
[16:07:53] *** World Rights ***;[16:07:53] *** World Rights ***;15.02.2025 16:16:00;Ja;15.02.2025 16:16:00
[16:04:52] *** Germany only ***;[16:04:52] *** Germany only ***;15.02.2025 16:12:23;Ja;15.02.2025 16:12:23
[15:55:09] *** World Rights ***;[15:55:09] *** World Rights ***;15.02.2025 16:02:13;Ja;15.02.2025 16:02:13
[15:49:19] *** World Rights ***;[15:49:19] *** World Rights ***;15.02.2025 15:56:55;Ja;15.02.2025 15:56:55
[15:38:09] *** World Rights ***;[15:38:09] *** World Rights ***;15.02.2025 15:50:55;Ja;15.02.2025 15:50:55
[15:44:38] World Rights Except UK and Ireland * GBROUT IRLOUT;[15:44:38] World Rights Except UK and Ireland * GBROUT IRLOUT;15.02.2025 15:50:46;Ja;15.02.2025 15:50:46
[15:37:47] *** Germany only ***;[15:37:47] *** Germany only ***;15.02.2025 15:46:29;Ja;15.02.2025 15:46:29
[15:31:29] *** World Rights ***;[15:31:29] *** World Rights ***;15.02.2025 15:39:58;Ja;15.02.2025 15:39:58
[15:27:13] World Rights Except UK and Ireland * GBROUT IRLOUT;[15:27:13] World Rights Except UK and Ireland * GBROUT IRLOUT;15.02.2025 15:34:33;Ja;15.02.2025 15:34:33
[15:26:26] World Rights Except UK and Ireland * GBROUT IRLOUT;[15:26:26] World Rights Except UK and Ireland * GBROUT IRLOUT;15.02.2025 15:33:04;Ja;15.02.2025 15:33:04
[15:14:28] *** World Rights ***;[15:14:28] *** World Rights ***;15.02.2025 15:20:27;Ja;15.02.2025 15:20:27
[15:04:03] *** World Rights ***;[15:04:03] *** World Rights ***;15.02.2025 15:08:37;Ja;15.02.2025 15:08:37
[14:57:25] *** World Rights ***;[14:57:25] *** World Rights ***;15.02.2025 15:05:10;Ja;15.02.2025 15:05:10
[14:51:40] *** World Rights ***;[14:51:40] *** World Rights ***;15.02.2025 14:55:22;Ja;15.02.2025 14:55:22
[14:35:50] *** World Rights ***;[14:35:50] *** World Rights ***;15.02.2025 14:46:59;Ja;15.02.2025 14:46:59
[14:43:48] *** Germany only ***;[14:43:48] *** Germany only ***;15.02.2025 14:46:39;Ja;15.02.2025 14:46:39
[14:42:58] *** World Rights ***;[14:42:58] *** World Rights ***;15.02.2025 14:46:28;Ja;15.02.2025 14:46:28
[14:42:36] *** World Rights ***;[14:42:36] *** World Rights ***;15.02.2025 14:45:57;Ja;15.02.2025 14:45:57
[14:38:44] World Rights Except UK and Ireland * GBROUT IRLOUT;[14:38:44] World Rights Except UK and Ireland * GBROUT IRLOUT;15.02.2025 14:42:14;Ja;15.02.2025 14:42:14
[14:30:25] *** World Rights ***;[14:30:25] *** World Rights ***;15.02.2025 14:37:06;Ja;15.02.2025 14:37:06
[14:32:07] *** Germany only ***;[14:32:07] *** Germany only ***;15.02.2025 14:35:29;Ja;15.02.2025 14:35:29
[14:27:05] World Rights Except UK and Ireland * GBROUT IRLOUT;[14:27:05] World Rights Except UK and Ireland * GBROUT IRLOUT;15.02.2025 14:34:40;Ja;15.02.2025 14:34:40
[14:11:43] *** World Rights ***;[14:11:43] *** World Rights ***;15.02.2025 14:25:36;Ja;15.02.2025 14:25:36
[14:17:04] *** World Rights ***;[14:17:04] *** World Rights ***;15.02.2025 14:20:19;Ja;15.02.2025 14:20:19
[14:15:25] *** World Rights ***;[14:15:25] *** World Rights ***;15.02.2025 14:17:38;Ja;15.02.2025 14:17:38
[13:50:34] World Rights Except UK and Ireland * GBROUT IRLOUT;[13:50:34] World Rights Except UK and Ireland * GBROUT IRLOUT;15.02.2025 13:54:42;Ja;15.02.2025 13:54:42
[13:44:12] *** World Rights ***;[13:44:12] *** World Rights ***;15.02.2025 13:48:35;Ja;15.02.2025 13:48:35
[13:39:33] *** World Rights ***;[13:39:33] *** World Rights ***;15.02.2025 13:41:21;Ja;15.02.2025 13:41:21
[13:15:17] World Rights Except UK and Ireland * GBROUT IRLOUT;[13:15:17] World Rights Except UK and Ireland * GBROUT IRLOUT;15.02.2025 13:19:02;Ja;15.02.2025 13:19:02
[13:10:03] *** World Rights ***;[13:10:03] *** World Rights ***;15.02.2025 13:12:59;Ja;15.02.2025 13:12:59
[13:01:32] *** World Rights ***;[13:01:32] *** World Rights ***;15.02.2025 13:07:17;Ja;15.02.2025 13:07:17
[13:01:05] *** World Rights ***;[13:01:05] *** World Rights ***;15.02.2025 13:06:02;Ja;15.02.2025 13:06:02
[12:54:29] *** World Rights ***;[12:54:29] *** World Rights ***;15.02.2025 13:02:25;Ja;15.02.2025 13:02:25
[12:55:21] *** World Rights ***;[12:55:21] *** World Rights ***;15.02.2025 12:59:16;Ja;15.02.2025 12:59:16
[12:56:54] *** World Rights ***;[12:56:54] *** World Rights ***;15.02.2025 12:58:56;Ja;15.02.2025 12:58:56
[12:53:05] *** World Rights ***;[12:53:05] *** World Rights ***;15.02.2025 12:57:05;Ja;15.02.2025 12:57:05
[12:49:29] *** World Rights ***;[12:49:29] *** World Rights ***;15.02.2025 12:53:41;Ja;15.02.2025 12:53:41
[12:48:36] *** World Rights ***;[12:48:36] *** World Rights ***;15.02.2025 12:51:48;Ja;15.02.2025 12:51:48
[12:45:09] *** World Rights ***;[12:45:09] *** World Rights ***;15.02.2025 12:47:41;Ja;15.02.2025 12:47:41
[12:22:27] *** World Rights ***;[12:22:27] *** World Rights ***;15.02.2025 12:25:20;Ja;15.02.2025 12:25:20
[12:12:47] *** World Rights ***;[12:12:47] *** World Rights ***;15.02.2025 12:15:11;Ja;15.02.2025 12:15:11
[11:58:19] *** World Rights ***;[11:58:19] *** World Rights ***;15.02.2025 12:05:06;Ja;15.02.2025 12:05:06
[12:01:32] World Rights Except UK and Ireland * GBROUT IRLOUT;[12:01:32] World Rights Except UK and Ireland * GBROUT IRLOUT;15.02.2025 12:04:29;Ja;15.02.2025 12:04:29
[12:00:16] *** World Rights ***;[12:00:16] *** World Rights ***;15.02.2025 12:03:00;Ja;15.02.2025 12:03:00
[11:55:31] *** World Rights ***;[11:55:31] *** World Rights ***;15.02.2025 11:58:21;Ja;15.02.2025 11:58:21
[11:54:52] *** World Rights ***;[11:54:52] *** World Rights ***;15.02.2025 11:58:06;Ja;15.02.2025 11:58:06
[11:47:59] World Rights Except UK and Ireland * GBROUT IRLOUT;[11:47:59] World Rights Except UK and Ireland * GBROUT IRLOUT;15.02.2025 11:50:45;Ja;15.02.2025 11:50:45
[11:36:38] *** World Rights ***;[11:36:38] *** World Rights ***;15.02.2025 11:43:36;Ja;15.02.2025 11:43:36
[11:31:04] *** World Rights ***;[11:31:04] *** World Rights ***;15.02.2025 11:38:26;Ja;15.02.2025 11:38:26
[11:28:03] *** World Rights ***;[11:28:03] *** World Rights ***;15.02.2025 11:34:40;Ja;15.02.2025 11:34:40
[11:27:10] *** World Rights ***;[11:27:10] *** World Rights ***;15.02.2025 11:30:31;Ja;15.02.2025 11:30:31
[11:21:56] World Rights Except UK and Ireland * GBROUT IRLOUT;[11:21:56] World Rights Except UK and Ireland * GBROUT IRLOUT;15.02.2025 11:26:57;Ja;15.02.2025 11:26:57
[11:11:55] *** World Rights ***;[11:11:55] *** World Rights ***;15.02.2025 11:17:14;Ja;15.02.2025 11:17:14
[11:09:58] *** World Rights ***;[11:09:58] *** World Rights ***;15.02.2025 11:13:32;Ja;15.02.2025 11:13:32
[10:59:36] *** World Rights ***;[10:59:36] *** World Rights ***;15.02.2025 11:09:52;Ja;15.02.2025 11:09:52
[11:01:14] *** World Rights ***;[11:01:14] *** World Rights ***;15.02.2025 11:08:08;Ja;15.02.2025 11:08:08
[10:49:48] *** Germany only ***;[10:49:48] *** Germany only ***;15.02.2025 10:55:07;Ja;15.02.2025 10:55:07
[10:44:11] *** World Rights ***;[10:44:11] *** World Rights ***;15.02.2025 10:50:39;Ja;15.02.2025 10:50:39
[10:34:20] *** World Rights ***;[10:34:20] *** World Rights ***;15.02.2025 10:40:18;Ja;15.02.2025 10:40:18
[10:30:09] *** World Rights ***;[10:30:09] *** World Rights ***;15.02.2025 10:38:51;Ja;15.02.2025 10:38:51
[10:19:29] *** World Rights ***;[10:19:29] *** World Rights ***;15.02.2025 10:29:05;Ja;15.02.2025 10:29:05
[10:08:33] *** World Rights ***;[10:08:33] *** World Rights ***;15.02.2025 10:17:31;Ja;15.02.2025 10:17:31
[10:07:15] *** World Rights ***;[10:07:15] *** World Rights ***;15.02.2025 10:15:37;Ja;15.02.2025 10:15:37
[09:57:05] *** Germany only ***;[09:57:05] *** Germany only ***;15.02.2025 10:13:00;Ja;15.02.2025 10:13:00
[10:04:17] *** World Rights ***;[10:04:17] *** World Rights ***;15.02.2025 10:10:47;Ja;15.02.2025 10:10:47
[09:56:22] *** World Rights ***;[09:56:22] *** World Rights ***;15.02.2025 10:09:05;Ja;15.02.2025 10:09:05
[09:47:01] *** World Rights ***;[09:47:01] *** World Rights ***;15.02.2025 10:00:10;Ja;15.02.2025 10:00:10
[09:50:00] *** World Rights ***;[09:50:00] *** World Rights ***;15.02.2025 09:57:59;Ja;15.02.2025 09:57:59
[09:42:51] *** World Rights ***;[09:42:51] *** World Rights ***;15.02.2025 09:49:58;Ja;15.02.2025 09:49:58
[09:38:21] *** World Rights ***;[09:38:21] *** World Rights ***;15.02.2025 09:45:35;Ja;15.02.2025 09:45:35
[09:37:54] *** World Rights ***;[09:37:54] *** World Rights ***;15.02.2025 09:44:19;Ja;15.02.2025 09:44:19
[09:30:24] *** World Rights ***;[09:30:24] *** World Rights ***;15.02.2025 09:38:20;Ja;15.02.2025 09:38:20
[09:06:37] *** World Rights ***;[09:06:37] *** World Rights ***;15.02.2025 09:14:35;Ja;15.02.2025 09:14:35
[09:05:55] *** World Rights ***;[09:05:55] *** World Rights ***;15.02.2025 09:12:03;Ja;15.02.2025 09:12:03
[08:57:25] *** World Rights ***;[08:57:25] *** World Rights ***;15.02.2025 09:01:53;Ja;15.02.2025 09:01:53
[08:50:03] *** World Rights ***;[08:50:03] *** World Rights ***;15.02.2025 08:56:17;Ja;15.02.2025 08:56:17
[08:37:17] World Rights Except UK and Ireland * GBROUT IRLOUT;[08:37:17] World Rights Except UK and Ireland * GBROUT IRLOUT;15.02.2025 08:43:51;Ja;15.02.2025 08:43:51
[08:29:14] World Rights Except UK and Ireland * GBROUT IRLOUT;[08:29:14] World Rights Except UK and Ireland * GBROUT IRLOUT;15.02.2025 08:40:09;Ja;15.02.2025 08:40:09
[08:32:50] *** World Rights ***;[08:32:50] *** World Rights ***;15.02.2025 08:38:56;Ja;15.02.2025 08:38:56
[08:25:01] *** World Rights ***;[08:25:01] *** World Rights ***;15.02.2025 08:32:09;Ja;15.02.2025 08:32:09
[08:11:16] World Rights Except UK and Ireland * GBROUT IRLOUT;[08:11:16] World Rights Except UK and Ireland * GBROUT IRLOUT;15.02.2025 08:21:11;Ja;15.02.2025 08:21:11
[07:54:46] *** World Rights ***;[07:54:46] *** World Rights ***;15.02.2025 07:57:42;Ja;15.02.2025 07:57:42
[07:51:14] *** World Rights ***;[07:51:14] *** World Rights ***;15.02.2025 07:54:50;Ja;15.02.2025 07:54:50
[07:47:04] *** World Rights ***;[07:47:04] *** World Rights ***;15.02.2025 07:53:31;Ja;15.02.2025 07:53:31
[07:40:20] *** World Rights ***;[07:40:20] *** World Rights ***;15.02.2025 07:42:32;Ja;15.02.2025 07:42:32
[07:35:57] *** Germany only ***;[07:35:57] *** Germany only ***;15.02.2025 07:37:24;Ja;15.02.2025 07:37:24
[07:34:56] *** World Rights ***;[07:34:56] *** World Rights ***;15.02.2025 07:36:37;Ja;15.02.2025 07:36:37
[07:28:22] *** Germany only ***;[07:28:22] *** Germany only ***;15.02.2025 07:35:08;Ja;15.02.2025 07:35:08
[07:24:45] *** World Rights ***;[07:24:45] *** World Rights ***;15.02.2025 07:29:12;Ja;15.02.2025 07:29:12
[07:21:24] *** World Rights ***;[07:21:24] *** World Rights ***;15.02.2025 07:26:13;Ja;15.02.2025 07:26:13
[07:18:05] *** World Rights ***;[07:18:05] *** World Rights ***;15.02.2025 07:24:19;Ja;15.02.2025 07:24:19
[07:06:26] World Rights Except UK and Ireland * GBROUT IRLOUT;[07:06:26] World Rights Except UK and Ireland * GBROUT IRLOUT;15.02.2025 07:10:33;Ja;15.02.2025 07:10:33
[06:47:47] *** World Rights ***;[06:47:47] *** World Rights ***;15.02.2025 06:51:52;Ja;15.02.2025 06:51:52
[06:33:31] *** World Rights ***;[06:33:31] *** World Rights ***;15.02.2025 06:35:11;Ja;15.02.2025 06:35:11
[06:21:14] *** World Rights ***;[06:21:14] *** World Rights ***;15.02.2025 06:25:13;Ja;15.02.2025 06:25:13
[06:18:27] *** World Rights ***;[06:18:27] *** World Rights ***;15.02.2025 06:25:06;Ja;15.02.2025 06:25:06
[05:45:26] *** World Rights ***;[05:45:26] *** World Rights ***;15.02.2025 05:50:23;Ja;15.02.2025 05:50:23
[05:17:51] *** World Rights ***;[05:17:51] *** World Rights ***;15.02.2025 05:20:53;Ja;15.02.2025 05:20:53
[03:00:39] *** World Rights ***;[03:00:39] *** World Rights ***;15.02.2025 03:05:53;Ja;15.02.2025 03:05:53
[02:51:38] *** World Rights ***;[02:51:38] *** World Rights ***;15.02.2025 02:53:18;Ja;15.02.2025 02:53:18
[01:40:58] World Rights Except UK and Ireland * GBROUT IRLOUT;[01:40:58] World Rights Except UK and Ireland * GBROUT IRLOUT;15.02.2025 01:43:45;Ja;15.02.2025 01:43:45
[01:31:27] *** World Rights ***;[01:31:27] *** World Rights ***;15.02.2025 01:35:23;Ja;15.02.2025 01:35:23
[00:33:12] *** World Rights ***;[00:33:12] *** World Rights ***;15.02.2025 00:35:03;Ja;15.02.2025 00:35:03
[23:59:16] *** World Rights ***;[23:59:16] *** World Rights ***;15.02.2025 00:00:19;Ja;15.02.2025 00:00:19
[23:38:49] *** World Rights ***;[23:38:49] *** World Rights ***;14.02.2025 23:39:32;Ja;14.02.2025 23:39:32
[23:27:56] *** World Rights ***;[23:27:56] *** World Rights ***;14.02.2025 23:32:44;Ja;14.02.2025 23:32:44
[23:04:33] *** World Rights ***;[23:04:33] *** World Rights ***;14.02.2025 23:06:17;Ja;14.02.2025 23:06:17
[22:43:58] *** World Rights ***;[22:43:58] *** World Rights ***;14.02.2025 22:47:54;Ja;14.02.2025 22:47:54
[22:37:04] *** World Rights ***;[22:37:04] *** World Rights ***;14.02.2025 22:39:12;Ja;14.02.2025 22:39:12
[21:15:28] *** World Rights ***;[21:15:28] *** World Rights ***;14.02.2025 21:20:36;Ja;14.02.2025 21:20:36
[21:16:08] *** World Rights ***;[21:16:08] *** World Rights ***;14.02.2025 21:16:47;Ja;14.02.2025 21:16:47
[20:43:38] *** World Rights ***;[20:43:38] *** World Rights ***;14.02.2025 20:45:39;Ja;14.02.2025 20:45:39
[20:38:57] *** World Rights ***;[20:38:57] *** World Rights ***;14.02.2025 20:43:06;Ja;14.02.2025 20:43:06
[20:31:17] *** World Rights ***;[20:31:17] *** World Rights ***;14.02.2025 20:38:14;Ja;14.02.2025 20:38:14
[20:26:51] *** World Rights ***;[20:26:51] *** World Rights ***;14.02.2025 20:29:08;Ja;14.02.2025 20:29:08
[20:17:49] *** World Rights ***;[20:17:49] *** World Rights ***;14.02.2025 20:24:03;Ja;14.02.2025 20:24:03
[20:01:10] *** World Rights ***;[20:01:10] *** World Rights ***;14.02.2025 20:05:38;Ja;14.02.2025 20:05:38
[19:45:26] World Rights Except UK and Ireland * GBROUT IRLOUT;[19:45:26] World Rights Except UK and Ireland * GBROUT IRLOUT;14.02.2025 19:52:39;Ja;14.02.2025 19:52:39
[19:37:46] World Rights Except UK and Ireland * GBROUT IRLOUT;[19:37:46] World Rights Except UK and Ireland * GBROUT IRLOUT;14.02.2025 19:45:17;Ja;14.02.2025 19:45:17
[19:33:52] *** World Rights ***;[19:33:52] *** World Rights ***;14.02.2025 19:40:29;Ja;14.02.2025 19:40:29
[19:34:13] *** World Rights ***;[19:34:13] *** World Rights ***;14.02.2025 19:39:22;Ja;14.02.2025 19:39:22
[19:17:32] *** World Rights ***;[19:17:32] *** World Rights ***;14.02.2025 19:21:39;Ja;14.02.2025 19:21:39
[19:16:54] *** World Rights ***;[19:16:54] *** World Rights ***;14.02.2025 19:20:26;Ja;14.02.2025 19:20:26
[19:00:38] *** World Rights ***;[19:00:38] *** World Rights ***;14.02.2025 19:08:10;Ja;14.02.2025 19:08:10
[19:00:45] *** World Rights ***;[19:00:45] *** World Rights ***;14.02.2025 19:07:53;Ja;14.02.2025 19:07:53
[18:58:04] *** World Rights ***;[18:58:04] *** World Rights ***;14.02.2025 19:04:55;Ja;14.02.2025 19:04:55
[18:49:23] *** World Rights ***;[18:49:23] *** World Rights ***;14.02.2025 18:59:31;Ja;14.02.2025 18:59:31
[18:45:17] *** World Rights ***;[18:45:17] *** World Rights ***;14.02.2025 18:59:04;Ja;14.02.2025 18:59:04
[18:48:40] *** World Rights ***;[18:48:40] *** World Rights ***;14.02.2025 18:55:30;Ja;14.02.2025 18:55:30
[15:29:45] *** World Rights ***;[15:29:45] *** World Rights ***;14.02.2025 18:37:22;Ja;14.02.2025 18:37:22
[18:17:31] *** World Rights ***;[18:17:31] *** World Rights ***;14.02.2025 18:23:56;Ja;14.02.2025 18:23:56
[18:13:34] *** World Rights ***;[18:13:34] *** World Rights ***;14.02.2025 18:21:09;Ja;14.02.2025 18:21:09
[18:08:32] *** World Rights ***;[18:08:32] *** World Rights ***;14.02.2025 18:17:18;Ja;14.02.2025 18:17:18
[18:08:22] *** World Rights ***;[18:08:22] *** World Rights ***;14.02.2025 18:14:46;Ja;14.02.2025 18:14:46
[18:05:58] *** World Rights ***;[18:05:58] *** World Rights ***;14.02.2025 18:14:18;Ja;14.02.2025 18:14:18
[18:04:21] *** World Rights ***;[18:04:21] *** World Rights ***;14.02.2025 18:12:20;Ja;14.02.2025 18:12:20
[17:55:04] *** World Rights ***;[17:55:04] *** World Rights ***;14.02.2025 18:05:45;Ja;14.02.2025 18:05:45
[17:35:52] *** World Rights ***;[17:35:52] *** World Rights ***;14.02.2025 17:46:51;Ja;14.02.2025 17:46:51
[17:31:29] *** World Rights ***;[17:31:29] *** World Rights ***;14.02.2025 17:39:57;Ja;14.02.2025 17:39:57
[17:26:03] *** World Rights ***;[17:26:03] *** World Rights ***;14.02.2025 17:36:22;Ja;14.02.2025 17:36:22
[17:26:12] *** World Rights ***;[17:26:12] *** World Rights ***;14.02.2025 17:35:51;Ja;14.02.2025 17:35:51
[17:14:19] *** World Rights ***;[17:14:19] *** World Rights ***;14.02.2025 17:25:04;Ja;14.02.2025 17:25:04
[16:55:56] World Rights Except UK and Ireland * GBROUT IRLOUT;[16:55:56] World Rights Except UK and Ireland * GBROUT IRLOUT;14.02.2025 17:03:58;Ja;14.02.2025 17:03:58
[16:55:35] *** World Rights ***;[16:55:35] *** World Rights ***;14.02.2025 17:03:51;Ja;14.02.2025 17:03:51
[16:52:04] *** World Rights ***;[16:52:04] *** World Rights ***;14.02.2025 16:58:42;Ja;14.02.2025 16:58:42
[16:45:09] *** World Rights ***;[16:45:09] *** World Rights ***;14.02.2025 16:52:02;Ja;14.02.2025 16:52:02
[16:39:52] *** World Rights ***;[16:39:52] *** World Rights ***;14.02.2025 16:49:18;Ja;14.02.2025 16:49:18
[16:40:30] World Rights Except UK and Ireland * GBROUT IRLOUT;[16:40:30] World Rights Except UK and Ireland * GBROUT IRLOUT;14.02.2025 16:48:56;Ja;14.02.2025 16:48:56
[16:35:54] *** World Rights ***;[16:35:54] *** World Rights ***;14.02.2025 16:45:15;Ja;14.02.2025 16:45:15
[16:34:16] *** World Rights ***;[16:34:16] *** World Rights ***;14.02.2025 16:43:38;Ja;14.02.2025 16:43:38
[16:33:48] *** World Rights ***;[16:33:48] *** World Rights ***;14.02.2025 16:42:57;Ja;14.02.2025 16:42:57
[16:22:59] *** World Rights ***;[16:22:59] *** World Rights ***;14.02.2025 16:30:50;Ja;14.02.2025 16:30:50
[16:18:38] *** World Rights ***;[16:18:38] *** World Rights ***;14.02.2025 16:28:45;Ja;14.02.2025 16:28:45
[16:13:02] *** World Rights ***;[16:13:02] *** World Rights ***;14.02.2025 16:25:03;Ja;14.02.2025 16:25:03
[16:02:27] *** World Rights ***;[16:02:27] *** World Rights ***;14.02.2025 16:11:01;Ja;14.02.2025 16:11:01
[15:33:23] *** Germany only ***;[15:33:23] *** Germany only ***;14.02.2025 15:38:28;Ja;14.02.2025 15:38:28
[15:03:58] *** World Rights ***;[15:03:58] *** World Rights ***;14.02.2025 15:10:48;Ja;14.02.2025 15:10:48
[14:43:51] *** World Rights ***;[14:43:51] *** World Rights ***;14.02.2025 14:46:56;Ja;14.02.2025 14:46:56
[14:26:34] *** World Rights ***;[14:26:34] *** World Rights ***;14.02.2025 14:43:02;Ja;14.02.2025 14:43:02
[14:34:09] *** World Rights ***;[14:34:09] *** World Rights ***;14.02.2025 14:36:50;Ja;14.02.2025 14:36:50
[14:12:44] *** World Rights ***;[14:12:44] *** World Rights ***;14.02.2025 14:18:29;Ja;14.02.2025 14:18:29
[14:11:31] *** World Rights ***;[14:11:31] *** World Rights ***;14.02.2025 14:17:34;Ja;14.02.2025 14:17:34
[14:07:52] World Rights Except UK and Ireland * GBROUT IRLOUT;[14:07:52] World Rights Except UK and Ireland * GBROUT IRLOUT;14.02.2025 14:14:51;Ja;14.02.2025 14:14:51
[14:08:18] *** World Rights ***;[14:08:18] *** World Rights ***;14.02.2025 14:12:19;Ja;14.02.2025 14:12:19
[14:08:20] *** World Rights ***;[14:08:20] *** World Rights ***;14.02.2025 14:10:34;Ja;14.02.2025 14:10:34
[13:37:56] *** World Rights ***;[13:37:56] *** World Rights ***;14.02.2025 13:45:16;Ja;14.02.2025 13:45:16
[13:42:26] World Rights Except UK and Ireland * GBROUT IRLOUT;[13:42:26] World Rights Except UK and Ireland * GBROUT IRLOUT;14.02.2025 13:44:33;Ja;14.02.2025 13:44:33
[13:27:27] *** Germany only ***;[13:27:27] *** Germany only ***;14.02.2025 13:28:40;Ja;14.02.2025 13:28:40
[13:16:49] *** World Rights ***;[13:16:49] *** World Rights ***;14.02.2025 13:24:43;Ja;14.02.2025 13:24:43
[13:14:08] World Rights Except UK and Ireland * GBROUT IRLOUT;[13:14:08] World Rights Except UK and Ireland * GBROUT IRLOUT;14.02.2025 13:17:20;Ja;14.02.2025 13:17:20
[13:13:41] *** Germany only ***;[13:13:41] *** Germany only ***;14.02.2025 13:15:34;Ja;14.02.2025 13:15:34
[12:58:43] *** World Rights ***;[12:58:43] *** World Rights ***;14.02.2025 12:59:58;Ja;14.02.2025 12:59:58
[12:51:49] *** World Rights ***;[12:51:49] *** World Rights ***;14.02.2025 12:55:00;Ja;14.02.2025 12:55:00
[12:34:02] *** World Rights ***;[12:34:02] *** World Rights ***;14.02.2025 12:36:57;Ja;14.02.2025 12:36:57
[12:27:01] *** World Rights ***;[12:27:01] *** World Rights ***;14.02.2025 12:30:58;Ja;14.02.2025 12:30:58
[12:09:38] *** World Rights ***;[12:09:38] *** World Rights ***;14.02.2025 12:13:10;Ja;14.02.2025 12:13:10
[11:55:00] World Rights Except UK and Ireland * GBROUT IRLOUT;[11:55:00] World Rights Except UK and Ireland * GBROUT IRLOUT;14.02.2025 11:59:10;Ja;14.02.2025 11:59:10
[11:52:03] *** World Rights ***;[11:52:03] *** World Rights ***;14.02.2025 11:56:22;Ja;14.02.2025 11:56:22
[11:47:22] *** World Rights ***;[11:47:22] *** World Rights ***;14.02.2025 11:50:20;Ja;14.02.2025 11:50:20
[11:46:18] *** World Rights ***;[11:46:18] *** World Rights ***;14.02.2025 11:49:52;Ja;14.02.2025 11:49:52
[11:14:45] *** World Rights ***;[11:14:45] *** World Rights ***;14.02.2025 11:17:17;Ja;14.02.2025 11:17:17
[10:50:14] *** World Rights ***;[10:50:14] *** World Rights ***;14.02.2025 10:56:05;Ja;14.02.2025 10:56:05
[10:50:13] *** World Rights ***;[10:50:13] *** World Rights ***;14.02.2025 10:55:54;Ja;14.02.2025 10:55:54
[10:42:00] *** World Rights ***;[10:42:00] *** World Rights ***;14.02.2025 10:49:25;Ja;14.02.2025 10:49:25
[10:38:25] *** World Rights ***;[10:38:25] *** World Rights ***;14.02.2025 10:46:12;Ja;14.02.2025 10:46:12
[10:29:41] *** World Rights ***;[10:29:41] *** World Rights ***;14.02.2025 10:36:50;Ja;14.02.2025 10:36:50
[10:27:51] *** World Rights ***;[10:27:51] *** World Rights ***;14.02.2025 10:34:22;Ja;14.02.2025 10:34:22
[10:02:04] *** World Rights ***;[10:02:04] *** World Rights ***;14.02.2025 10:11:57;Ja;14.02.2025 10:11:57
[09:59:17] *** World Rights ***;[09:59:17] *** World Rights ***;14.02.2025 10:08:09;Ja;14.02.2025 10:08:09
[09:56:38] *** World Rights ***;[09:56:38] *** World Rights ***;14.02.2025 10:04:35;Ja;14.02.2025 10:04:35
[09:56:29] *** World Rights ***;[09:56:29] *** World Rights ***;14.02.2025 10:03:52;Ja;14.02.2025 10:03:52
[09:46:25] *** World Rights ***;[09:46:25] *** World Rights ***;14.02.2025 10:02:34;Ja;14.02.2025 10:02:34
[09:53:05] *** World Rights ***;[09:53:05] *** World Rights ***;14.02.2025 10:02:34;Ja;14.02.2025 10:02:34
[09:50:12] *** World Rights ***;[09:50:12] *** World Rights ***;14.02.2025 10:00:26;Ja;14.02.2025 10:00:26
[09:51:20] World Rights Except UK and Ireland * GBROUT IRLOUT;[09:51:20] World Rights Except UK and Ireland * GBROUT IRLOUT;14.02.2025 09:58:09;Ja;14.02.2025 09:58:09
[09:41:41] World Rights Except UK and Ireland * GBROUT IRLOUT;[09:41:41] World Rights Except UK and Ireland * GBROUT IRLOUT;14.02.2025 09:57:25;Ja;14.02.2025 09:57:25
[09:47:54] World Rights Except UK and Ireland * GBROUT IRLOUT;[09:47:54] World Rights Except UK and Ireland * GBROUT IRLOUT;14.02.2025 09:54:34;Ja;14.02.2025 09:54:34
[09:39:49] World Rights Except UK and Ireland * GBROUT IRLOUT;[09:39:49] World Rights Except UK and Ireland * GBROUT IRLOUT;14.02.2025 09:46:20;Ja;14.02.2025 09:46:20
[09:28:47] *** World Rights ***;[09:28:47] *** World Rights ***;14.02.2025 09:35:48;Ja;14.02.2025 09:35:48
[09:21:20] *** World Rights ***;[09:21:20] *** World Rights ***;14.02.2025 09:28:03;Ja;14.02.2025 09:28:03
[09:13:18] World Rights Except UK and Ireland * GBROUT IRLOUT;[09:13:18] World Rights Except UK and Ireland * GBROUT IRLOUT;14.02.2025 09:22:27;Ja;14.02.2025 09:22:27
[09:09:30] *** World Rights ***;[09:09:30] *** World Rights ***;14.02.2025 09:21:23;Ja;14.02.2025 09:21:23
[09:07:12] *** World Rights ***;[09:07:12] *** World Rights ***;14.02.2025 09:15:50;Ja;14.02.2025 09:15:50
[09:00:50] *** World Rights ***;[09:00:50] *** World Rights ***;14.02.2025 09:14:14;Ja;14.02.2025 09:14:14
[09:01:59] World Rights Except UK and Ireland * GBROUT IRLOUT;[09:01:59] World Rights Except UK and Ireland * GBROUT IRLOUT;14.02.2025 09:13:00;Ja;14.02.2025 09:13:00
[09:05:55] *** World Rights ***;[09:05:55] *** World Rights ***;14.02.2025 09:12:50;Ja;14.02.2025 09:12:50
[09:02:42] *** World Rights ***;[09:02:42] *** World Rights ***;14.02.2025 09:10:22;Ja;14.02.2025 09:10:22
[09:01:28] *** World Rights ***;[09:01:28] *** World Rights ***;14.02.2025 09:09:34;Ja;14.02.2025 09:09:34
[08:51:16] *** World Rights ***;[08:51:16] *** World Rights ***;14.02.2025 09:01:51;Ja;14.02.2025 09:01:51
[08:55:13] *** World Rights ***;[08:55:13] *** World Rights ***;14.02.2025 09:00:57;Ja;14.02.2025 09:00:57
[08:15:09] *** World Rights ***;[08:15:09] *** World Rights ***;14.02.2025 08:30:47;Ja;14.02.2025 08:30:47
[08:13:13] *** World Rights ***;[08:13:13] *** World Rights ***;14.02.2025 08:19:01;Ja;14.02.2025 08:19:01
[07:39:05] *** World Rights ***;[07:39:05] *** World Rights ***;14.02.2025 07:43:05;Ja;14.02.2025 07:43:05
[07:34:34] *** World Rights ***;[07:34:34] *** World Rights ***;14.02.2025 07:38:34;Ja;14.02.2025 07:38:34
[07:34:33] World Rights Except UK and Ireland * GBROUT IRLOUT;[07:34:33] World Rights Except UK and Ireland * GBROUT IRLOUT;14.02.2025 07:37:38;Ja;14.02.2025 07:37:38
[07:19:42] *** World Rights ***;[07:19:42] *** World Rights ***;14.02.2025 07:26:08;Ja;14.02.2025 07:26:08
[07:10:50] *** World Rights ***;[07:10:50] *** World Rights ***;14.02.2025 07:12:50;Ja;14.02.2025 07:12:50
[07:05:02] *** Germany only ***;[07:05:02] *** Germany only ***;14.02.2025 07:07:27;Ja;14.02.2025 07:07:27
[06:51:29] *** World Rights ***;[06:51:29] *** World Rights ***;14.02.2025 06:52:52;Ja;14.02.2025 06:52:52
[05:31:20] *** World Rights ***;[05:31:20] *** World Rights ***;14.02.2025 05:39:54;Ja;14.02.2025 05:39:54
[05:36:19] *** World Rights ***;[05:36:19] *** World Rights ***;14.02.2025 05:38:19;Ja;14.02.2025 05:38:19
[03:39:42] *** World Rights ***;[03:39:42] *** World Rights ***;14.02.2025 03:41:26;Ja;14.02.2025 03:41:26
[01:46:25] *** Germany only ***;[01:46:25] *** Germany only ***;14.02.2025 01:51:01;Ja;14.02.2025 01:51:01
[00:52:23] *** World Rights ***;[00:52:23] *** World Rights ***;14.02.2025 00:52:43;Ja;14.02.2025 00:52:43
[23:51:42] *** World Rights ***;[23:51:42] *** World Rights ***;13.02.2025 23:52:20;Ja;13.02.2025 23:52:20
[23:40:41] World Rights Except UK and Ireland * GBROUT IRLOUT;[23:40:41] World Rights Except UK and Ireland * GBROUT IRLOUT;13.02.2025 23:42:14;Ja;13.02.2025 23:42:14
[23:15:34] *** World Rights ***;[23:15:34] *** World Rights ***;13.02.2025 23:19:28;Ja;13.02.2025 23:19:28
[22:36:12] *** World Rights ***;[22:36:12] *** World Rights ***;13.02.2025 22:39:03;Ja;13.02.2025 22:39:03
[22:22:15] *** World Rights ***;[22:22:15] *** World Rights ***;13.02.2025 22:25:24;Ja;13.02.2025 22:25:24
[21:28:58] *** World Rights ***;[21:28:58] *** World Rights ***;13.02.2025 21:31:59;Ja;13.02.2025 21:31:59
[21:19:47] *** World Rights ***;[21:19:47] *** World Rights ***;13.02.2025 21:21:42;Ja;13.02.2025 21:21:42
[21:02:53] *** World Rights ***;[21:02:53] *** World Rights ***;13.02.2025 21:07:11;Ja;13.02.2025 21:07:11
[20:55:46] *** World Rights ***;[20:55:46] *** World Rights ***;13.02.2025 21:00:42;Ja;13.02.2025 21:00:42
[20:52:07] *** World Rights ***;[20:52:07] *** World Rights ***;13.02.2025 20:55:05;Ja;13.02.2025 20:55:05
[20:42:22] *** Germany only ***;[20:42:22] *** Germany only ***;13.02.2025 20:48:16;Ja;13.02.2025 20:48:16
[20:34:58] *** World Rights ***;[20:34:58] *** World Rights ***;13.02.2025 20:42:33;Ja;13.02.2025 20:42:33
[20:36:24] *** World Rights ***;[20:36:24] *** World Rights ***;13.02.2025 20:40:54;Ja;13.02.2025 20:40:54
[20:21:22] World Rights Except UK and Ireland * GBROUT IRLOUT;[20:21:22] World Rights Except UK and Ireland * GBROUT IRLOUT;13.02.2025 20:32:47;Ja;13.02.2025 20:32:47
[20:16:24] *** World Rights ***;[20:16:24] *** World Rights ***;13.02.2025 20:23:23;Ja;13.02.2025 20:23:23
[20:18:23] *** Germany only ***;[20:18:23] *** Germany only ***;13.02.2025 20:22:10;Ja;13.02.2025 20:22:10
[20:02:34] World Rights Except UK and Ireland * GBROUT IRLOUT;[20:02:34] World Rights Except UK and Ireland * GBROUT IRLOUT;13.02.2025 20:04:45;Ja;13.02.2025 20:04:45
[19:53:47] *** World Rights ***;[19:53:47] *** World Rights ***;13.02.2025 19:58:01;Ja;13.02.2025 19:58:01
[19:44:18] *** World Rights ***;[19:44:18] *** World Rights ***;13.02.2025 19:55:35;Ja;13.02.2025 19:55:35
[19:49:01] *** World Rights ***;[19:49:01] *** World Rights ***;13.02.2025 19:54:16;Ja;13.02.2025 19:54:16
[19:45:56] *** World Rights ***;[19:45:56] *** World Rights ***;13.02.2025 19:54:00;Ja;13.02.2025 19:54:00
[19:43:16] *** World Rights ***;[19:43:16] *** World Rights ***;13.02.2025 19:47:09;Ja;13.02.2025 19:47:09
[19:28:02] *** World Rights ***;[19:28:02] *** World Rights ***;13.02.2025 19:32:08;Ja;13.02.2025 19:32:08
[19:28:14] *** World Rights ***;[19:28:14] *** World Rights ***;13.02.2025 19:31:17;Ja;13.02.2025 19:31:17
[19:08:25] World Rights Except UK and Ireland * GBROUT IRLOUT;[19:08:25] World Rights Except UK and Ireland * GBROUT IRLOUT;13.02.2025 19:14:59;Ja;13.02.2025 19:14:59
[18:57:24] *** World Rights ***;[18:57:24] *** World Rights ***;13.02.2025 19:02:47;Ja;13.02.2025 19:02:47
[18:51:02] *** Germany only ***;[18:51:02] *** Germany only ***;13.02.2025 19:01:39;Ja;13.02.2025 19:01:39
[18:30:40] *** World Rights ***;[18:30:40] *** World Rights ***;13.02.2025 18:39:45;Ja;13.02.2025 18:39:45
[18:08:24] *** World Rights ***;[18:08:24] *** World Rights ***;13.02.2025 18:20:54;Ja;13.02.2025 18:20:54
[18:04:04] *** World Rights ***;[18:04:04] *** World Rights ***;13.02.2025 18:13:32;Ja;13.02.2025 18:13:32
[17:56:18] *** World Rights ***;[17:56:18] *** World Rights ***;13.02.2025 18:06:08;Ja;13.02.2025 18:06:08
[17:54:09] *** World Rights ***;[17:54:09] *** World Rights ***;13.02.2025 18:01:58;Ja;13.02.2025 18:01:58
[17:36:00] World Rights Except UK and Ireland * GBROUT IRLOUT;[17:36:00] World Rights Except UK and Ireland * GBROUT IRLOUT;13.02.2025 17:45:46;Ja;13.02.2025 17:45:46
[17:06:19] *** World Rights ***;[17:06:19] *** World Rights ***;13.02.2025 17:15:39;Ja;13.02.2025 17:15:39
[17:02:39] *** World Rights ***;[17:02:39] *** World Rights ***;13.02.2025 17:12:47;Ja;13.02.2025 17:12:47
[17:01:58] *** World Rights ***;[17:01:58] *** World Rights ***;13.02.2025 17:10:33;Ja;13.02.2025 17:10:33
[16:56:21] *** World Rights ***;[16:56:21] *** World Rights ***;13.02.2025 17:04:48;Ja;13.02.2025 17:04:48
[16:51:54] *** World Rights ***;[16:51:54] *** World Rights ***;13.02.2025 16:58:59;Ja;13.02.2025 16:58:59
[16:50:25] *** World Rights ***;[16:50:25] *** World Rights ***;13.02.2025 16:58:45;Ja;13.02.2025 16:58:45
[16:49:59] *** World Rights ***;[16:49:59] *** World Rights ***;13.02.2025 16:57:01;Ja;13.02.2025 16:57:01
[16:39:51] *** World Rights ***;[16:39:51] *** World Rights ***;13.02.2025 16:47:39;Ja;13.02.2025 16:47:39
[16:37:13] *** World Rights ***;[16:37:13] *** World Rights ***;13.02.2025 16:45:10;Ja;13.02.2025 16:45:10
[16:30:21] *** World Rights ***;[16:30:21] *** World Rights ***;13.02.2025 16:41:29;Ja;13.02.2025 16:41:29
[16:19:18] *** World Rights ***;[16:19:18] *** World Rights ***;13.02.2025 16:26:44;Ja;13.02.2025 16:26:44
[16:09:12] *** World Rights ***;[16:09:12] *** World Rights ***;13.02.2025 16:18:44;Ja;13.02.2025 16:18:44
[16:04:17] *** World Rights ***;[16:04:17] *** World Rights ***;13.02.2025 16:11:52;Ja;13.02.2025 16:11:52
[15:57:29] *** Germany only ***;[15:57:29] *** Germany only ***;13.02.2025 16:03:34;Ja;13.02.2025 16:03:34
[15:54:32] *** World Rights ***;[15:54:32] *** World Rights ***;13.02.2025 16:00:48;Ja;13.02.2025 16:00:48
[15:33:58] *** World Rights ***;[15:33:58] *** World Rights ***;13.02.2025 15:43:23;Ja;13.02.2025 15:43:23
[15:24:37] *** World Rights ***;[15:24:37] *** World Rights ***;13.02.2025 15:32:03;Ja;13.02.2025 15:32:03
[15:22:39] *** World Rights ***;[15:22:39] *** World Rights ***;13.02.2025 15:29:33;Ja;13.02.2025 15:29:33
[15:12:36] *** World Rights ***;[15:12:36] *** World Rights ***;13.02.2025 15:18:42;Ja;13.02.2025 15:18:42
[15:10:36] *** World Rights ***;[15:10:36] *** World Rights ***;13.02.2025 15:17:13;Ja;13.02.2025 15:17:13
[15:08:30] *** World Rights ***;[15:08:30] *** World Rights ***;13.02.2025 15:14:15;Ja;13.02.2025 15:14:15
[14:51:23] *** Germany only ***;[14:51:23] *** Germany only ***;13.02.2025 14:57:21;Ja;13.02.2025 14:57:21
[14:48:48] *** World Rights ***;[14:48:48] *** World Rights ***;13.02.2025 14:53:17;Ja;13.02.2025 14:53:17
[14:43:54] World Rights Except UK and Ireland * GBROUT IRLOUT;[14:43:54] World Rights Except UK and Ireland * GBROUT IRLOUT;13.02.2025 14:51:30;Ja;13.02.2025 14:51:30
[14:26:50] *** World Rights ***;[14:26:50] *** World Rights ***;13.02.2025 14:29:57;Ja;13.02.2025 14:29:57
[14:16:59] *** World Rights ***;[14:16:59] *** World Rights ***;13.02.2025 14:24:32;Ja;13.02.2025 14:24:32
[14:15:25] *** World Rights ***;[14:15:25] *** World Rights ***;13.02.2025 14:22:24;Ja;13.02.2025 14:22:24
[14:14:17] *** World Rights ***;[14:14:17] *** World Rights ***;13.02.2025 14:17:22;Ja;13.02.2025 14:17:22
[14:10:04] *** World Rights ***;[14:10:04] *** World Rights ***;13.02.2025 14:14:28;Ja;13.02.2025 14:14:28
[14:05:24] *** World Rights ***;[14:05:24] *** World Rights ***;13.02.2025 14:11:41;Ja;13.02.2025 14:11:41
[14:06:09] *** World Rights ***;[14:06:09] *** World Rights ***;13.02.2025 14:11:02;Ja;13.02.2025 14:11:02
[14:06:27] *** World Rights ***;[14:06:27] *** World Rights ***;13.02.2025 14:09:19;Ja;13.02.2025 14:09:19
[14:04:16] *** World Rights ***;[14:04:16] *** World Rights ***;13.02.2025 14:07:47;Ja;13.02.2025 14:07:47
[13:53:16] *** World Rights ***;[13:53:16] *** World Rights ***;13.02.2025 14:02:34;Ja;13.02.2025 14:02:34
[13:55:36] *** World Rights ***;[13:55:36] *** World Rights ***;13.02.2025 14:01:32;Ja;13.02.2025 14:01:32
[13:53:32] *** World Rights ***;[13:53:32] *** World Rights ***;13.02.2025 13:55:29;Ja;13.02.2025 13:55:29
[13:47:35] *** World Rights ***;[13:47:35] *** World Rights ***;13.02.2025 13:50:25;Ja;13.02.2025 13:50:25
[13:41:45] *** World Rights ***;[13:41:45] *** World Rights ***;13.02.2025 13:45:28;Ja;13.02.2025 13:45:28
[13:35:26] *** World Rights ***;[13:35:26] *** World Rights ***;13.02.2025 13:39:30;Ja;13.02.2025 13:39:30
[13:23:07] *** World Rights ***;[13:23:07] *** World Rights ***;13.02.2025 13:25:32;Ja;13.02.2025 13:25:32
[13:19:23] *** World Rights ***;[13:19:23] *** World Rights ***;13.02.2025 13:25:29;Ja;13.02.2025 13:25:29
[13:17:58] *** World Rights ***;[13:17:58] *** World Rights ***;13.02.2025 13:21:18;Ja;13.02.2025 13:21:18
[09:45:00] *** Germany only ***;[09:45:00] *** Germany only ***;13.02.2025 13:13:31;Ja;13.02.2025 13:13:31
[13:11:24] *** World Rights ***;[13:11:24] *** World Rights ***;13.02.2025 13:13:19;Ja;13.02.2025 13:13:19
[13:05:05] *** World Rights ***;[13:05:05] *** World Rights ***;13.02.2025 13:09:09;Ja;13.02.2025 13:09:09
[12:58:37] *** World Rights ***;[12:58:37] *** World Rights ***;13.02.2025 13:03:08;Ja;13.02.2025 13:03:08
[12:42:27] World Rights Except UK and Ireland * GBROUT IRLOUT;[12:42:27] World Rights Except UK and Ireland * GBROUT IRLOUT;13.02.2025 12:46:47;Ja;13.02.2025 12:46:47
[12:39:50] World Rights Except UK and Ireland * GBROUT IRLOUT;[12:39:50] World Rights Except UK and Ireland * GBROUT IRLOUT;13.02.2025 12:43:03;Ja;13.02.2025 12:43:03
[12:24:53] *** World Rights ***;[12:24:53] *** World Rights ***;13.02.2025 12:29:58;Ja;13.02.2025 12:29:58
[12:14:21] *** World Rights ***;[12:14:21] *** World Rights ***;13.02.2025 12:16:21;Ja;13.02.2025 12:16:21
[12:03:27] *** World Rights ***;[12:03:27] *** World Rights ***;13.02.2025 12:08:13;Ja;13.02.2025 12:08:13
[11:46:39] *** World Rights ***;[11:46:39] *** World Rights ***;13.02.2025 11:52:50;Ja;13.02.2025 11:52:50
[11:43:08] World Rights Except UK and Ireland * GBROUT IRLOUT;[11:43:08] World Rights Except UK and Ireland * GBROUT IRLOUT;13.02.2025 11:47:35;Ja;13.02.2025 11:47:35
[11:28:28] *** World Rights ***;[11:28:28] *** World Rights ***;13.02.2025 11:36:33;Ja;13.02.2025 11:36:33
[11:26:18] *** World Rights ***;[11:26:18] *** World Rights ***;13.02.2025 11:28:41;Ja;13.02.2025 11:28:41
[11:18:58] *** World Rights ***;[11:18:58] *** World Rights ***;13.02.2025 11:22:26;Ja;13.02.2025 11:22:26
[11:17:58] *** World Rights ***;[11:17:58] *** World Rights ***;13.02.2025 11:21:04;Ja;13.02.2025 11:21:04
[11:12:30] World Rights Except UK and Ireland * GBROUT IRLOUT;[11:12:30] World Rights Except UK and Ireland * GBROUT IRLOUT;13.02.2025 11:17:30;Ja;13.02.2025 11:17:30
[11:09:13] *** World Rights ***;[11:09:13] *** World Rights ***;13.02.2025 11:16:36;Ja;13.02.2025 11:16:36
[11:10:44] *** Germany only ***;[11:10:44] *** Germany only ***;13.02.2025 11:13:52;Ja;13.02.2025 11:13:52
[11:06:42] *** World Rights ***;[11:06:42] *** World Rights ***;13.02.2025 11:11:17;Ja;13.02.2025 11:11:17
[11:05:50] *** World Rights ***;[11:05:50] *** World Rights ***;13.02.2025 11:10:54;Ja;13.02.2025 11:10:54
[11:06:31] *** World Rights ***;[11:06:31] *** World Rights ***;13.02.2025 11:09:23;Ja;13.02.2025 11:09:23
[11:04:17] *** World Rights ***;[11:04:17] *** World Rights ***;13.02.2025 11:07:22;Ja;13.02.2025 11:07:22
[11:02:38] *** World Rights ***;[11:02:38] *** World Rights ***;13.02.2025 11:06:04;Ja;13.02.2025 11:06:04
[10:47:50] *** World Rights ***;[10:47:50] *** World Rights ***;13.02.2025 10:59:34;Ja;13.02.2025 10:59:34
[10:50:35] *** World Rights ***;[10:50:35] *** World Rights ***;13.02.2025 10:57:53;Ja;13.02.2025 10:57:53
[10:40:49] *** World Rights ***;[10:40:49] *** World Rights ***;13.02.2025 10:52:08;Ja;13.02.2025 10:52:08
[10:33:39] *** World Rights ***;[10:33:39] *** World Rights ***;13.02.2025 10:46:59;Ja;13.02.2025 10:46:59
[10:36:59] *** World Rights ***;[10:36:59] *** World Rights ***;13.02.2025 10:44:00;Ja;13.02.2025 10:44:00
[10:32:29] *** Germany only ***;[10:32:29] *** Germany only ***;13.02.2025 10:41:14;Ja;13.02.2025 10:41:14
[10:31:59] *** World Rights ***;[10:31:59] *** World Rights ***;13.02.2025 10:38:41;Ja;13.02.2025 10:38:41
[10:25:06] *** World Rights ***;[10:25:06] *** World Rights ***;13.02.2025 10:35:26;Ja;13.02.2025 10:35:26
[10:22:43] *** World Rights ***;[10:22:43] *** World Rights ***;13.02.2025 10:33:48;Ja;13.02.2025 10:33:48
[10:23:10] *** World Rights ***;[10:23:10] *** World Rights ***;13.02.2025 10:30:21;Ja;13.02.2025 10:30:21
[10:17:17] *** World Rights ***;[10:17:17] *** World Rights ***;13.02.2025 10:23:26;Ja;13.02.2025 10:23:26
[10:12:15] *** World Rights ***;[10:12:15] *** World Rights ***;13.02.2025 10:18:30;Ja;13.02.2025 10:18:30
[09:58:38] *** World Rights ***;[09:58:38] *** World Rights ***;13.02.2025 10:11:49;Ja;13.02.2025 10:11:49
[09:52:47] *** World Rights ***;[09:52:47] *** World Rights ***;13.02.2025 10:00:27;Ja;13.02.2025 10:00:27
[09:51:57] *** World Rights ***;[09:51:57] *** World Rights ***;13.02.2025 09:59:03;Ja;13.02.2025 09:59:03
[09:48:32] *** World Rights ***;[09:48:32] *** World Rights ***;13.02.2025 09:55:05;Ja;13.02.2025 09:55:05
[09:42:50] *** World Rights ***;[09:42:50] *** World Rights ***;13.02.2025 09:52:12;Ja;13.02.2025 09:52:12
[09:42:24] World Rights Except UK and Ireland * GBROUT IRLOUT;[09:42:24] World Rights Except UK and Ireland * GBROUT IRLOUT;13.02.2025 09:49:38;Ja;13.02.2025 09:49:38
[09:32:26] *** World Rights ***;[09:32:26] *** World Rights ***;13.02.2025 09:41:44;Ja;13.02.2025 09:41:44
[05:46:21] *** World Rights ***;[05:46:21] *** World Rights ***;13.02.2025 09:41:08;Ja;13.02.2025 09:41:08
[09:31:30] World Rights Except UK and Ireland * GBROUT IRLOUT;[09:31:30] World Rights Except UK and Ireland * GBROUT IRLOUT;13.02.2025 09:39:33;Ja;13.02.2025 09:39:33
[09:29:11] *** World Rights ***;[09:29:11] *** World Rights ***;13.02.2025 09:38:04;Ja;13.02.2025 09:38:04
[09:27:37] *** World Rights ***;[09:27:37] *** World Rights ***;13.02.2025 09:38:00;Ja;13.02.2025 09:38:00
[09:25:57] *** World Rights ***;[09:25:57] *** World Rights ***;13.02.2025 09:36:44;Ja;13.02.2025 09:36:44
[09:19:09] *** World Rights ***;[09:19:09] *** World Rights ***;13.02.2025 09:31:12;Ja;13.02.2025 09:31:12
[09:17:43] *** World Rights ***;[09:17:43] *** World Rights ***;13.02.2025 09:24:22;Ja;13.02.2025 09:24:22
[09:13:35] World Rights Except UK and Ireland * GBROUT IRLOUT;[09:13:35] World Rights Except UK and Ireland * GBROUT IRLOUT;13.02.2025 09:19:52;Ja;13.02.2025 09:19:52
[08:59:04] World Rights Except UK and Ireland * GBROUT IRLOUT;[08:59:04] World Rights Except UK and Ireland * GBROUT IRLOUT;13.02.2025 09:11:18;Ja;13.02.2025 09:11:18
[09:00:34] *** World Rights ***;[09:00:34] *** World Rights ***;13.02.2025 09:10:29;Ja;13.02.2025 09:10:29
[08:47:10] *** World Rights ***;[08:47:10] *** World Rights ***;13.02.2025 08:54:42;Ja;13.02.2025 08:54:42
[08:43:39] World Rights Except UK and Ireland * GBROUT IRLOUT;[08:43:39] World Rights Except UK and Ireland * GBROUT IRLOUT;13.02.2025 08:49:23;Ja;13.02.2025 08:49:23
[08:32:35] *** World Rights ***;[08:32:35] *** World Rights ***;13.02.2025 08:39:28;Ja;13.02.2025 08:39:28
[08:29:01] *** World Rights ***;[08:29:01] *** World Rights ***;13.02.2025 08:35:28;Ja;13.02.2025 08:35:28
[08:15:23] World Rights Except UK and Ireland * GBROUT IRLOUT;[08:15:23] World Rights Except UK and Ireland * GBROUT IRLOUT;13.02.2025 08:28:07;Ja;13.02.2025 08:28:07
[07:39:31] *** World Rights ***;[07:39:31] *** World Rights ***;13.02.2025 07:46:00;Ja;13.02.2025 07:46:00
[07:33:37] World Rights Except UK and Ireland * GBROUT IRLOUT;[07:33:37] World Rights Except UK and Ireland * GBROUT IRLOUT;13.02.2025 07:41:08;Ja;13.02.2025 07:41:08
[07:30:13] *** World Rights ***;[07:30:13] *** World Rights ***;13.02.2025 07:36:47;Ja;13.02.2025 07:36:47
[07:25:54] World Rights Except UK and Ireland * GBROUT IRLOUT;[07:25:54] World Rights Except UK and Ireland * GBROUT IRLOUT;13.02.2025 07:29:12;Ja;13.02.2025 07:29:12
[07:01:59] *** World Rights ***;[07:01:59] *** World Rights ***;13.02.2025 07:11:36;Ja;13.02.2025 07:11:36
[07:02:45] *** World Rights ***;[07:02:45] *** World Rights ***;13.02.2025 07:06:52;Ja;13.02.2025 07:06:52
[06:55:46] *** World Rights ***;[06:55:46] *** World Rights ***;13.02.2025 06:57:01;Ja;13.02.2025 06:57:01
[06:47:39] *** World Rights ***;[06:47:39] *** World Rights ***;13.02.2025 06:48:48;Ja;13.02.2025 06:48:48
[06:36:18] *** World Rights ***;[06:36:18] *** World Rights ***;13.02.2025 06:39:50;Ja;13.02.2025 06:39:50
[06:36:43] World Rights Except UK and Ireland * GBROUT IRLOUT;[06:36:43] World Rights Except UK and Ireland * GBROUT IRLOUT;13.02.2025 06:38:34;Ja;13.02.2025 06:38:34
[06:32:24] *** World Rights ***;[06:32:24] *** World Rights ***;13.02.2025 06:35:04;Ja;13.02.2025 06:35:04
[06:19:10] *** World Rights ***;[06:19:10] *** World Rights ***;13.02.2025 06:20:37;Ja;13.02.2025 06:20:37
[05:27:06] *** World Rights ***;[05:27:06] *** World Rights ***;13.02.2025 05:30:33;Ja;13.02.2025 05:30:33
[03:53:01] *** World Rights ***;[03:53:01] *** World Rights ***;13.02.2025 03:59:03;Ja;13.02.2025 03:59:03
[02:11:06] *** Germany only ***;[02:11:06] *** Germany only ***;13.02.2025 02:20:49;Ja;13.02.2025 02:20:49
[02:12:48] World Rights Except UK and Ireland * GBROUT IRLOUT;[02:12:48] World Rights Except UK and Ireland * GBROUT IRLOUT;13.02.2025 02:15:00;Ja;13.02.2025 02:15:00
[00:36:58] *** Germany only ***;[00:36:58] *** Germany only ***;13.02.2025 00:40:25;Ja;13.02.2025 00:40:25
[23:58:43] *** World Rights ***;[23:58:43] *** World Rights ***;13.02.2025 00:07:15;Ja;13.02.2025 00:07:15
[23:22:35] *** World Rights ***;[23:22:35] *** World Rights ***;12.02.2025 23:24:41;Ja;12.02.2025 23:24:41
[23:16:59] *** World Rights ***;[23:16:59] *** World Rights ***;12.02.2025 23:18:49;Ja;12.02.2025 23:18:49
[21:30:19] *** World Rights ***;[21:30:19] *** World Rights ***;12.02.2025 21:33:01;Ja;12.02.2025 21:33:01
[21:15:03] *** World Rights ***;[21:15:03] *** World Rights ***;12.02.2025 21:18:18;Ja;12.02.2025 21:18:18
[21:07:41] World Rights Except UK and Ireland * GBROUT IRLOUT;[21:07:41] World Rights Except UK and Ireland * GBROUT IRLOUT;12.02.2025 21:10:33;Ja;12.02.2025 21:10:33
[17:53:16] *** World Rights ***;[17:53:16] *** World Rights ***;12.02.2025 20:53:20;Ja;12.02.2025 20:53:20
[20:49:32] *** World Rights ***;[20:49:32] *** World Rights ***;12.02.2025 20:53:19;Ja;12.02.2025 20:53:19
[20:32:17] *** World Rights ***;[20:32:17] *** World Rights ***;12.02.2025 20:34:55;Ja;12.02.2025 20:34:55
[20:26:30] *** World Rights ***;[20:26:30] *** World Rights ***;12.02.2025 20:27:56;Ja;12.02.2025 20:27:56
[20:10:31] *** World Rights ***;[20:10:31] *** World Rights ***;12.02.2025 20:14:19;Ja;12.02.2025 20:14:19
[19:30:54] *** World Rights ***;[19:30:54] *** World Rights ***;12.02.2025 19:35:42;Ja;12.02.2025 19:35:42
[19:12:06] *** World Rights ***;[19:12:06] *** World Rights ***;12.02.2025 19:14:40;Ja;12.02.2025 19:14:40
[19:08:25] World Rights Except UK and Ireland * GBROUT IRLOUT;[19:08:25] World Rights Except UK and Ireland * GBROUT IRLOUT;12.02.2025 19:12:02;Ja;12.02.2025 19:12:02
[19:01:19] World Rights Except UK and Ireland * GBROUT IRLOUT;[19:01:19] World Rights Except UK and Ireland * GBROUT IRLOUT;12.02.2025 19:08:35;Ja;12.02.2025 19:08:35
[19:05:07] *** World Rights ***;[19:05:07] *** World Rights ***;12.02.2025 19:07:33;Ja;12.02.2025 19:07:33
[19:02:13] *** World Rights ***;[19:02:13] *** World Rights ***;12.02.2025 19:06:31;Ja;12.02.2025 19:06:31
[19:00:11] *** World Rights ***;[19:00:11] *** World Rights ***;12.02.2025 19:02:39;Ja;12.02.2025 19:02:39
[18:37:11] World Rights Except UK and Ireland * GBROUT IRLOUT;[18:37:11] World Rights Except UK and Ireland * GBROUT IRLOUT;12.02.2025 18:46:08;Ja;12.02.2025 18:46:08
[18:38:21] *** World Rights ***;[18:38:21] *** World Rights ***;12.02.2025 18:45:04;Ja;12.02.2025 18:45:04
[18:26:24] *** World Rights ***;[18:26:24] *** World Rights ***;12.02.2025 18:33:35;Ja;12.02.2025 18:33:35
[18:25:18] *** World Rights ***;[18:25:18] *** World Rights ***;12.02.2025 18:32:57;Ja;12.02.2025 18:32:57
[18:21:25] *** World Rights ***;[18:21:25] *** World Rights ***;12.02.2025 18:32:08;Ja;12.02.2025 18:32:08
[18:25:09] *** World Rights ***;[18:25:09] *** World Rights ***;12.02.2025 18:30:54;Ja;12.02.2025 18:30:54
[18:21:19] *** World Rights ***;[18:21:19] *** World Rights ***;12.02.2025 18:28:38;Ja;12.02.2025 18:28:38
[18:14:53] *** World Rights ***;[18:14:53] *** World Rights ***;12.02.2025 18:20:57;Ja;12.02.2025 18:20:57
[17:56:28] *** World Rights ***;[17:56:28] *** World Rights ***;12.02.2025 18:04:53;Ja;12.02.2025 18:04:53
[17:50:54] *** World Rights ***;[17:50:54] *** World Rights ***;12.02.2025 18:01:11;Ja;12.02.2025 18:01:11
[17:47:01] *** World Rights ***;[17:47:01] *** World Rights ***;12.02.2025 17:59:35;Ja;12.02.2025 17:59:35
[17:43:54] *** World Rights ***;[17:43:54] *** World Rights ***;12.02.2025 17:53:44;Ja;12.02.2025 17:53:44
[17:44:07] *** World Rights ***;[17:44:07] *** World Rights ***;12.02.2025 17:53:40;Ja;12.02.2025 17:53:40
[17:15:28] *** World Rights ***;[17:15:28] *** World Rights ***;12.02.2025 17:23:15;Ja;12.02.2025 17:23:15
[17:05:55] *** World Rights ***;[17:05:55] *** World Rights ***;12.02.2025 17:17:06;Ja;12.02.2025 17:17:06
[17:08:22] *** World Rights ***;[17:08:22] *** World Rights ***;12.02.2025 17:16:40;Ja;12.02.2025 17:16:40
[17:00:24] *** World Rights ***;[17:00:24] *** World Rights ***;12.02.2025 17:10:30;Ja;12.02.2025 17:10:30
[16:51:30] *** World Rights ***;[16:51:30] *** World Rights ***;12.02.2025 16:58:49;Ja;12.02.2025 16:58:49
[16:40:26] *** World Rights ***;[16:40:26] *** World Rights ***;12.02.2025 16:49:27;Ja;12.02.2025 16:49:27
[16:40:25] *** World Rights ***;[16:40:25] *** World Rights ***;12.02.2025 16:48:42;Ja;12.02.2025 16:48:42
[16:31:16] *** World Rights ***;[16:31:16] *** World Rights ***;12.02.2025 16:42:25;Ja;12.02.2025 16:42:25
[16:29:20] *** World Rights ***;[16:29:20] *** World Rights ***;12.02.2025 16:40:50;Ja;12.02.2025 16:40:50
[16:24:10] World Rights Except UK and Ireland * GBROUT IRLOUT;[16:24:10] World Rights Except UK and Ireland * GBROUT IRLOUT;12.02.2025 16:32:04;Ja;12.02.2025 16:32:04
[16:09:34] World Rights Except UK and Ireland * GBROUT IRLOUT;[16:09:34] World Rights Except UK and Ireland * GBROUT IRLOUT;12.02.2025 16:21:43;Ja;12.02.2025 16:21:43
[16:12:19] *** World Rights ***;[16:12:19] *** World Rights ***;12.02.2025 16:20:13;Ja;12.02.2025 16:20:13
[15:45:05] *** World Rights ***;[15:45:05] *** World Rights ***;12.02.2025 15:52:10;Ja;12.02.2025 15:52:10
[15:42:46] *** World Rights ***;[15:42:46] *** World Rights ***;12.02.2025 15:50:57;Ja;12.02.2025 15:50:57
[15:37:04] *** World Rights ***;[15:37:04] *** World Rights ***;12.02.2025 15:45:07;Ja;12.02.2025 15:45:07
[15:32:38] *** World Rights ***;[15:32:38] *** World Rights ***;12.02.2025 15:42:29;Ja;12.02.2025 15:42:29
[15:30:57] *** World Rights ***;[15:30:57] *** World Rights ***;12.02.2025 15:41:09;Ja;12.02.2025 15:41:09
[15:26:51] *** World Rights ***;[15:26:51] *** World Rights ***;12.02.2025 15:33:38;Ja;12.02.2025 15:33:38
[15:20:09] *** World Rights ***;[15:20:09] *** World Rights ***;12.02.2025 15:29:46;Ja;12.02.2025 15:29:46
[15:19:44] *** World Rights ***;[15:19:44] *** World Rights ***;12.02.2025 15:27:18;Ja;12.02.2025 15:27:18
[15:13:13] *** World Rights ***;[15:13:13] *** World Rights ***;12.02.2025 15:19:39;Ja;12.02.2025 15:19:39
[15:06:14] *** World Rights ***;[15:06:14] *** World Rights ***;12.02.2025 15:12:02;Ja;12.02.2025 15:12:02
[14:47:30] *** World Rights ***;[14:47:30] *** World Rights ***;12.02.2025 14:50:18;Ja;12.02.2025 14:50:18
[14:37:32] *** World Rights ***;[14:37:32] *** World Rights ***;12.02.2025 14:48:07;Ja;12.02.2025 14:48:07
[14:29:15] *** World Rights ***;[14:29:15] *** World Rights ***;12.02.2025 14:34:56;Ja;12.02.2025 14:34:56
[14:25:48] World Rights Except UK and Ireland * GBROUT IRLOUT;[14:25:48] World Rights Except UK and Ireland * GBROUT IRLOUT;12.02.2025 14:30:16;Ja;12.02.2025 14:30:16
[14:21:14] *** World Rights ***;[14:21:14] *** World Rights ***;12.02.2025 14:23:58;Ja;12.02.2025 14:23:58
[14:14:03] *** World Rights ***;[14:14:03] *** World Rights ***;12.02.2025 14:17:28;Ja;12.02.2025 14:17:28
[14:09:53] *** World Rights ***;[14:09:53] *** World Rights ***;12.02.2025 14:17:22;Ja;12.02.2025 14:17:22
[14:08:40] *** World Rights ***;[14:08:40] *** World Rights ***;12.02.2025 14:11:23;Ja;12.02.2025 14:11:23
[14:02:33] *** World Rights ***;[14:02:33] *** World Rights ***;12.02.2025 14:06:24;Ja;12.02.2025 14:06:24
[14:01:01] *** World Rights ***;[14:01:01] *** World Rights ***;12.02.2025 14:05:19;Ja;12.02.2025 14:05:19
[13:55:11] *** World Rights ***;[13:55:11] *** World Rights ***;12.02.2025 14:00:18;Ja;12.02.2025 14:00:18
[13:44:37] *** World Rights ***;[13:44:37] *** World Rights ***;12.02.2025 13:47:32;Ja;12.02.2025 13:47:32
[13:40:46] *** World Rights ***;[13:40:46] *** World Rights ***;12.02.2025 13:42:31;Ja;12.02.2025 13:42:31
[13:25:38] *** World Rights ***;[13:25:38] *** World Rights ***;12.02.2025 13:31:18;Ja;12.02.2025 13:31:18
[13:20:41] *** World Rights ***;[13:20:41] *** World Rights ***;12.02.2025 13:24:23;Ja;12.02.2025 13:24:23
[13:19:46] *** World Rights ***;[13:19:46] *** World Rights ***;12.02.2025 13:21:40;Ja;12.02.2025 13:21:40
[13:05:55] *** World Rights ***;[13:05:55] *** World Rights ***;12.02.2025 13:11:22;Ja;12.02.2025 13:11:22
[13:00:21] *** World Rights ***;[13:00:21] *** World Rights ***;12.02.2025 13:06:52;Ja;12.02.2025 13:06:52
[13:01:32] *** World Rights ***;[13:01:32] *** World Rights ***;12.02.2025 13:04:03;Ja;12.02.2025 13:04:03
[12:58:51] World Rights Except UK and Ireland * GBROUT IRLOUT;[12:58:51] World Rights Except UK and Ireland * GBROUT IRLOUT;12.02.2025 13:02:32;Ja;12.02.2025 13:02:32
[12:54:10] *** World Rights ***;[12:54:10] *** World Rights ***;12.02.2025 12:56:13;Ja;12.02.2025 12:56:13
[12:49:24] *** World Rights ***;[12:49:24] *** World Rights ***;12.02.2025 12:51:49;Ja;12.02.2025 12:51:49
[12:34:59] *** World Rights ***;[12:34:59] *** World Rights ***;12.02.2025 12:38:47;Ja;12.02.2025 12:38:47
[12:31:32] *** World Rights ***;[12:31:32] *** World Rights ***;12.02.2025 12:33:41;Ja;12.02.2025 12:33:41
[12:28:10] *** World Rights ***;[12:28:10] *** World Rights ***;12.02.2025 12:30:00;Ja;12.02.2025 12:30:00
[12:25:28] *** World Rights ***;[12:25:28] *** World Rights ***;12.02.2025 12:27:45;Ja;12.02.2025 12:27:45
[12:10:16] *** World Rights ***;[12:10:16] *** World Rights ***;12.02.2025 12:12:13;Ja;12.02.2025 12:12:13
[11:58:18] *** World Rights ***;[11:58:18] *** World Rights ***;12.02.2025 12:01:27;Ja;12.02.2025 12:01:27
[11:57:44] *** World Rights ***;[11:57:44] *** World Rights ***;12.02.2025 12:00:38;Ja;12.02.2025 12:00:38
[11:51:24] *** World Rights ***;[11:51:24] *** World Rights ***;12.02.2025 11:55:45;Ja;12.02.2025 11:55:45
[11:49:29] *** World Rights ***;[11:49:29] *** World Rights ***;12.02.2025 11:52:19;Ja;12.02.2025 11:52:19
[11:39:22] *** World Rights ***;[11:39:22] *** World Rights ***;12.02.2025 11:44:47;Ja;12.02.2025 11:44:47
[11:41:44] *** World Rights ***;[11:41:44] *** World Rights ***;12.02.2025 11:44:07;Ja;12.02.2025 11:44:07
[11:35:20] *** World Rights ***;[11:35:20] *** World Rights ***;12.02.2025 11:41:29;Ja;12.02.2025 11:41:29
[11:31:15] *** Germany only ***;[11:31:15] *** Germany only ***;12.02.2025 11:34:32;Ja;12.02.2025 11:34:32
[11:24:26] *** World Rights ***;[11:24:26] *** World Rights ***;12.02.2025 11:32:43;Ja;12.02.2025 11:32:43
[11:22:59] *** World Rights ***;[11:22:59] *** World Rights ***;12.02.2025 11:27:55;Ja;12.02.2025 11:27:55
[11:24:46] *** World Rights ***;[11:24:46] *** World Rights ***;12.02.2025 11:27:47;Ja;12.02.2025 11:27:47
[11:18:37] *** World Rights ***;[11:18:37] *** World Rights ***;12.02.2025 11:20:57;Ja;12.02.2025 11:20:57
[11:16:06] World Rights Except UK and Ireland * GBROUT IRLOUT;[11:16:06] World Rights Except UK and Ireland * GBROUT IRLOUT;12.02.2025 11:20:29;Ja;12.02.2025 11:20:29
[11:03:59] World Rights Except UK and Ireland * GBROUT IRLOUT;[11:03:59] World Rights Except UK and Ireland * GBROUT IRLOUT;12.02.2025 11:09:21;Ja;12.02.2025 11:09:21
[11:03:27] *** World Rights ***;[11:03:27] *** World Rights ***;12.02.2025 11:08:19;Ja;12.02.2025 11:08:19
[10:58:09] *** World Rights ***;[10:58:09] *** World Rights ***;12.02.2025 11:06:31;Ja;12.02.2025 11:06:31
[10:58:50] *** World Rights ***;[10:58:50] *** World Rights ***;12.02.2025 11:05:05;Ja;12.02.2025 11:05:05
[10:57:42] *** World Rights ***;[10:57:42] *** World Rights ***;12.02.2025 11:05:03;Ja;12.02.2025 11:05:03
[10:52:39] *** World Rights ***;[10:52:39] *** World Rights ***;12.02.2025 11:00:49;Ja;12.02.2025 11:00:49
[10:51:34] *** World Rights ***;[10:51:34] *** World Rights ***;12.02.2025 10:57:48;Ja;12.02.2025 10:57:48
[10:44:06] *** World Rights ***;[10:44:06] *** World Rights ***;12.02.2025 10:56:45;Ja;12.02.2025 10:56:45
[10:34:43] *** World Rights ***;[10:34:43] *** World Rights ***;12.02.2025 10:45:38;Ja;12.02.2025 10:45:38
[10:38:35] *** World Rights ***;[10:38:35] *** World Rights ***;12.02.2025 10:44:29;Ja;12.02.2025 10:44:29
[10:26:52] *** World Rights ***;[10:26:52] *** World Rights ***;12.02.2025 10:40:17;Ja;12.02.2025 10:40:17
[10:33:28] *** World Rights ***;[10:33:28] *** World Rights ***;12.02.2025 10:40:16;Ja;12.02.2025 10:40:16
[10:28:13] *** World Rights ***;[10:28:13] *** World Rights ***;12.02.2025 10:34:27;Ja;12.02.2025 10:34:27
[10:18:30] *** World Rights ***;[10:18:30] *** World Rights ***;12.02.2025 10:24:05;Ja;12.02.2025 10:24:05
[10:07:00] *** World Rights ***;[10:07:00] *** World Rights ***;12.02.2025 10:17:52;Ja;12.02.2025 10:17:52
[10:10:27] World Rights Except UK and Ireland * GBROUT IRLOUT;[10:10:27] World Rights Except UK and Ireland * GBROUT IRLOUT;12.02.2025 10:16:57;Ja;12.02.2025 10:16:57
[10:08:11] *** World Rights ***;[10:08:11] *** World Rights ***;12.02.2025 10:15:35;Ja;12.02.2025 10:15:35
[10:03:07] *** World Rights ***;[10:03:07] *** World Rights ***;12.02.2025 10:12:34;Ja;12.02.2025 10:12:34
[10:03:01] *** World Rights ***;[10:03:01] *** World Rights ***;12.02.2025 10:09:16;Ja;12.02.2025 10:09:16
[09:59:01] *** Germany only ***;[09:59:01] *** Germany only ***;12.02.2025 10:06:41;Ja;12.02.2025 10:06:41
[09:56:41] *** World Rights ***;[09:56:41] *** World Rights ***;12.02.2025 10:06:31;Ja;12.02.2025 10:06:31
[09:54:09] *** World Rights ***;[09:54:09] *** World Rights ***;12.02.2025 10:04:49;Ja;12.02.2025 10:04:49
[09:50:34] *** World Rights ***;[09:50:34] *** World Rights ***;12.02.2025 10:00:44;Ja;12.02.2025 10:00:44
[09:40:08] *** World Rights ***;[09:40:08] *** World Rights ***;12.02.2025 09:48:03;Ja;12.02.2025 09:48:03
[09:36:28] *** World Rights ***;[09:36:28] *** World Rights ***;12.02.2025 09:43:41;Ja;12.02.2025 09:43:41
[09:35:32] World Rights Except UK and Ireland * GBROUT IRLOUT;[09:35:32] World Rights Except UK and Ireland * GBROUT IRLOUT;12.02.2025 09:42:55;Ja;12.02.2025 09:42:55
[09:18:50] *** World Rights ***;[09:18:50] *** World Rights ***;12.02.2025 09:31:26;Ja;12.02.2025 09:31:26
[09:20:41] *** World Rights ***;[09:20:41] *** World Rights ***;12.02.2025 09:28:57;Ja;12.02.2025 09:28:57
[09:15:10] *** World Rights ***;[09:15:10] *** World Rights ***;12.02.2025 09:22:23;Ja;12.02.2025 09:22:23
[09:13:44] World Rights Except UK and Ireland * GBROUT IRLOUT;[09:13:44] World Rights Except UK and Ireland * GBROUT IRLOUT;12.02.2025 09:20:46;Ja;12.02.2025 09:20:46
[09:08:26] *** World Rights ***;[09:08:26] *** World Rights ***;12.02.2025 09:15:14;Ja;12.02.2025 09:15:14
[09:05:34] *** World Rights ***;[09:05:34] *** World Rights ***;12.02.2025 09:13:39;Ja;12.02.2025 09:13:39
[09:03:36] World Rights Except UK and Ireland * GBROUT IRLOUT;[09:03:36] World Rights Except UK and Ireland * GBROUT IRLOUT;12.02.2025 09:12:52;Ja;12.02.2025 09:12:52
[09:04:27] *** World Rights ***;[09:04:27] *** World Rights ***;12.02.2025 09:12:08;Ja;12.02.2025 09:12:08
[08:57:45] *** World Rights ***;[08:57:45] *** World Rights ***;12.02.2025 09:01:47;Ja;12.02.2025 09:01:47
[08:43:15] *** World Rights ***;[08:43:15] *** World Rights ***;12.02.2025 08:48:32;Ja;12.02.2025 08:48:32
[08:39:34] *** World Rights ***;[08:39:34] *** World Rights ***;12.02.2025 08:42:50;Ja;12.02.2025 08:42:50
[08:27:24] *** World Rights ***;[08:27:24] *** World Rights ***;12.02.2025 08:30:42;Ja;12.02.2025 08:30:42
[08:18:17] *** World Rights ***;[08:18:17] *** World Rights ***;12.02.2025 08:29:51;Ja;12.02.2025 08:29:51
[08:24:06] *** World Rights ***;[08:24:06] *** World Rights ***;12.02.2025 08:29:17;Ja;12.02.2025 08:29:17
[08:20:41] *** World Rights ***;[08:20:41] *** World Rights ***;12.02.2025 08:28:30;Ja;12.02.2025 08:28:30
[08:18:54] *** World Rights ***;[08:18:54] *** World Rights ***;12.02.2025 08:24:34;Ja;12.02.2025 08:24:34
[08:08:53] *** World Rights ***;[08:08:53] *** World Rights ***;12.02.2025 08:17:34;Ja;12.02.2025 08:17:34
[08:07:10] *** World Rights ***;[08:07:10] *** World Rights ***;12.02.2025 08:10:51;Ja;12.02.2025 08:10:51
[07:49:39] *** World Rights ***;[07:49:39] *** World Rights ***;12.02.2025 07:59:56;Ja;12.02.2025 07:59:56
[07:51:56] *** World Rights ***;[07:51:56] *** World Rights ***;12.02.2025 07:55:41;Ja;12.02.2025 07:55:41
[07:46:19] *** World Rights ***;[07:46:19] *** World Rights ***;12.02.2025 07:49:23;Ja;12.02.2025 07:49:23
[07:40:49] *** World Rights ***;[07:40:49] *** World Rights ***;12.02.2025 07:46:03;Ja;12.02.2025 07:46:03
[07:39:41] *** World Rights ***;[07:39:41] *** World Rights ***;12.02.2025 07:42:57;Ja;12.02.2025 07:42:57
[07:32:33] *** World Rights ***;[07:32:33] *** World Rights ***;12.02.2025 07:39:14;Ja;12.02.2025 07:39:14
[07:32:29] *** World Rights ***;[07:32:29] *** World Rights ***;12.02.2025 07:36:50;Ja;12.02.2025 07:36:50
[07:30:18] *** World Rights ***;[07:30:18] *** World Rights ***;12.02.2025 07:33:34;Ja;12.02.2025 07:33:34
[07:26:50] *** World Rights ***;[07:26:50] *** World Rights ***;12.02.2025 07:30:49;Ja;12.02.2025 07:30:49
[07:25:16] *** World Rights ***;[07:25:16] *** World Rights ***;12.02.2025 07:27:01;Ja;12.02.2025 07:27:01
[07:18:15] *** World Rights ***;[07:18:15] *** World Rights ***;12.02.2025 07:20:00;Ja;12.02.2025 07:20:00
[07:11:26] *** World Rights ***;[07:11:26] *** World Rights ***;12.02.2025 07:12:59;Ja;12.02.2025 07:12:59
[06:46:11] *** World Rights ***;[06:46:11] *** World Rights ***;12.02.2025 06:46:51;Ja;12.02.2025 06:46:51
[05:35:17] *** Germany only ***;[05:35:17] *** Germany only ***;12.02.2025 05:41:22;Ja;12.02.2025 05:41:22
[05:32:18] World Rights Except UK and Ireland * GBROUT IRLOUT;[05:32:18] World Rights Except UK and Ireland * GBROUT IRLOUT;12.02.2025 05:35:50;Ja;12.02.2025 05:35:50
[05:01:32] *** World Rights ***;[05:01:32] *** World Rights ***;12.02.2025 05:06:24;Ja;12.02.2025 05:06:24
[04:29:24] *** World Rights ***;[04:29:24] *** World Rights ***;12.02.2025 04:30:02;Ja;12.02.2025 04:30:02
[03:54:50] *** World Rights ***;[03:54:50] *** World Rights ***;12.02.2025 03:56:08;Ja;12.02.2025 03:56:08
[03:26:32] *** World Rights ***;[03:26:32] *** World Rights ***;12.02.2025 03:31:26;Ja;12.02.2025 03:31:26
[02:37:12] *** Germany only ***;[02:37:12] *** Germany only ***;12.02.2025 02:39:00;Ja;12.02.2025 02:39:00
[02:14:37] *** World Rights ***;[02:14:37] *** World Rights ***;12.02.2025 02:15:34;Ja;12.02.2025 02:15:34
[02:07:04] *** World Rights ***;[02:07:04] *** World Rights ***;12.02.2025 02:10:45;Ja;12.02.2025 02:10:45
[00:55:13] *** World Rights ***;[00:55:13] *** World Rights ***;12.02.2025 00:59:05;Ja;12.02.2025 00:59:05
[23:16:36] *** World Rights ***;[23:16:36] *** World Rights ***;11.02.2025 23:18:18;Ja;11.02.2025 23:18:18
[23:07:53] *** World Rights ***;[23:07:53] *** World Rights ***;11.02.2025 23:08:33;Ja;11.02.2025 23:08:33
[22:52:17] World Rights Except UK and Ireland * GBROUT IRLOUT;[22:52:17] World Rights Except UK and Ireland * GBROUT IRLOUT;11.02.2025 22:55:38;Ja;11.02.2025 22:55:38
[22:12:55] *** World Rights ***;[22:12:55] *** World Rights ***;11.02.2025 22:22:44;Ja;11.02.2025 22:22:44
[22:18:26] *** World Rights ***;[22:18:26] *** World Rights ***;11.02.2025 22:20:23;Ja;11.02.2025 22:20:23
[21:42:30] *** World Rights ***;[21:42:30] *** World Rights ***;11.02.2025 21:43:56;Ja;11.02.2025 21:43:56
[21:39:41] World Rights Except UK and Ireland * GBROUT IRLOUT;[21:39:41] World Rights Except UK and Ireland * GBROUT IRLOUT;11.02.2025 21:43:35;Ja;11.02.2025 21:43:35
[21:20:00] *** World Rights ***;[21:20:00] *** World Rights ***;11.02.2025 21:22:02;Ja;11.02.2025 21:22:02
[21:20:22] *** World Rights ***;[21:20:22] *** World Rights ***;11.02.2025 21:21:25;Ja;11.02.2025 21:21:25
[21:00:13] World Rights Except UK and Ireland * GBROUT IRLOUT;[21:00:13] World Rights Except UK and Ireland * GBROUT IRLOUT;11.02.2025 21:00:41;Ja;11.02.2025 21:00:41
[20:09:47] World Rights Except UK and Ireland * GBROUT IRLOUT;[20:09:47] World Rights Except UK and Ireland * GBROUT IRLOUT;11.02.2025 20:17:59;Ja;11.02.2025 20:17:59
[19:57:12] World Rights Except UK and Ireland * GBROUT IRLOUT;[19:57:12] World Rights Except UK and Ireland * GBROUT IRLOUT;11.02.2025 19:59:50;Ja;11.02.2025 19:59:50
[19:35:25] World Rights Except UK and Ireland * GBROUT IRLOUT;[19:35:25] World Rights Except UK and Ireland * GBROUT IRLOUT;11.02.2025 19:42:22;Ja;11.02.2025 19:42:22
[19:38:21] *** World Rights ***;[19:38:21] *** World Rights ***;11.02.2025 19:40:43;Ja;11.02.2025 19:40:43
[19:28:06] *** World Rights ***;[19:28:06] *** World Rights ***;11.02.2025 19:33:09;Ja;11.02.2025 19:33:09
[19:21:08] *** World Rights ***;[19:21:08] *** World Rights ***;11.02.2025 19:27:34;Ja;11.02.2025 19:27:34
[19:11:04] *** World Rights ***;[19:11:04] *** World Rights ***;11.02.2025 19:14:06;Ja;11.02.2025 19:14:06
[18:54:35] *** Germany only ***;[18:54:35] *** Germany only ***;11.02.2025 19:01:21;Ja;11.02.2025 19:01:21
[18:54:37] *** World Rights ***;[18:54:37] *** World Rights ***;11.02.2025 18:59:53;Ja;11.02.2025 18:59:53
[18:51:06] *** World Rights ***;[18:51:06] *** World Rights ***;11.02.2025 18:58:35;Ja;11.02.2025 18:58:35
[18:44:30] *** World Rights ***;[18:44:30] *** World Rights ***;11.02.2025 18:51:48;Ja;11.02.2025 18:51:48
[18:30:46] *** World Rights ***;[18:30:46] *** World Rights ***;11.02.2025 18:47:23;Ja;11.02.2025 18:47:23
[18:29:38] *** World Rights ***;[18:29:38] *** World Rights ***;11.02.2025 18:35:51;Ja;11.02.2025 18:35:51
[17:59:40] *** World Rights ***;[17:59:40] *** World Rights ***;11.02.2025 18:12:35;Ja;11.02.2025 18:12:35
[18:04:56] World Rights Except UK and Ireland * GBROUT IRLOUT;[18:04:56] World Rights Except UK and Ireland * GBROUT IRLOUT;11.02.2025 18:11:07;Ja;11.02.2025 18:11:07
[17:58:00] *** World Rights ***;[17:58:00] *** World Rights ***;11.02.2025 18:10:28;Ja;11.02.2025 18:10:28
[17:45:46] *** World Rights ***;[17:45:46] *** World Rights ***;11.02.2025 17:53:12;Ja;11.02.2025 17:53:12
[17:31:11] World Rights Except UK and Ireland * GBROUT IRLOUT;[17:31:11] World Rights Except UK and Ireland * GBROUT IRLOUT;11.02.2025 17:38:39;Ja;11.02.2025 17:38:39
[17:26:56] *** World Rights ***;[17:26:56] *** World Rights ***;11.02.2025 17:34:52;Ja;11.02.2025 17:34:52
[17:24:34] *** World Rights ***;[17:24:34] *** World Rights ***;11.02.2025 17:32:26;Ja;11.02.2025 17:32:26
[17:23:57] World Rights Except UK and Ireland * GBROUT IRLOUT;[17:23:57] World Rights Except UK and Ireland * GBROUT IRLOUT;11.02.2025 17:31:38;Ja;11.02.2025 17:31:38
[17:19:14] World Rights Except UK and Ireland * GBROUT IRLOUT;[17:19:14] World Rights Except UK and Ireland * GBROUT IRLOUT;11.02.2025 17:31:29;Ja;11.02.2025 17:31:29
[17:10:03] *** World Rights ***;[17:10:03] *** World Rights ***;11.02.2025 17:23:47;Ja;11.02.2025 17:23:47
[16:57:52] *** World Rights ***;[16:57:52] *** World Rights ***;11.02.2025 17:04:16;Ja;11.02.2025 17:04:16
[16:36:58] World Rights Except UK and Ireland * GBROUT IRLOUT;[16:36:58] World Rights Except UK and Ireland * GBROUT IRLOUT;11.02.2025 16:46:03;Ja;11.02.2025 16:46:03
[16:34:37] World Rights Except UK and Ireland * GBROUT IRLOUT;[16:34:37] World Rights Except UK and Ireland * GBROUT IRLOUT;11.02.2025 16:42:07;Ja;11.02.2025 16:42:07
[16:32:26] *** World Rights ***;[16:32:26] *** World Rights ***;11.02.2025 16:39:45;Ja;11.02.2025 16:39:45
[16:25:57] *** World Rights ***;[16:25:57] *** World Rights ***;11.02.2025 16:34:30;Ja;11.02.2025 16:34:30
[16:19:12] World Rights Except UK and Ireland * GBROUT IRLOUT;[16:19:12] World Rights Except UK and Ireland * GBROUT IRLOUT;11.02.2025 16:31:38;Ja;11.02.2025 16:31:38
[16:16:50] *** World Rights ***;[16:16:50] *** World Rights ***;11.02.2025 16:24:35;Ja;11.02.2025 16:24:35
[16:05:24] *** World Rights ***;[16:05:24] *** World Rights ***;11.02.2025 16:17:25;Ja;11.02.2025 16:17:25
[16:08:12] *** World Rights ***;[16:08:12] *** World Rights ***;11.02.2025 16:15:07;Ja;11.02.2025 16:15:07
[15:58:52] *** World Rights ***;[15:58:52] *** World Rights ***;11.02.2025 16:04:52;Ja;11.02.2025 16:04:52
[15:49:43] World Rights Except UK and Ireland * GBROUT IRLOUT;[15:49:43] World Rights Except UK and Ireland * GBROUT IRLOUT;11.02.2025 16:02:22;Ja;11.02.2025 16:02:22
[15:52:20] *** World Rights ***;[15:52:20] *** World Rights ***;11.02.2025 15:58:26;Ja;11.02.2025 15:58:26
[15:51:07] *** World Rights ***;[15:51:07] *** World Rights ***;11.02.2025 15:55:52;Ja;11.02.2025 15:55:52
[15:38:28] *** World Rights ***;[15:38:28] *** World Rights ***;11.02.2025 15:43:00;Ja;11.02.2025 15:43:00
[15:32:47] *** World Rights ***;[15:32:47] *** World Rights ***;11.02.2025 15:41:29;Ja;11.02.2025 15:41:29
[15:29:44] *** Germany only ***;[15:29:44] *** Germany only ***;11.02.2025 15:36:31;Ja;11.02.2025 15:36:31
[15:27:29] *** World Rights ***;[15:27:29] *** World Rights ***;11.02.2025 15:36:24;Ja;11.02.2025 15:36:24
[15:12:28] *** World Rights ***;[15:12:28] *** World Rights ***;11.02.2025 15:18:07;Ja;11.02.2025 15:18:07
[15:09:17] *** Germany only ***;[15:09:17] *** Germany only ***;11.02.2025 15:14:00;Ja;11.02.2025 15:14:00
[15:01:24] *** World Rights ***;[15:01:24] *** World Rights ***;11.02.2025 15:06:15;Ja;11.02.2025 15:06:15
[14:57:23] *** World Rights ***;[14:57:23] *** World Rights ***;11.02.2025 15:04:10;Ja;11.02.2025 15:04:10
[14:59:35] World Rights Except UK and Ireland * GBROUT IRLOUT;[14:59:35] World Rights Except UK and Ireland * GBROUT IRLOUT;11.02.2025 15:02:39;Ja;11.02.2025 15:02:39
[14:57:55] *** World Rights ***;[14:57:55] *** World Rights ***;11.02.2025 15:01:51;Ja;11.02.2025 15:01:51
[14:51:46] World Rights Except UK and Ireland * GBROUT IRLOUT;[14:51:46] World Rights Except UK and Ireland * GBROUT IRLOUT;11.02.2025 14:55:17;Ja;11.02.2025 14:55:17
[14:41:29] World Rights Except UK and Ireland * GBROUT IRLOUT;[14:41:29] World Rights Except UK and Ireland * GBROUT IRLOUT;11.02.2025 14:45:14;Ja;11.02.2025 14:45:14
[14:38:12] *** World Rights ***;[14:38:12] *** World Rights ***;11.02.2025 14:42:31;Ja;11.02.2025 14:42:31
[14:29:51] *** World Rights ***;[14:29:51] *** World Rights ***;11.02.2025 14:35:13;Ja;11.02.2025 14:35:13
[14:31:42] *** World Rights ***;[14:31:42] *** World Rights ***;11.02.2025 14:34:51;Ja;11.02.2025 14:34:51
[14:10:08] *** World Rights ***;[14:10:08] *** World Rights ***;11.02.2025 14:13:59;Ja;11.02.2025 14:13:59
[14:03:35] *** World Rights ***;[14:03:35] *** World Rights ***;11.02.2025 14:06:40;Ja;11.02.2025 14:06:40
[13:52:25] *** World Rights ***;[13:52:25] *** World Rights ***;11.02.2025 13:54:59;Ja;11.02.2025 13:54:59
[13:03:17] *** World Rights ***;[13:03:17] *** World Rights ***;11.02.2025 13:09:24;Ja;11.02.2025 13:09:24
[13:00:16] *** World Rights ***;[13:00:16] *** World Rights ***;11.02.2025 13:04:26;Ja;11.02.2025 13:04:26
[12:55:05] *** World Rights ***;[12:55:05] *** World Rights ***;11.02.2025 12:57:35;Ja;11.02.2025 12:57:35
[12:50:49] World Rights Except UK and Ireland * GBROUT IRLOUT;[12:50:49] World Rights Except UK and Ireland * GBROUT IRLOUT;11.02.2025 12:57:18;Ja;11.02.2025 12:57:18
[12:43:48] World Rights Except UK and Ireland * GBROUT IRLOUT;[12:43:48] World Rights Except UK and Ireland * GBROUT IRLOUT;11.02.2025 12:51:30;Ja;11.02.2025 12:51:30
[12:44:44] *** World Rights ***;[12:44:44] *** World Rights ***;11.02.2025 12:48:35;Ja;11.02.2025 12:48:35
[12:40:00] *** World Rights ***;[12:40:00] *** World Rights ***;11.02.2025 12:43:46;Ja;11.02.2025 12:43:46
[12:40:05] *** World Rights ***;[12:40:05] *** World Rights ***;11.02.2025 12:42:27;Ja;11.02.2025 12:42:27
[12:26:08] *** World Rights ***;[12:26:08] *** World Rights ***;11.02.2025 12:29:55;Ja;11.02.2025 12:29:55
[12:19:21] *** World Rights ***;[12:19:21] *** World Rights ***;11.02.2025 12:25:07;Ja;11.02.2025 12:25:07
[12:18:52] *** Germany only ***;[12:18:52] *** Germany only ***;11.02.2025 12:21:43;Ja;11.02.2025 12:21:43
[12:05:36] *** World Rights ***;[12:05:36] *** World Rights ***;11.02.2025 12:11:47;Ja;11.02.2025 12:11:47
[12:02:44] *** World Rights ***;[12:02:44] *** World Rights ***;11.02.2025 12:04:56;Ja;11.02.2025 12:04:56
[11:47:20] World Rights Except UK and Ireland * GBROUT IRLOUT;[11:47:20] World Rights Except UK and Ireland * GBROUT IRLOUT;11.02.2025 11:53:23;Ja;11.02.2025 11:53:23
[11:36:56] *** World Rights ***;[11:36:56] *** World Rights ***;11.02.2025 11:44:41;Ja;11.02.2025 11:44:41
[11:41:08] World Rights Except UK and Ireland * GBROUT IRLOUT;[11:41:08] World Rights Except UK and Ireland * GBROUT IRLOUT;11.02.2025 11:44:08;Ja;11.02.2025 11:44:08
[11:38:04] *** World Rights ***;[11:38:04] *** World Rights ***;11.02.2025 11:42:55;Ja;11.02.2025 11:42:55
[11:35:13] *** World Rights ***;[11:35:13] *** World Rights ***;11.02.2025 11:40:13;Ja;11.02.2025 11:40:13
[11:33:54] World Rights Except UK and Ireland * GBROUT IRLOUT;[11:33:54] World Rights Except UK and Ireland * GBROUT IRLOUT;11.02.2025 11:39:50;Ja;11.02.2025 11:39:50
[11:20:57] World Rights Except UK and Ireland * GBROUT IRLOUT;[11:20:57] World Rights Except UK and Ireland * GBROUT IRLOUT;11.02.2025 11:24:56;Ja;11.02.2025 11:24:56
[11:19:04] *** Germany only ***;[11:19:04] *** Germany only ***;11.02.2025 11:23:18;Ja;11.02.2025 11:23:18
[11:18:26] *** World Rights ***;[11:18:26] *** World Rights ***;11.02.2025 11:22:46;Ja;11.02.2025 11:22:46
[11:14:34] *** Germany only ***;[11:14:34] *** Germany only ***;11.02.2025 11:18:32;Ja;11.02.2025 11:18:32
[11:14:24] *** World Rights ***;[11:14:24] *** World Rights ***;11.02.2025 11:17:13;Ja;11.02.2025 11:17:13
[11:06:53] *** World Rights ***;[11:06:53] *** World Rights ***;11.02.2025 11:14:40;Ja;11.02.2025 11:14:40
[10:44:57] *** World Rights ***;[10:44:57] *** World Rights ***;11.02.2025 10:56:36;Ja;11.02.2025 10:56:36
[10:44:44] *** World Rights ***;[10:44:44] *** World Rights ***;11.02.2025 10:55:04;Ja;11.02.2025 10:55:04
[10:44:28] *** World Rights ***;[10:44:28] *** World Rights ***;11.02.2025 10:50:20;Ja;11.02.2025 10:50:20
[10:32:40] *** World Rights ***;[10:32:40] *** World Rights ***;11.02.2025 10:38:44;Ja;11.02.2025 10:38:44
[10:32:02] *** World Rights ***;[10:32:02] *** World Rights ***;11.02.2025 10:38:34;Ja;11.02.2025 10:38:34
[10:29:52] *** World Rights ***;[10:29:52] *** World Rights ***;11.02.2025 10:37:53;Ja;11.02.2025 10:37:53
[10:26:06] World Rights Except UK and Ireland * GBROUT IRLOUT;[10:26:06] World Rights Except UK and Ireland * GBROUT IRLOUT;11.02.2025 10:37:28;Ja;11.02.2025 10:37:28
[10:27:40] *** World Rights ***;[10:27:40] *** World Rights ***;11.02.2025 10:36:54;Ja;11.02.2025 10:36:54
[10:24:08] *** World Rights ***;[10:24:08] *** World Rights ***;11.02.2025 10:29:43;Ja;11.02.2025 10:29:43
[10:18:54] World Rights Except UK and Ireland * GBROUT IRLOUT;[10:18:54] World Rights Except UK and Ireland * GBROUT IRLOUT;11.02.2025 10:25:17;Ja;11.02.2025 10:25:17
[10:14:13] World Rights Except UK and Ireland * GBROUT IRLOUT;[10:14:13] World Rights Except UK and Ireland * GBROUT IRLOUT;11.02.2025 10:20:54;Ja;11.02.2025 10:20:54
[10:03:44] *** World Rights ***;[10:03:44] *** World Rights ***;11.02.2025 10:19:29;Ja;11.02.2025 10:19:29
[10:10:27] *** World Rights ***;[10:10:27] *** World Rights ***;11.02.2025 10:16:42;Ja;11.02.2025 10:16:42
[10:09:12] *** World Rights ***;[10:09:12] *** World Rights ***;11.02.2025 10:15:32;Ja;11.02.2025 10:15:32
[10:08:52] World Rights Except UK and Ireland * GBROUT IRLOUT;[10:08:52] World Rights Except UK and Ireland * GBROUT IRLOUT;11.02.2025 10:14:32;Ja;11.02.2025 10:14:32
[10:01:49] *** World Rights ***;[10:01:49] *** World Rights ***;11.02.2025 10:12:11;Ja;11.02.2025 10:12:11
[09:48:44] World Rights Except UK and Ireland * GBROUT IRLOUT;[09:48:44] World Rights Except UK and Ireland * GBROUT IRLOUT;11.02.2025 09:56:45;Ja;11.02.2025 09:56:45
[09:35:00] *** World Rights ***;[09:35:00] *** World Rights ***;11.02.2025 09:41:32;Ja;11.02.2025 09:41:32
[09:31:58] *** World Rights ***;[09:31:58] *** World Rights ***;11.02.2025 09:39:05;Ja;11.02.2025 09:39:05
[09:26:03] World Rights Except UK and Ireland * GBROUT IRLOUT;[09:26:03] World Rights Except UK and Ireland * GBROUT IRLOUT;11.02.2025 09:37:38;Ja;11.02.2025 09:37:38
[09:27:10] *** World Rights ***;[09:27:10] *** World Rights ***;11.02.2025 09:35:30;Ja;11.02.2025 09:35:30
[09:27:10] *** World Rights ***;[09:27:10] *** World Rights ***;11.02.2025 09:35:14;Ja;11.02.2025 09:35:14
[09:26:53] *** World Rights ***;[09:26:53] *** World Rights ***;11.02.2025 09:34:34;Ja;11.02.2025 09:34:34
[09:22:57] *** World Rights ***;[09:22:57] *** World Rights ***;11.02.2025 09:34:20;Ja;11.02.2025 09:34:20
[09:22:24] *** World Rights ***;[09:22:24] *** World Rights ***;11.02.2025 09:32:04;Ja;11.02.2025 09:32:04
[09:11:14] *** World Rights ***;[09:11:14] *** World Rights ***;11.02.2025 09:20:50;Ja;11.02.2025 09:20:50
[09:03:09] *** World Rights ***;[09:03:09] *** World Rights ***;11.02.2025 09:13:23;Ja;11.02.2025 09:13:23
[09:05:27] *** World Rights ***;[09:05:27] *** World Rights ***;11.02.2025 09:13:11;Ja;11.02.2025 09:13:11
[08:54:11] *** Germany only ***;[08:54:11] *** Germany only ***;11.02.2025 08:59:18;Ja;11.02.2025 08:59:18
[08:48:00] *** Germany only ***;[08:48:00] *** Germany only ***;11.02.2025 08:54:24;Ja;11.02.2025 08:54:24
[08:39:42] *** World Rights ***;[08:39:42] *** World Rights ***;11.02.2025 08:46:42;Ja;11.02.2025 08:46:42
[08:34:01] World Rights Except UK and Ireland * GBROUT IRLOUT;[08:34:01] World Rights Except UK and Ireland * GBROUT IRLOUT;11.02.2025 08:42:01;Ja;11.02.2025 08:42:01
[08:26:54] *** World Rights ***;[08:26:54] *** World Rights ***;11.02.2025 08:35:04;Ja;11.02.2025 08:35:04
[08:30:39] *** World Rights ***;[08:30:39] *** World Rights ***;11.02.2025 08:34:33;Ja;11.02.2025 08:34:33
[08:26:40] World Rights Except UK and Ireland * GBROUT IRLOUT;[08:26:40] World Rights Except UK and Ireland * GBROUT IRLOUT;11.02.2025 08:30:41;Ja;11.02.2025 08:30:41
[08:20:45] *** World Rights ***;[08:20:45] *** World Rights ***;11.02.2025 08:27:38;Ja;11.02.2025 08:27:38
[08:18:02] *** World Rights ***;[08:18:02] *** World Rights ***;11.02.2025 08:24:54;Ja;11.02.2025 08:24:54
[08:10:23] World Rights Except UK and Ireland * GBROUT IRLOUT;[08:10:23] World Rights Except UK and Ireland * GBROUT IRLOUT;11.02.2025 08:16:12;Ja;11.02.2025 08:16:12
[08:09:33] *** World Rights ***;[08:09:33] *** World Rights ***;11.02.2025 08:15:25;Ja;11.02.2025 08:15:25
[08:00:21] *** World Rights ***;[08:00:21] *** World Rights ***;11.02.2025 08:08:36;Ja;11.02.2025 08:08:36
[07:54:33] World Rights Except UK and Ireland * GBROUT IRLOUT;[07:54:33] World Rights Except UK and Ireland * GBROUT IRLOUT;11.02.2025 07:58:24;Ja;11.02.2025 07:58:24
[07:52:11] *** World Rights ***;[07:52:11] *** World Rights ***;11.02.2025 07:55:18;Ja;11.02.2025 07:55:18
[07:50:45] World Rights Except UK and Ireland * GBROUT IRLOUT;[07:50:45] World Rights Except UK and Ireland * GBROUT IRLOUT;11.02.2025 07:54:48;Ja;11.02.2025 07:54:48
[07:47:46] *** World Rights ***;[07:47:46] *** World Rights ***;11.02.2025 07:51:13;Ja;11.02.2025 07:51:13
[07:44:01] *** World Rights ***;[07:44:01] *** World Rights ***;11.02.2025 07:47:54;Ja;11.02.2025 07:47:54
[07:35:55] World Rights Except UK and Ireland * GBROUT IRLOUT;[07:35:55] World Rights Except UK and Ireland * GBROUT IRLOUT;11.02.2025 07:38:54;Ja;11.02.2025 07:38:54
[07:32:25] *** World Rights ***;[07:32:25] *** World Rights ***;11.02.2025 07:35:35;Ja;11.02.2025 07:35:35
[07:05:08] *** World Rights ***;[07:05:08] *** World Rights ***;11.02.2025 07:08:28;Ja;11.02.2025 07:08:28
[07:03:31] *** World Rights ***;[07:03:31] *** World Rights ***;11.02.2025 07:04:46;Ja;11.02.2025 07:04:46
[06:44:59] *** World Rights ***;[06:44:59] *** World Rights ***;11.02.2025 06:51:22;Ja;11.02.2025 06:51:22
[06:45:14] *** World Rights ***;[06:45:14] *** World Rights ***;11.02.2025 06:46:33;Ja;11.02.2025 06:46:33
[06:21:12] *** World Rights ***;[06:21:12] *** World Rights ***;11.02.2025 06:24:04;Ja;11.02.2025 06:24:04
[06:20:13] *** World Rights ***;[06:20:13] *** World Rights ***;11.02.2025 06:21:26;Ja;11.02.2025 06:21:26
[06:12:03] *** World Rights ***;[06:12:03] *** World Rights ***;11.02.2025 06:13:18;Ja;11.02.2025 06:13:18
[05:57:06] *** World Rights ***;[05:57:06] *** World Rights ***;11.02.2025 06:00:02;Ja;11.02.2025 06:00:02
[05:35:20] *** World Rights ***;[05:35:20] *** World Rights ***;11.02.2025 05:36:11;Ja;11.02.2025 05:36:11
[05:32:50] *** World Rights ***;[05:32:50] *** World Rights ***;11.02.2025 05:35:21;Ja;11.02.2025 05:35:21
[05:32:41] *** World Rights ***;[05:32:41] *** World Rights ***;11.02.2025 05:33:38;Ja;11.02.2025 05:33:38
[05:21:33] *** World Rights ***;[05:21:33] *** World Rights ***;11.02.2025 05:22:34;Ja;11.02.2025 05:22:34
[05:16:34] *** World Rights ***;[05:16:34] *** World Rights ***;11.02.2025 05:19:38;Ja;11.02.2025 05:19:38
[05:09:15] *** World Rights ***;[05:09:15] *** World Rights ***;11.02.2025 05:09:52;Ja;11.02.2025 05:09:52
[03:44:20] *** World Rights ***;[03:44:20] *** World Rights ***;11.02.2025 03:46:19;Ja;11.02.2025 03:46:19
[02:18:58] *** World Rights ***;[02:18:58] *** World Rights ***;11.02.2025 02:22:09;Ja;11.02.2025 02:22:09
[22:20:12] World Rights Except UK and Ireland * GBROUT IRLOUT;[22:20:12] World Rights Except UK and Ireland * GBROUT IRLOUT;11.02.2025 01:11:22;Ja;11.02.2025 01:11:22
[00:23:15] *** World Rights ***;[00:23:15] *** World Rights ***;11.02.2025 00:27:06;Ja;11.02.2025 00:27:06
[22:38:56] *** World Rights ***;[22:38:56] *** World Rights ***;10.02.2025 22:40:27;Ja;10.02.2025 22:40:27
[22:26:04] *** World Rights ***;[22:26:04] *** World Rights ***;10.02.2025 22:30:28;Ja;10.02.2025 22:30:28
[22:02:25] *** World Rights ***;[22:02:25] *** World Rights ***;10.02.2025 22:05:04;Ja;10.02.2025 22:05:04
[21:52:18] *** Germany only ***;[21:52:18] *** Germany only ***;10.02.2025 21:58:19;Ja;10.02.2025 21:58:19
[21:29:26] *** World Rights ***;[21:29:26] *** World Rights ***;10.02.2025 21:30:56;Ja;10.02.2025 21:30:56
[20:47:09] *** World Rights ***;[20:47:09] *** World Rights ***;10.02.2025 20:51:38;Ja;10.02.2025 20:51:38
[20:43:39] *** World Rights ***;[20:43:39] *** World Rights ***;10.02.2025 20:48:45;Ja;10.02.2025 20:48:45
[20:31:16] World Rights Except UK and Ireland * GBROUT IRLOUT;[20:31:16] World Rights Except UK and Ireland * GBROUT IRLOUT;10.02.2025 20:34:45;Ja;10.02.2025 20:34:45
[20:03:36] *** World Rights ***;[20:03:36] *** World Rights ***;10.02.2025 20:08:18;Ja;10.02.2025 20:08:18
[20:05:14] World Rights Except UK and Ireland * GBROUT IRLOUT;[20:05:14] World Rights Except UK and Ireland * GBROUT IRLOUT;10.02.2025 20:07:01;Ja;10.02.2025 20:07:01
[19:44:13] *** World Rights ***;[19:44:13] *** World Rights ***;10.02.2025 19:49:47;Ja;10.02.2025 19:49:47
[19:37:22] *** World Rights ***;[19:37:22] *** World Rights ***;10.02.2025 19:40:48;Ja;10.02.2025 19:40:48
[19:38:04] *** World Rights ***;[19:38:04] *** World Rights ***;10.02.2025 19:40:34;Ja;10.02.2025 19:40:34
[19:26:20] World Rights Except UK and Ireland * GBROUT IRLOUT;[19:26:20] World Rights Except UK and Ireland * GBROUT IRLOUT;10.02.2025 19:29:54;Ja;10.02.2025 19:29:54
[19:24:04] *** World Rights ***;[19:24:04] *** World Rights ***;10.02.2025 19:27:00;Ja;10.02.2025 19:27:00
[18:58:03] *** World Rights ***;[18:58:03] *** World Rights ***;10.02.2025 19:05:01;Ja;10.02.2025 19:05:01
[18:47:54] *** World Rights ***;[18:47:54] *** World Rights ***;10.02.2025 18:56:34;Ja;10.02.2025 18:56:34
[18:42:47] *** World Rights ***;[18:42:47] *** World Rights ***;10.02.2025 18:52:54;Ja;10.02.2025 18:52:54
[18:44:13] *** World Rights ***;[18:44:13] *** World Rights ***;10.02.2025 18:50:17;Ja;10.02.2025 18:50:17
[18:31:22] World Rights Except UK and Ireland * GBROUT IRLOUT;[18:31:22] World Rights Except UK and Ireland * GBROUT IRLOUT;10.02.2025 18:37:24;Ja;10.02.2025 18:37:24
[18:24:30] World Rights Except UK and Ireland * GBROUT IRLOUT;[18:24:30] World Rights Except UK and Ireland * GBROUT IRLOUT;10.02.2025 18:32:14;Ja;10.02.2025 18:32:14
[18:12:38] *** World Rights ***;[18:12:38] *** World Rights ***;10.02.2025 18:23:48;Ja;10.02.2025 18:23:48
[18:13:01] World Rights Except UK and Ireland * GBROUT IRLOUT;[18:13:01] World Rights Except UK and Ireland * GBROUT IRLOUT;10.02.2025 18:19:22;Ja;10.02.2025 18:19:22
[17:30:19] *** World Rights ***;[17:30:19] *** World Rights ***;10.02.2025 17:40:25;Ja;10.02.2025 17:40:25
[17:25:28] *** World Rights ***;[17:25:28] *** World Rights ***;10.02.2025 17:35:28;Ja;10.02.2025 17:35:28
[17:25:47] *** World Rights ***;[17:25:47] *** World Rights ***;10.02.2025 17:35:02;Ja;10.02.2025 17:35:02
[17:19:03] *** World Rights ***;[17:19:03] *** World Rights ***;10.02.2025 17:31:29;Ja;10.02.2025 17:31:29
[17:13:04] *** World Rights ***;[17:13:04] *** World Rights ***;10.02.2025 17:22:30;Ja;10.02.2025 17:22:30
[16:55:19] *** World Rights ***;[16:55:19] *** World Rights ***;10.02.2025 17:04:07;Ja;10.02.2025 17:04:07
[16:42:47] World Rights Except UK and Ireland * GBROUT IRLOUT;[16:42:47] World Rights Except UK and Ireland * GBROUT IRLOUT;10.02.2025 16:49:36;Ja;10.02.2025 16:49:36
[16:34:15] *** World Rights ***;[16:34:15] *** World Rights ***;10.02.2025 16:42:08;Ja;10.02.2025 16:42:08
[16:25:03] *** World Rights ***;[16:25:03] *** World Rights ***;10.02.2025 16:32:00;Ja;10.02.2025 16:32:00
[16:22:10] *** World Rights ***;[16:22:10] *** World Rights ***;10.02.2025 16:31:38;Ja;10.02.2025 16:31:38
[16:16:22] World Rights Except UK and Ireland * GBROUT IRLOUT;[16:16:22] World Rights Except UK and Ireland * GBROUT IRLOUT;10.02.2025 16:22:59;Ja;10.02.2025 16:22:59
[16:06:43] *** World Rights ***;[16:06:43] *** World Rights ***;10.02.2025 16:13:30;Ja;10.02.2025 16:13:30
[15:49:41] World Rights Except UK and Ireland * GBROUT IRLOUT;[15:49:41] World Rights Except UK and Ireland * GBROUT IRLOUT;10.02.2025 15:56:25;Ja;10.02.2025 15:56:25
[15:42:08] *** World Rights ***;[15:42:08] *** World Rights ***;10.02.2025 15:49:35;Ja;10.02.2025 15:49:35
[15:21:41] *** World Rights ***;[15:21:41] *** World Rights ***;10.02.2025 15:31:27;Ja;10.02.2025 15:31:27
[15:21:36] *** World Rights ***;[15:21:36] *** World Rights ***;10.02.2025 15:28:51;Ja;10.02.2025 15:28:51
[15:19:45] *** World Rights ***;[15:19:45] *** World Rights ***;10.02.2025 15:27:09;Ja;10.02.2025 15:27:09
[15:08:23] World Rights Except UK and Ireland * GBROUT IRLOUT;[15:08:23] World Rights Except UK and Ireland * GBROUT IRLOUT;10.02.2025 15:15:14;Ja;10.02.2025 15:15:14
[15:07:24] World Rights Except UK and Ireland * GBROUT IRLOUT;[15:07:24] World Rights Except UK and Ireland * GBROUT IRLOUT;10.02.2025 15:13:03;Ja;10.02.2025 15:13:03
[14:59:28] *** World Rights ***;[14:59:28] *** World Rights ***;10.02.2025 15:04:39;Ja;10.02.2025 15:04:39
[14:54:24] *** World Rights ***;[14:54:24] *** World Rights ***;10.02.2025 14:59:52;Ja;10.02.2025 14:59:52
[14:47:10] *** World Rights ***;[14:47:10] *** World Rights ***;10.02.2025 14:52:43;Ja;10.02.2025 14:52:43
[14:38:08] *** World Rights ***;[14:38:08] *** World Rights ***;10.02.2025 14:51:14;Ja;10.02.2025 14:51:14
[14:33:18] *** World Rights ***;[14:33:18] *** World Rights ***;10.02.2025 14:36:55;Ja;10.02.2025 14:36:55
[14:27:16] World Rights Except UK and Ireland * GBROUT IRLOUT;[14:27:16] World Rights Except UK and Ireland * GBROUT IRLOUT;10.02.2025 14:32:34;Ja;10.02.2025 14:32:34
[14:18:51] *** World Rights ***;[14:18:51] *** World Rights ***;10.02.2025 14:29:13;Ja;10.02.2025 14:29:13
[14:10:15] World Rights Except UK and Ireland * GBROUT IRLOUT;[14:10:15] World Rights Except UK and Ireland * GBROUT IRLOUT;10.02.2025 14:14:27;Ja;10.02.2025 14:14:27
[14:06:12] *** World Rights ***;[14:06:12] *** World Rights ***;10.02.2025 14:13:35;Ja;10.02.2025 14:13:35
[14:00:55] *** World Rights ***;[14:00:55] *** World Rights ***;10.02.2025 14:05:51;Ja;10.02.2025 14:05:51
[14:02:52] *** World Rights ***;[14:02:52] *** World Rights ***;10.02.2025 14:05:35;Ja;10.02.2025 14:05:35
[13:46:16] *** World Rights ***;[13:46:16] *** World Rights ***;10.02.2025 13:53:32;Ja;10.02.2025 13:53:32
[13:41:02] *** World Rights ***;[13:41:02] *** World Rights ***;10.02.2025 13:42:56;Ja;10.02.2025 13:42:56
[13:39:16] *** World Rights ***;[13:39:16] *** World Rights ***;10.02.2025 13:40:45;Ja;10.02.2025 13:40:45
[13:34:57] *** World Rights ***;[13:34:57] *** World Rights ***;10.02.2025 13:37:12;Ja;10.02.2025 13:37:12
[13:25:42] *** World Rights ***;[13:25:42] *** World Rights ***;10.02.2025 13:29:18;Ja;10.02.2025 13:29:18
[13:22:52] *** World Rights ***;[13:22:52] *** World Rights ***;10.02.2025 13:27:17;Ja;10.02.2025 13:27:17
[13:24:41] *** World Rights ***;[13:24:41] *** World Rights ***;10.02.2025 13:27:06;Ja;10.02.2025 13:27:06
[13:20:21] *** World Rights ***;[13:20:21] *** World Rights ***;10.02.2025 13:23:10;Ja;10.02.2025 13:23:10
[13:13:30] World Rights Except UK and Ireland * GBROUT IRLOUT;[13:13:30] World Rights Except UK and Ireland * GBROUT IRLOUT;10.02.2025 13:17:05;Ja;10.02.2025 13:17:05
[13:07:59] World Rights Except UK and Ireland * GBROUT IRLOUT;[13:07:59] World Rights Except UK and Ireland * GBROUT IRLOUT;10.02.2025 13:12:38;Ja;10.02.2025 13:12:38
[13:08:36] World Rights Except UK and Ireland * GBROUT IRLOUT;[13:08:36] World Rights Except UK and Ireland * GBROUT IRLOUT;10.02.2025 13:11:48;Ja;10.02.2025 13:11:48
[13:08:06] *** World Rights ***;[13:08:06] *** World Rights ***;10.02.2025 13:10:18;Ja;10.02.2025 13:10:18
[13:04:06] *** World Rights ***;[13:04:06] *** World Rights ***;10.02.2025 13:09:32;Ja;10.02.2025 13:09:32
[13:06:16] *** World Rights ***;[13:06:16] *** World Rights ***;10.02.2025 13:09:15;Ja;10.02.2025 13:09:15
[13:02:02] *** World Rights ***;[13:02:02] *** World Rights ***;10.02.2025 13:06:43;Ja;10.02.2025 13:06:43
[13:00:07] *** World Rights ***;[13:00:07] *** World Rights ***;10.02.2025 13:04:40;Ja;10.02.2025 13:04:40
[12:57:25] *** World Rights ***;[12:57:25] *** World Rights ***;10.02.2025 13:01:53;Ja;10.02.2025 13:01:53
[12:52:08] *** World Rights ***;[12:52:08] *** World Rights ***;10.02.2025 13:00:21;Ja;10.02.2025 13:00:21
[12:42:43] *** World Rights ***;[12:42:43] *** World Rights ***;10.02.2025 12:49:15;Ja;10.02.2025 12:49:15
[12:33:31] *** World Rights ***;[12:33:31] *** World Rights ***;10.02.2025 12:40:06;Ja;10.02.2025 12:40:06
[12:29:35] *** World Rights ***;[12:29:35] *** World Rights ***;10.02.2025 12:31:46;Ja;10.02.2025 12:31:46
[09:41:10] *** World Rights ***;[09:41:10] *** World Rights ***;10.02.2025 12:22:17;Ja;10.02.2025 12:22:17
[11:56:33] *** World Rights ***;[11:56:33] *** World Rights ***;10.02.2025 11:59:24;Ja;10.02.2025 11:59:24
[11:50:54] *** Germany only ***;[11:50:54] *** Germany only ***;10.02.2025 11:58:59;Ja;10.02.2025 11:58:59
[11:29:37] World Rights Except UK and Ireland * GBROUT IRLOUT;[11:29:37] World Rights Except UK and Ireland * GBROUT IRLOUT;10.02.2025 11:33:21;Ja;10.02.2025 11:33:21
[11:19:04] *** World Rights ***;[11:19:04] *** World Rights ***;10.02.2025 11:22:06;Ja;10.02.2025 11:22:06
[11:02:43] World Rights Except UK and Ireland * GBROUT IRLOUT;[11:02:43] World Rights Except UK and Ireland * GBROUT IRLOUT;10.02.2025 11:08:03;Ja;10.02.2025 11:08:03
[10:57:35] *** World Rights ***;[10:57:35] *** World Rights ***;10.02.2025 11:06:05;Ja;10.02.2025 11:06:05
[10:58:42] *** World Rights ***;[10:58:42] *** World Rights ***;10.02.2025 11:04:30;Ja;10.02.2025 11:04:30
[10:55:47] *** World Rights ***;[10:55:47] *** World Rights ***;10.02.2025 11:04:09;Ja;10.02.2025 11:04:09
[10:50:01] *** World Rights ***;[10:50:01] *** World Rights ***;10.02.2025 10:57:04;Ja;10.02.2025 10:57:04
[10:44:36] *** Germany only ***;[10:44:36] *** Germany only ***;10.02.2025 10:54:46;Ja;10.02.2025 10:54:46
[10:42:34] *** World Rights ***;[10:42:34] *** World Rights ***;10.02.2025 10:54:32;Ja;10.02.2025 10:54:32
[10:41:02] *** World Rights ***;[10:41:02] *** World Rights ***;10.02.2025 10:50:16;Ja;10.02.2025 10:50:16
[10:40:19] *** World Rights ***;[10:40:19] *** World Rights ***;10.02.2025 10:48:20;Ja;10.02.2025 10:48:20
[10:37:48] *** World Rights ***;[10:37:48] *** World Rights ***;10.02.2025 10:47:38;Ja;10.02.2025 10:47:38
[10:31:58] World Rights Except UK and Ireland * GBROUT IRLOUT;[10:31:58] World Rights Except UK and Ireland * GBROUT IRLOUT;10.02.2025 10:39:05;Ja;10.02.2025 10:39:05
[10:26:36] *** World Rights ***;[10:26:36] *** World Rights ***;10.02.2025 10:34:10;Ja;10.02.2025 10:34:10
[10:25:40] *** World Rights ***;[10:25:40] *** World Rights ***;10.02.2025 10:32:13;Ja;10.02.2025 10:32:13
[10:11:39] *** World Rights ***;[10:11:39] *** World Rights ***;10.02.2025 10:19:34;Ja;10.02.2025 10:19:34
[10:12:49] *** World Rights ***;[10:12:49] *** World Rights ***;10.02.2025 10:18:43;Ja;10.02.2025 10:18:43
[10:07:28] World Rights Except UK and Ireland * GBROUT IRLOUT;[10:07:28] World Rights Except UK and Ireland * GBROUT IRLOUT;10.02.2025 10:14:16;Ja;10.02.2025 10:14:16
[09:45:05] *** World Rights ***;[09:45:05] *** World Rights ***;10.02.2025 09:54:29;Ja;10.02.2025 09:54:29
[09:40:31] *** World Rights ***;[09:40:31] *** World Rights ***;10.02.2025 09:47:42;Ja;10.02.2025 09:47:42
[09:27:36] *** World Rights ***;[09:27:36] *** World Rights ***;10.02.2025 09:35:13;Ja;10.02.2025 09:35:13
[09:18:31] *** World Rights ***;[09:18:31] *** World Rights ***;10.02.2025 09:31:59;Ja;10.02.2025 09:31:59
[09:22:36] *** World Rights ***;[09:22:36] *** World Rights ***;10.02.2025 09:30:56;Ja;10.02.2025 09:30:56
[09:19:57] *** World Rights ***;[09:19:57] *** World Rights ***;10.02.2025 09:26:13;Ja;10.02.2025 09:26:13
[09:08:05] *** World Rights ***;[09:08:05] *** World Rights ***;10.02.2025 09:18:07;Ja;10.02.2025 09:18:07
[09:09:02] World Rights Except UK and Ireland * GBROUT IRLOUT;[09:09:02] World Rights Except UK and Ireland * GBROUT IRLOUT;10.02.2025 09:16:52;Ja;10.02.2025 09:16:52
[08:53:25] *** World Rights ***;[08:53:25] *** World Rights ***;10.02.2025 08:59:24;Ja;10.02.2025 08:59:24
[08:41:06] *** World Rights ***;[08:41:06] *** World Rights ***;10.02.2025 08:44:49;Ja;10.02.2025 08:44:49
[08:36:32] *** World Rights ***;[08:36:32] *** World Rights ***;10.02.2025 08:40:50;Ja;10.02.2025 08:40:50
[08:30:22] *** World Rights ***;[08:30:22] *** World Rights ***;10.02.2025 08:37:14;Ja;10.02.2025 08:37:14
[08:12:49] World Rights Except UK and Ireland * GBROUT IRLOUT;[08:12:49] World Rights Except UK and Ireland * GBROUT IRLOUT;10.02.2025 08:18:10;Ja;10.02.2025 08:18:10
[08:07:42] *** World Rights ***;[08:07:42] *** World Rights ***;10.02.2025 08:12:42;Ja;10.02.2025 08:12:42
[08:00:55] *** World Rights ***;[08:00:55] *** World Rights ***;10.02.2025 08:06:55;Ja;10.02.2025 08:06:55
[07:59:38] *** World Rights ***;[07:59:38] *** World Rights ***;10.02.2025 08:02:46;Ja;10.02.2025 08:02:46
[07:57:24] *** World Rights ***;[07:57:24] *** World Rights ***;10.02.2025 07:59:58;Ja;10.02.2025 07:59:58
[07:50:08] *** World Rights ***;[07:50:08] *** World Rights ***;10.02.2025 07:51:33;Ja;10.02.2025 07:51:33
[07:29:39] *** World Rights ***;[07:29:39] *** World Rights ***;10.02.2025 07:33:57;Ja;10.02.2025 07:33:57
[07:17:33] *** World Rights ***;[07:17:33] *** World Rights ***;10.02.2025 07:22:40;Ja;10.02.2025 07:22:40
[07:17:57] *** World Rights ***;[07:17:57] *** World Rights ***;10.02.2025 07:19:45;Ja;10.02.2025 07:19:45
[06:44:52] *** World Rights ***;[06:44:52] *** World Rights ***;10.02.2025 06:46:16;Ja;10.02.2025 06:46:16
[06:37:58] *** World Rights ***;[06:37:58] *** World Rights ***;10.02.2025 06:40:22;Ja;10.02.2025 06:40:22
[06:36:35] *** World Rights ***;[06:36:35] *** World Rights ***;10.02.2025 06:38:20;Ja;10.02.2025 06:38:20
[06:24:39] *** World Rights ***;[06:24:39] *** World Rights ***;10.02.2025 06:29:16;Ja;10.02.2025 06:29:16
[06:22:48] World Rights Except UK and Ireland * GBROUT IRLOUT;[06:22:48] World Rights Except UK and Ireland * GBROUT IRLOUT;10.02.2025 06:26:16;Ja;10.02.2025 06:26:16
[06:24:19] *** World Rights ***;[06:24:19] *** World Rights ***;10.02.2025 06:26:13;Ja;10.02.2025 06:26:13
[06:18:39] World Rights Except UK and Ireland * GBROUT IRLOUT;[06:18:39] World Rights Except UK and Ireland * GBROUT IRLOUT;10.02.2025 06:21:04;Ja;10.02.2025 06:21:04
[06:01:26] *** World Rights ***;[06:01:26] *** World Rights ***;10.02.2025 06:02:11;Ja;10.02.2025 06:02:11
[05:24:07] *** World Rights ***;[05:24:07] *** World Rights ***;10.02.2025 05:28:36;Ja;10.02.2025 05:28:36
[05:21:59] World Rights Except UK and Ireland * GBROUT IRLOUT;[05:21:59] World Rights Except UK and Ireland * GBROUT IRLOUT;10.02.2025 05:23:54;Ja;10.02.2025 05:23:54
[04:45:39] *** World Rights ***;[04:45:39] *** World Rights ***;10.02.2025 04:51:33;Ja;10.02.2025 04:51:33
[04:46:30] *** World Rights ***;[04:46:30] *** World Rights ***;10.02.2025 04:47:14;Ja;10.02.2025 04:47:14
[02:23:15] *** World Rights ***;[02:23:15] *** World Rights ***;10.02.2025 02:28:15;Ja;10.02.2025 02:28:15
[02:11:15] *** World Rights ***;[02:11:15] *** World Rights ***;10.02.2025 02:12:30;Ja;10.02.2025 02:12:30
[01:50:16] *** World Rights ***;[01:50:16] *** World Rights ***;10.02.2025 01:54:46;Ja;10.02.2025 01:54:46
[00:44:55] *** World Rights ***;[00:44:55] *** World Rights ***;10.02.2025 00:47:21;Ja;10.02.2025 00:47:21
[22:09:21] *** World Rights ***;[22:09:21] *** World Rights ***;09.02.2025 22:11:35;Ja;09.02.2025 22:11:35
[21:57:48] *** World Rights ***;[21:57:48] *** World Rights ***;09.02.2025 22:02:47;Ja;09.02.2025 22:02:47
[21:58:24] *** World Rights ***;[21:58:24] *** World Rights ***;09.02.2025 22:01:15;Ja;09.02.2025 22:01:15
[21:56:10] *** World Rights ***;[21:56:10] *** World Rights ***;09.02.2025 21:58:17;Ja;09.02.2025 21:58:17
[21:49:18] *** World Rights ***;[21:49:18] *** World Rights ***;09.02.2025 21:50:32;Ja;09.02.2025 21:50:32
[21:47:25] *** World Rights ***;[21:47:25] *** World Rights ***;09.02.2025 21:47:53;Ja;09.02.2025 21:47:53
[21:41:03] *** Germany only ***;[21:41:03] *** Germany only ***;09.02.2025 21:43:04;Ja;09.02.2025 21:43:04
[21:28:27] *** World Rights ***;[21:28:27] *** World Rights ***;09.02.2025 21:32:12;Ja;09.02.2025 21:32:12
[21:14:03] *** World Rights ***;[21:14:03] *** World Rights ***;09.02.2025 21:14:48;Ja;09.02.2025 21:14:48
[20:56:37] *** World Rights ***;[20:56:37] *** World Rights ***;09.02.2025 21:01:01;Ja;09.02.2025 21:01:01
[20:28:13] *** World Rights ***;[20:28:13] *** World Rights ***;09.02.2025 20:32:33;Ja;09.02.2025 20:32:33
[20:28:34] *** World Rights ***;[20:28:34] *** World Rights ***;09.02.2025 20:31:15;Ja;09.02.2025 20:31:15
[20:09:17] *** World Rights ***;[20:09:17] *** World Rights ***;09.02.2025 20:12:50;Ja;09.02.2025 20:12:50
[20:00:56] *** World Rights ***;[20:00:56] *** World Rights ***;09.02.2025 20:03:47;Ja;09.02.2025 20:03:47
[19:57:49] World Rights Except UK and Ireland * GBROUT IRLOUT;[19:57:49] World Rights Except UK and Ireland * GBROUT IRLOUT;09.02.2025 20:02:28;Ja;09.02.2025 20:02:28
[19:46:44] *** Germany only ***;[19:46:44] *** Germany only ***;09.02.2025 19:57:30;Ja;09.02.2025 19:57:30
[19:47:39] *** World Rights ***;[19:47:39] *** World Rights ***;09.02.2025 19:51:23;Ja;09.02.2025 19:51:23
[19:23:52] *** World Rights ***;[19:23:52] *** World Rights ***;09.02.2025 19:28:44;Ja;09.02.2025 19:28:44
[19:12:08] *** World Rights ***;[19:12:08] *** World Rights ***;09.02.2025 19:15:44;Ja;09.02.2025 19:15:44
[16:52:46] *** World Rights ***;[16:52:46] *** World Rights ***;09.02.2025 19:11:23;Ja;09.02.2025 19:11:23
[18:49:16] *** World Rights ***;[18:49:16] *** World Rights ***;09.02.2025 18:58:51;Ja;09.02.2025 18:58:51
[18:47:34] World Rights Except UK and Ireland * GBROUT IRLOUT;[18:47:34] World Rights Except UK and Ireland * GBROUT IRLOUT;09.02.2025 18:53:46;Ja;09.02.2025 18:53:46
[18:43:15] *** World Rights ***;[18:43:15] *** World Rights ***;09.02.2025 18:50:19;Ja;09.02.2025 18:50:19
[18:41:14] *** World Rights ***;[18:41:14] *** World Rights ***;09.02.2025 18:49:56;Ja;09.02.2025 18:49:56
[18:42:18] *** World Rights ***;[18:42:18] *** World Rights ***;09.02.2025 18:49:23;Ja;09.02.2025 18:49:23
[18:37:46] *** World Rights ***;[18:37:46] *** World Rights ***;09.02.2025 18:49:01;Ja;09.02.2025 18:49:01
[16:12:15] *** World Rights ***;[16:12:15] *** World Rights ***;09.02.2025 18:47:05;Ja;09.02.2025 18:47:05
[18:22:31] *** World Rights ***;[18:22:31] *** World Rights ***;09.02.2025 18:36:49;Ja;09.02.2025 18:36:49
[18:15:56] *** World Rights ***;[18:15:56] *** World Rights ***;09.02.2025 18:23:55;Ja;09.02.2025 18:23:55
[18:05:38] *** World Rights ***;[18:05:38] *** World Rights ***;09.02.2025 18:14:28;Ja;09.02.2025 18:14:28
[17:33:21] World Rights Except UK and Ireland * GBROUT IRLOUT;[17:33:21] World Rights Except UK and Ireland * GBROUT IRLOUT;09.02.2025 17:40:28;Ja;09.02.2025 17:40:28
[15:48:26] *** World Rights ***;[15:48:26] *** World Rights ***;09.02.2025 17:30:30;Ja;09.02.2025 17:30:30
[17:18:59] *** World Rights ***;[17:18:59] *** World Rights ***;09.02.2025 17:27:37;Ja;09.02.2025 17:27:37
[17:09:15] *** World Rights ***;[17:09:15] *** World Rights ***;09.02.2025 17:19:20;Ja;09.02.2025 17:19:20
[16:55:32] *** World Rights ***;[16:55:32] *** World Rights ***;09.02.2025 17:02:47;Ja;09.02.2025 17:02:47
[16:43:52] *** World Rights ***;[16:43:52] *** World Rights ***;09.02.2025 16:52:07;Ja;09.02.2025 16:52:07
[16:34:40] *** World Rights ***;[16:34:40] *** World Rights ***;09.02.2025 16:46:09;Ja;09.02.2025 16:46:09
[16:28:42] *** World Rights ***;[16:28:42] *** World Rights ***;09.02.2025 16:40:01;Ja;09.02.2025 16:40:01
[16:28:57] *** World Rights ***;[16:28:57] *** World Rights ***;09.02.2025 16:35:54;Ja;09.02.2025 16:35:54
[16:22:45] *** World Rights ***;[16:22:45] *** World Rights ***;09.02.2025 16:31:31;Ja;09.02.2025 16:31:31
[16:22:30] *** World Rights ***;[16:22:30] *** World Rights ***;09.02.2025 16:29:02;Ja;09.02.2025 16:29:02
[16:19:56] *** World Rights ***;[16:19:56] *** World Rights ***;09.02.2025 16:26:54;Ja;09.02.2025 16:26:54
[16:16:39] *** World Rights ***;[16:16:39] *** World Rights ***;09.02.2025 16:24:38;Ja;09.02.2025 16:24:38
[16:10:55] *** World Rights ***;[16:10:55] *** World Rights ***;09.02.2025 16:17:36;Ja;09.02.2025 16:17:36
[15:54:50] *** World Rights ***;[15:54:50] *** World Rights ***;09.02.2025 16:03:29;Ja;09.02.2025 16:03:29
[15:58:07] *** World Rights ***;[15:58:07] *** World Rights ***;09.02.2025 16:03:09;Ja;09.02.2025 16:03:09
[15:49:36] *** World Rights ***;[15:49:36] *** World Rights ***;09.02.2025 15:58:39;Ja;09.02.2025 15:58:39
[15:47:56] *** World Rights ***;[15:47:56] *** World Rights ***;09.02.2025 15:56:13;Ja;09.02.2025 15:56:13
[15:49:23] *** World Rights ***;[15:49:23] *** World Rights ***;09.02.2025 15:56:06;Ja;09.02.2025 15:56:06
[15:35:46] *** World Rights ***;[15:35:46] *** World Rights ***;09.02.2025 15:43:04;Ja;09.02.2025 15:43:04
[15:28:08] *** World Rights ***;[15:28:08] *** World Rights ***;09.02.2025 15:40:23;Ja;09.02.2025 15:40:23
[15:30:56] *** World Rights ***;[15:30:56] *** World Rights ***;09.02.2025 15:38:50;Ja;09.02.2025 15:38:50
[15:25:08] *** World Rights ***;[15:25:08] *** World Rights ***;09.02.2025 15:33:05;Ja;09.02.2025 15:33:05
[15:03:41] *** World Rights ***;[15:03:41] *** World Rights ***;09.02.2025 15:09:54;Ja;09.02.2025 15:09:54
[14:57:51] *** World Rights ***;[14:57:51] *** World Rights ***;09.02.2025 15:02:42;Ja;09.02.2025 15:02:42
[14:53:05] *** World Rights ***;[14:53:05] *** World Rights ***;09.02.2025 14:57:41;Ja;09.02.2025 14:57:41
[14:43:35] World Rights Except UK and Ireland * GBROUT IRLOUT;[14:43:35] World Rights Except UK and Ireland * GBROUT IRLOUT;09.02.2025 14:52:15;Ja;09.02.2025 14:52:15
[14:37:03] *** World Rights ***;[14:37:03] *** World Rights ***;09.02.2025 14:43:48;Ja;09.02.2025 14:43:48
[14:38:40] World Rights Except UK and Ireland * GBROUT IRLOUT;[14:38:40] World Rights Except UK and Ireland * GBROUT IRLOUT;09.02.2025 14:43:39;Ja;09.02.2025 14:43:39
[14:37:23] *** Germany only ***;[14:37:23] *** Germany only ***;09.02.2025 14:40:42;Ja;09.02.2025 14:40:42
[14:30:29] *** World Rights ***;[14:30:29] *** World Rights ***;09.02.2025 14:32:49;Ja;09.02.2025 14:32:49
[14:25:31] *** World Rights ***;[14:25:31] *** World Rights ***;09.02.2025 14:32:38;Ja;09.02.2025 14:32:38
[14:15:07] World Rights Except UK and Ireland * GBROUT IRLOUT;[14:15:07] World Rights Except UK and Ireland * GBROUT IRLOUT;09.02.2025 14:29:28;Ja;09.02.2025 14:29:28
[14:06:08] *** World Rights ***;[14:06:08] *** World Rights ***;09.02.2025 14:10:29;Ja;09.02.2025 14:10:29
[14:02:27] *** World Rights ***;[14:02:27] *** World Rights ***;09.02.2025 14:06:51;Ja;09.02.2025 14:06:51
[13:58:23] *** World Rights ***;[13:58:23] *** World Rights ***;09.02.2025 14:01:43;Ja;09.02.2025 14:01:43
[13:50:18] World Rights Except UK and Ireland * GBROUT IRLOUT;[13:50:18] World Rights Except UK and Ireland * GBROUT IRLOUT;09.02.2025 13:54:24;Ja;09.02.2025 13:54:24
[13:49:12] *** World Rights ***;[13:49:12] *** World Rights ***;09.02.2025 13:50:19;Ja;09.02.2025 13:50:19
[13:45:31] *** World Rights ***;[13:45:31] *** World Rights ***;09.02.2025 13:48:57;Ja;09.02.2025 13:48:57
[13:39:04] *** World Rights ***;[13:39:04] *** World Rights ***;09.02.2025 13:43:08;Ja;09.02.2025 13:43:08
[13:40:34] World Rights Except UK and Ireland * GBROUT IRLOUT;[13:40:34] World Rights Except UK and Ireland * GBROUT IRLOUT;09.02.2025 13:42:43;Ja;09.02.2025 13:42:43
[13:26:05] *** World Rights ***;[13:26:05] *** World Rights ***;09.02.2025 13:30:04;Ja;09.02.2025 13:30:04
[13:17:46] *** World Rights ***;[13:17:46] *** World Rights ***;09.02.2025 13:23:43;Ja;09.02.2025 13:23:43
[13:05:15] *** World Rights ***;[13:05:15] *** World Rights ***;09.02.2025 13:13:57;Ja;09.02.2025 13:13:57
[13:05:14] *** World Rights ***;[13:05:14] *** World Rights ***;09.02.2025 13:08:55;Ja;09.02.2025 13:08:55
[13:05:40] *** World Rights ***;[13:05:40] *** World Rights ***;09.02.2025 13:07:47;Ja;09.02.2025 13:07:47
[12:53:05] *** World Rights ***;[12:53:05] *** World Rights ***;09.02.2025 12:58:02;Ja;09.02.2025 12:58:02
[12:41:00] *** World Rights ***;[12:41:00] *** World Rights ***;09.02.2025 12:45:34;Ja;09.02.2025 12:45:34
[12:27:24] *** World Rights ***;[12:27:24] *** World Rights ***;09.02.2025 12:31:53;Ja;09.02.2025 12:31:53
[12:15:46] *** World Rights ***;[12:15:46] *** World Rights ***;09.02.2025 12:18:38;Ja;09.02.2025 12:18:38
[12:05:23] *** Germany only ***;[12:05:23] *** Germany only ***;09.02.2025 12:14:19;Ja;09.02.2025 12:14:19
[12:08:04] *** World Rights ***;[12:08:04] *** World Rights ***;09.02.2025 12:10:36;Ja;09.02.2025 12:10:36
[12:05:47] *** World Rights ***;[12:05:47] *** World Rights ***;09.02.2025 12:08:58;Ja;09.02.2025 12:08:58
[11:59:53] *** World Rights ***;[11:59:53] *** World Rights ***;09.02.2025 12:04:06;Ja;09.02.2025 12:04:06
[11:54:13] *** World Rights ***;[11:54:13] *** World Rights ***;09.02.2025 11:58:58;Ja;09.02.2025 11:58:58
[11:50:55] World Rights Except UK and Ireland * GBROUT IRLOUT;[11:50:55] World Rights Except UK and Ireland * GBROUT IRLOUT;09.02.2025 11:56:06;Ja;09.02.2025 11:56:06
[11:43:04] *** World Rights ***;[11:43:04] *** World Rights ***;09.02.2025 11:53:43;Ja;09.02.2025 11:53:43
[11:48:05] World Rights Except UK and Ireland * GBROUT IRLOUT;[11:48:05] World Rights Except UK and Ireland * GBROUT IRLOUT;09.02.2025 11:50:31;Ja;09.02.2025 11:50:31
[11:42:21] *** World Rights ***;[11:42:21] *** World Rights ***;09.02.2025 11:48:06;Ja;09.02.2025 11:48:06
[11:35:14] *** World Rights ***;[11:35:14] *** World Rights ***;09.02.2025 11:46:05;Ja;09.02.2025 11:46:05
[11:36:16] *** World Rights ***;[11:36:16] *** World Rights ***;09.02.2025 11:40:40;Ja;09.02.2025 11:40:40
[11:19:30] *** World Rights ***;[11:19:30] *** World Rights ***;09.02.2025 11:22:47;Ja;09.02.2025 11:22:47
[11:10:16] *** World Rights ***;[11:10:16] *** World Rights ***;09.02.2025 11:12:46;Ja;09.02.2025 11:12:46
[11:01:59] *** World Rights ***;[11:01:59] *** World Rights ***;09.02.2025 11:09:57;Ja;09.02.2025 11:09:57
[10:58:59] *** World Rights ***;[10:58:59] *** World Rights ***;09.02.2025 11:05:21;Ja;09.02.2025 11:05:21
[11:00:23] *** World Rights ***;[11:00:23] *** World Rights ***;09.02.2025 11:05:18;Ja;09.02.2025 11:05:18
[10:50:53] *** World Rights ***;[10:50:53] *** World Rights ***;09.02.2025 10:58:39;Ja;09.02.2025 10:58:39
[10:47:18] *** World Rights ***;[10:47:18] *** World Rights ***;09.02.2025 10:55:52;Ja;09.02.2025 10:55:52
[10:43:04] *** World Rights ***;[10:43:04] *** World Rights ***;09.02.2025 10:50:24;Ja;09.02.2025 10:50:24
[10:32:05] *** World Rights ***;[10:32:05] *** World Rights ***;09.02.2025 10:42:19;Ja;09.02.2025 10:42:19
[10:32:05] World Rights Except UK and Ireland * GBROUT IRLOUT;[10:32:05] World Rights Except UK and Ireland * GBROUT IRLOUT;09.02.2025 10:39:11;Ja;09.02.2025 10:39:11
[10:28:35] *** World Rights ***;[10:28:35] *** World Rights ***;09.02.2025 10:36:34;Ja;09.02.2025 10:36:34
[10:21:09] *** World Rights ***;[10:21:09] *** World Rights ***;09.02.2025 10:31:08;Ja;09.02.2025 10:31:08
[10:22:07] *** World Rights ***;[10:22:07] *** World Rights ***;09.02.2025 10:30:57;Ja;09.02.2025 10:30:57
[10:16:29] *** World Rights ***;[10:16:29] *** World Rights ***;09.02.2025 10:24:12;Ja;09.02.2025 10:24:12
[10:07:57] *** World Rights ***;[10:07:57] *** World Rights ***;09.02.2025 10:17:13;Ja;09.02.2025 10:17:13
[10:03:58] World Rights Except UK and Ireland * GBROUT IRLOUT;[10:03:58] World Rights Except UK and Ireland * GBROUT IRLOUT;09.02.2025 10:13:25;Ja;09.02.2025 10:13:25
[10:06:23] *** World Rights ***;[10:06:23] *** World Rights ***;09.02.2025 10:13:01;Ja;09.02.2025 10:13:01
[09:58:40] *** World Rights ***;[09:58:40] *** World Rights ***;09.02.2025 10:06:12;Ja;09.02.2025 10:06:12
[09:54:12] *** World Rights ***;[09:54:12] *** World Rights ***;09.02.2025 10:03:06;Ja;09.02.2025 10:03:06
[09:46:41] *** World Rights ***;[09:46:41] *** World Rights ***;09.02.2025 09:57:41;Ja;09.02.2025 09:57:41
[09:42:24] *** World Rights ***;[09:42:24] *** World Rights ***;09.02.2025 09:52:17;Ja;09.02.2025 09:52:17
[09:44:55] *** World Rights ***;[09:44:55] *** World Rights ***;09.02.2025 09:51:43;Ja;09.02.2025 09:51:43
[09:36:37] *** World Rights ***;[09:36:37] *** World Rights ***;09.02.2025 09:49:15;Ja;09.02.2025 09:49:15
[09:36:56] *** World Rights ***;[09:36:56] *** World Rights ***;09.02.2025 09:46:06;Ja;09.02.2025 09:46:06
[09:35:33] *** World Rights ***;[09:35:33] *** World Rights ***;09.02.2025 09:43:07;Ja;09.02.2025 09:43:07
[09:35:51] *** World Rights ***;[09:35:51] *** World Rights ***;09.02.2025 09:43:07;Ja;09.02.2025 09:43:07
[09:32:33] *** World Rights ***;[09:32:33] *** World Rights ***;09.02.2025 09:41:51;Ja;09.02.2025 09:41:51
[09:31:33] *** World Rights ***;[09:31:33] *** World Rights ***;09.02.2025 09:39:46;Ja;09.02.2025 09:39:46
[09:17:48] *** World Rights ***;[09:17:48] *** World Rights ***;09.02.2025 09:25:53;Ja;09.02.2025 09:25:53
[09:15:20] *** World Rights ***;[09:15:20] *** World Rights ***;09.02.2025 09:25:01;Ja;09.02.2025 09:25:01
[09:16:26] *** World Rights ***;[09:16:26] *** World Rights ***;09.02.2025 09:24:04;Ja;09.02.2025 09:24:04
[09:10:48] World Rights Except UK and Ireland * GBROUT IRLOUT;[09:10:48] World Rights Except UK and Ireland * GBROUT IRLOUT;09.02.2025 09:22:48;Ja;09.02.2025 09:22:48
[09:01:14] *** World Rights ***;[09:01:14] *** World Rights ***;09.02.2025 09:14:47;Ja;09.02.2025 09:14:47
[09:06:09] *** World Rights ***;[09:06:09] *** World Rights ***;09.02.2025 09:13:36;Ja;09.02.2025 09:13:36
[09:00:50] *** World Rights ***;[09:00:50] *** World Rights ***;09.02.2025 09:07:23;Ja;09.02.2025 09:07:23
[08:48:52] World Rights Except UK and Ireland * GBROUT IRLOUT;[08:48:52] World Rights Except UK and Ireland * GBROUT IRLOUT;09.02.2025 08:53:10;Ja;09.02.2025 08:53:10
[08:36:45] *** World Rights ***;[08:36:45] *** World Rights ***;09.02.2025 08:43:22;Ja;09.02.2025 08:43:22
[08:34:18] *** Germany only ***;[08:34:18] *** Germany only ***;09.02.2025 08:38:52;Ja;09.02.2025 08:38:52
[08:30:23] World Rights Except UK and Ireland * GBROUT IRLOUT;[08:30:23] World Rights Except UK and Ireland * GBROUT IRLOUT;09.02.2025 08:36:40;Ja;09.02.2025 08:36:40
[08:23:27] *** World Rights ***;[08:23:27] *** World Rights ***;09.02.2025 08:27:50;Ja;09.02.2025 08:27:50
[08:21:11] World Rights Except UK and Ireland * GBROUT IRLOUT;[08:21:11] World Rights Except UK and Ireland * GBROUT IRLOUT;09.02.2025 08:26:55;Ja;09.02.2025 08:26:55
[08:20:08] *** World Rights ***;[08:20:08] *** World Rights ***;09.02.2025 08:25:59;Ja;09.02.2025 08:25:59
[08:15:41] *** World Rights ***;[08:15:41] *** World Rights ***;09.02.2025 08:20:01;Ja;09.02.2025 08:20:01
[08:09:19] *** World Rights ***;[08:09:19] *** World Rights ***;09.02.2025 08:14:04;Ja;09.02.2025 08:14:04
[08:04:44] *** Germany only ***;[08:04:44] *** Germany only ***;09.02.2025 08:10:21;Ja;09.02.2025 08:10:21
[07:43:27] World Rights Except UK and Ireland * GBROUT IRLOUT;[07:43:27] World Rights Except UK and Ireland * GBROUT IRLOUT;09.02.2025 07:46:15;Ja;09.02.2025 07:46:15
[07:42:15] *** World Rights ***;[07:42:15] *** World Rights ***;09.02.2025 07:44:31;Ja;09.02.2025 07:44:31
[07:33:20] *** World Rights ***;[07:33:20] *** World Rights ***;09.02.2025 07:38:38;Ja;09.02.2025 07:38:38
[07:29:51] *** World Rights ***;[07:29:51] *** World Rights ***;09.02.2025 07:32:33;Ja;09.02.2025 07:32:33
[07:15:03] *** World Rights ***;[07:15:03] *** World Rights ***;09.02.2025 07:17:40;Ja;09.02.2025 07:17:40
[06:39:53] *** World Rights ***;[06:39:53] *** World Rights ***;09.02.2025 06:42:12;Ja;09.02.2025 06:42:12
[06:14:23] *** Germany only ***;[06:14:23] *** Germany only ***;09.02.2025 06:20:54;Ja;09.02.2025 06:20:54
[05:45:17] *** World Rights ***;[05:45:17] *** World Rights ***;09.02.2025 05:46:08;Ja;09.02.2025 05:46:08
[05:36:38] *** Germany only ***;[05:36:38] *** Germany only ***;09.02.2025 05:44:33;Ja;09.02.2025 05:44:33
[05:39:35] *** World Rights ***;[05:39:35] *** World Rights ***;09.02.2025 05:42:31;Ja;09.02.2025 05:42:31
[04:53:08] *** World Rights ***;[04:53:08] *** World Rights ***;09.02.2025 04:57:24;Ja;09.02.2025 04:57:24
[04:42:30] *** World Rights ***;[04:42:30] *** World Rights ***;09.02.2025 04:46:03;Ja;09.02.2025 04:46:03
[04:08:23] *** World Rights ***;[04:08:23] *** World Rights ***;09.02.2025 04:10:56;Ja;09.02.2025 04:10:56
[04:06:43] *** World Rights ***;[04:06:43] *** World Rights ***;09.02.2025 04:06:55;Ja;09.02.2025 04:06:55
[01:59:20] *** World Rights ***;[01:59:20] *** World Rights ***;09.02.2025 01:59:47;Ja;09.02.2025 01:59:47
[00:41:06] *** World Rights ***;[00:41:06] *** World Rights ***;09.02.2025 00:43:05;Ja;09.02.2025 00:43:05
[00:06:41] World Rights Except UK and Ireland * GBROUT IRLOUT;[00:06:41] World Rights Except UK and Ireland * GBROUT IRLOUT;09.02.2025 00:12:58;Ja;09.02.2025 00:12:58
[22:41:22] *** World Rights ***;[22:41:22] *** World Rights ***;08.02.2025 22:44:50;Ja;08.02.2025 22:44:50
[22:03:41] World Rights Except UK and Ireland * GBROUT IRLOUT;[22:03:41] World Rights Except UK and Ireland * GBROUT IRLOUT;08.02.2025 22:04:06;Ja;08.02.2025 22:04:06
[21:56:41] *** World Rights ***;[21:56:41] *** World Rights ***;08.02.2025 22:02:20;Ja;08.02.2025 22:02:20
[21:41:36] World Rights Except UK and Ireland * GBROUT IRLOUT;[21:41:36] World Rights Except UK and Ireland * GBROUT IRLOUT;08.02.2025 21:42:29;Ja;08.02.2025 21:42:29
[21:09:34] World Rights Except UK and Ireland * GBROUT IRLOUT;[21:09:34] World Rights Except UK and Ireland * GBROUT IRLOUT;08.02.2025 21:12:24;Ja;08.02.2025 21:12:24
[20:57:27] *** World Rights ***;[20:57:27] *** World Rights ***;08.02.2025 21:03:05;Ja;08.02.2025 21:03:05
[20:51:35] World Rights Except UK and Ireland * GBROUT IRLOUT;[20:51:35] World Rights Except UK and Ireland * GBROUT IRLOUT;08.02.2025 21:00:05;Ja;08.02.2025 21:00:05
[20:44:30] *** World Rights ***;[20:44:30] *** World Rights ***;08.02.2025 20:50:01;Ja;08.02.2025 20:50:01
[20:34:17] *** World Rights ***;[20:34:17] *** World Rights ***;08.02.2025 20:42:13;Ja;08.02.2025 20:42:13
[20:35:44] World Rights Except UK and Ireland * GBROUT IRLOUT;[20:35:44] World Rights Except UK and Ireland * GBROUT IRLOUT;08.02.2025 20:41:49;Ja;08.02.2025 20:41:49
[20:33:10] *** World Rights ***;[20:33:10] *** World Rights ***;08.02.2025 20:36:12;Ja;08.02.2025 20:36:12
[20:17:43] *** World Rights ***;[20:17:43] *** World Rights ***;08.02.2025 20:19:50;Ja;08.02.2025 20:19:50
[19:46:11] *** World Rights ***;[19:46:11] *** World Rights ***;08.02.2025 19:56:07;Ja;08.02.2025 19:56:07
[19:49:29] World Rights Except UK and Ireland * GBROUT IRLOUT;[19:49:29] World Rights Except UK and Ireland * GBROUT IRLOUT;08.02.2025 19:54:04;Ja;08.02.2025 19:54:04
[19:41:58] World Rights Except UK and Ireland * GBROUT IRLOUT;[19:41:58] World Rights Except UK and Ireland * GBROUT IRLOUT;08.02.2025 19:46:47;Ja;08.02.2025 19:46:47
[19:30:47] *** World Rights ***;[19:30:47] *** World Rights ***;08.02.2025 19:35:35;Ja;08.02.2025 19:35:35
[19:31:51] *** World Rights ***;[19:31:51] *** World Rights ***;08.02.2025 19:34:44;Ja;08.02.2025 19:34:44
[19:25:03] *** World Rights ***;[19:25:03] *** World Rights ***;08.02.2025 19:29:37;Ja;08.02.2025 19:29:37
[19:01:55] *** World Rights ***;[19:01:55] *** World Rights ***;08.02.2025 19:06:45;Ja;08.02.2025 19:06:45
[19:02:34] *** World Rights ***;[19:02:34] *** World Rights ***;08.02.2025 19:05:00;Ja;08.02.2025 19:05:00
[18:50:07] *** World Rights ***;[18:50:07] *** World Rights ***;08.02.2025 18:57:43;Ja;08.02.2025 18:57:43
[18:48:09] *** World Rights ***;[18:48:09] *** World Rights ***;08.02.2025 18:56:05;Ja;08.02.2025 18:56:05
[18:29:17] *** World Rights ***;[18:29:17] *** World Rights ***;08.02.2025 18:36:26;Ja;08.02.2025 18:36:26
[18:20:38] *** World Rights ***;[18:20:38] *** World Rights ***;08.02.2025 18:30:55;Ja;08.02.2025 18:30:55
[18:19:53] *** World Rights ***;[18:19:53] *** World Rights ***;08.02.2025 18:27:07;Ja;08.02.2025 18:27:07
[18:07:44] *** World Rights ***;[18:07:44] *** World Rights ***;08.02.2025 18:22:28;Ja;08.02.2025 18:22:28
[18:14:09] *** World Rights ***;[18:14:09] *** World Rights ***;08.02.2025 18:19:48;Ja;08.02.2025 18:19:48
[18:07:31] *** World Rights ***;[18:07:31] *** World Rights ***;08.02.2025 18:14:45;Ja;08.02.2025 18:14:45
[18:06:09] *** World Rights ***;[18:06:09] *** World Rights ***;08.02.2025 18:14:28;Ja;08.02.2025 18:14:28
[18:02:19] *** World Rights ***;[18:02:19] *** World Rights ***;08.02.2025 18:13:34;Ja;08.02.2025 18:13:34
[17:55:18] *** World Rights ***;[17:55:18] *** World Rights ***;08.02.2025 18:07:28;Ja;08.02.2025 18:07:28
[17:35:01] World Rights Except UK and Ireland * GBROUT IRLOUT;[17:35:01] World Rights Except UK and Ireland * GBROUT IRLOUT;08.02.2025 17:45:31;Ja;08.02.2025 17:45:31
[17:28:06] *** Germany only ***;[17:28:06] *** Germany only ***;08.02.2025 17:36:21;Ja;08.02.2025 17:36:21
[17:18:56] World Rights Except UK and Ireland * GBROUT IRLOUT;[17:18:56] World Rights Except UK and Ireland * GBROUT IRLOUT;08.02.2025 17:26:43;Ja;08.02.2025 17:26:43
[16:55:48] *** World Rights ***;[16:55:48] *** World Rights ***;08.02.2025 17:04:36;Ja;08.02.2025 17:04:36
[16:48:42] *** World Rights ***;[16:48:42] *** World Rights ***;08.02.2025 17:02:49;Ja;08.02.2025 17:02:49
[16:48:18] *** World Rights ***;[16:48:18] *** World Rights ***;08.02.2025 16:58:03;Ja;08.02.2025 16:58:03
[16:47:59] *** World Rights ***;[16:47:59] *** World Rights ***;08.02.2025 16:56:38;Ja;08.02.2025 16:56:38
[16:22:44] *** World Rights ***;[16:22:44] *** World Rights ***;08.02.2025 16:29:43;Ja;08.02.2025 16:29:43
[16:16:47] World Rights Except UK and Ireland * GBROUT IRLOUT;[16:16:47] World Rights Except UK and Ireland * GBROUT IRLOUT;08.02.2025 16:23:36;Ja;08.02.2025 16:23:36
[16:10:08] World Rights Except UK and Ireland * GBROUT IRLOUT;[16:10:08] World Rights Except UK and Ireland * GBROUT IRLOUT;08.02.2025 16:19:59;Ja;08.02.2025 16:19:59
[16:07:47] *** World Rights ***;[16:07:47] *** World Rights ***;08.02.2025 16:15:53;Ja;08.02.2025 16:15:53
[15:50:31] *** World Rights ***;[15:50:31] *** World Rights ***;08.02.2025 15:57:08;Ja;08.02.2025 15:57:08
[15:50:53] World Rights Except UK and Ireland * GBROUT IRLOUT;[15:50:53] World Rights Except UK and Ireland * GBROUT IRLOUT;08.02.2025 15:55:18;Ja;08.02.2025 15:55:18
[15:31:35] *** Germany only ***;[15:31:35] *** Germany only ***;08.02.2025 15:41:04;Ja;08.02.2025 15:41:04
[15:24:02] *** World Rights ***;[15:24:02] *** World Rights ***;08.02.2025 15:31:35;Ja;08.02.2025 15:31:35
[15:19:58] *** World Rights ***;[15:19:58] *** World Rights ***;08.02.2025 15:26:38;Ja;08.02.2025 15:26:38
[15:14:48] *** World Rights ***;[15:14:48] *** World Rights ***;08.02.2025 15:25:00;Ja;08.02.2025 15:25:00
[15:15:36] *** World Rights ***;[15:15:36] *** World Rights ***;08.02.2025 15:20:37;Ja;08.02.2025 15:20:37
[15:10:29] *** World Rights ***;[15:10:29] *** World Rights ***;08.02.2025 15:15:19;Ja;08.02.2025 15:15:19
[15:04:49] *** World Rights ***;[15:04:49] *** World Rights ***;08.02.2025 15:12:22;Ja;08.02.2025 15:12:22
[15:04:30] *** World Rights ***;[15:04:30] *** World Rights ***;08.02.2025 15:10:50;Ja;08.02.2025 15:10:50
[15:01:31] *** World Rights ***;[15:01:31] *** World Rights ***;08.02.2025 15:05:32;Ja;08.02.2025 15:05:32
[14:56:42] *** World Rights ***;[14:56:42] *** World Rights ***;08.02.2025 15:01:10;Ja;08.02.2025 15:01:10
[14:49:51] *** World Rights ***;[14:49:51] *** World Rights ***;08.02.2025 14:59:06;Ja;08.02.2025 14:59:06
[14:28:36] *** Germany only ***;[14:28:36] *** Germany only ***;08.02.2025 14:33:09;Ja;08.02.2025 14:33:09
[14:27:41] *** World Rights ***;[14:27:41] *** World Rights ***;08.02.2025 14:30:10;Ja;08.02.2025 14:30:10
[14:17:38] *** World Rights ***;[14:17:38] *** World Rights ***;08.02.2025 14:24:56;Ja;08.02.2025 14:24:56
[14:18:25] *** World Rights ***;[14:18:25] *** World Rights ***;08.02.2025 14:24:26;Ja;08.02.2025 14:24:26
[14:18:50] *** World Rights ***;[14:18:50] *** World Rights ***;08.02.2025 14:22:15;Ja;08.02.2025 14:22:15
[14:08:53] *** World Rights ***;[14:08:53] *** World Rights ***;08.02.2025 14:19:05;Ja;08.02.2025 14:19:05
[14:10:46] *** World Rights ***;[14:10:46] *** World Rights ***;08.02.2025 14:16:51;Ja;08.02.2025 14:16:51
[14:03:02] *** World Rights ***;[14:03:02] *** World Rights ***;08.02.2025 14:05:58;Ja;08.02.2025 14:05:58
[13:54:43] *** World Rights ***;[13:54:43] *** World Rights ***;08.02.2025 13:58:11;Ja;08.02.2025 13:58:11
[13:54:17] *** World Rights ***;[13:54:17] *** World Rights ***;08.02.2025 13:55:47;Ja;08.02.2025 13:55:47
[13:43:55] *** World Rights ***;[13:43:55] *** World Rights ***;08.02.2025 13:47:56;Ja;08.02.2025 13:47:56
[13:35:17] *** Germany only ***;[13:35:17] *** Germany only ***;08.02.2025 13:37:18;Ja;08.02.2025 13:37:18
[13:29:25] World Rights Except UK and Ireland * GBROUT IRLOUT;[13:29:25] World Rights Except UK and Ireland * GBROUT IRLOUT;08.02.2025 13:34:26;Ja;08.02.2025 13:34:26
[13:26:55] *** World Rights ***;[13:26:55] *** World Rights ***;08.02.2025 13:28:40;Ja;08.02.2025 13:28:40
[13:25:09] *** World Rights ***;[13:25:09] *** World Rights ***;08.02.2025 13:27:16;Ja;08.02.2025 13:27:16
[13:22:23] *** World Rights ***;[13:22:23] *** World Rights ***;08.02.2025 13:27:03;Ja;08.02.2025 13:27:03
[13:12:54] World Rights Except UK and Ireland * GBROUT IRLOUT;[13:12:54] World Rights Except UK and Ireland * GBROUT IRLOUT;08.02.2025 13:20:24;Ja;08.02.2025 13:20:24
[13:07:49] *** World Rights ***;[13:07:49] *** World Rights ***;08.02.2025 13:14:29;Ja;08.02.2025 13:14:29
[12:59:13] World Rights Except UK and Ireland * GBROUT IRLOUT;[12:59:13] World Rights Except UK and Ireland * GBROUT IRLOUT;08.02.2025 13:03:12;Ja;08.02.2025 13:03:12
[12:59:45] *** World Rights ***;[12:59:45] *** World Rights ***;08.02.2025 13:01:14;Ja;08.02.2025 13:01:14
[12:56:44] *** Germany only ***;[12:56:44] *** Germany only ***;08.02.2025 13:00:26;Ja;08.02.2025 13:00:26
[12:57:51] *** World Rights ***;[12:57:51] *** World Rights ***;08.02.2025 13:00:22;Ja;08.02.2025 13:00:22
[12:52:51] *** World Rights ***;[12:52:51] *** World Rights ***;08.02.2025 12:58:01;Ja;08.02.2025 12:58:01
[12:55:17] *** World Rights ***;[12:55:17] *** World Rights ***;08.02.2025 12:57:49;Ja;08.02.2025 12:57:49
[12:45:57] *** World Rights ***;[12:45:57] *** World Rights ***;08.02.2025 12:48:30;Ja;08.02.2025 12:48:30
[12:42:17] *** World Rights ***;[12:42:17] *** World Rights ***;08.02.2025 12:46:55;Ja;08.02.2025 12:46:55
[12:44:48] *** World Rights ***;[12:44:48] *** World Rights ***;08.02.2025 12:46:48;Ja;08.02.2025 12:46:48
[12:38:36] *** World Rights ***;[12:38:36] *** World Rights ***;08.02.2025 12:41:04;Ja;08.02.2025 12:41:04
[12:24:33] *** World Rights ***;[12:24:33] *** World Rights ***;08.02.2025 12:30:52;Ja;08.02.2025 12:30:52
[12:26:28] World Rights Except UK and Ireland * GBROUT IRLOUT;[12:26:28] World Rights Except UK and Ireland * GBROUT IRLOUT;08.02.2025 12:29:29;Ja;08.02.2025 12:29:29
[12:23:58] *** World Rights ***;[12:23:58] *** World Rights ***;08.02.2025 12:26:38;Ja;08.02.2025 12:26:38
[12:13:44] *** World Rights ***;[12:13:44] *** World Rights ***;08.02.2025 12:17:12;Ja;08.02.2025 12:17:12
[12:15:14] World Rights Except UK and Ireland * GBROUT IRLOUT;[12:15:14] World Rights Except UK and Ireland * GBROUT IRLOUT;08.02.2025 12:16:35;Ja;08.02.2025 12:16:35
[12:10:55] *** World Rights ***;[12:10:55] *** World Rights ***;08.02.2025 12:13:17;Ja;08.02.2025 12:13:17
[11:56:38] *** World Rights ***;[11:56:38] *** World Rights ***;08.02.2025 12:05:17;Ja;08.02.2025 12:05:17
[11:55:42] *** Germany only ***;[11:55:42] *** Germany only ***;08.02.2025 11:59:23;Ja;08.02.2025 11:59:23
[11:52:48] *** World Rights ***;[11:52:48] *** World Rights ***;08.02.2025 11:56:11;Ja;08.02.2025 11:56:11
[11:46:15] *** World Rights ***;[11:46:15] *** World Rights ***;08.02.2025 11:48:35;Ja;08.02.2025 11:48:35
[11:40:27] *** World Rights ***;[11:40:27] *** World Rights ***;08.02.2025 11:42:57;Ja;08.02.2025 11:42:57
[11:30:47] *** World Rights ***;[11:30:47] *** World Rights ***;08.02.2025 11:37:00;Ja;08.02.2025 11:37:00
[11:09:35] *** World Rights ***;[11:09:35] *** World Rights ***;08.02.2025 11:14:20;Ja;08.02.2025 11:14:20
[11:07:45] *** World Rights ***;[11:07:45] *** World Rights ***;08.02.2025 11:13:14;Ja;08.02.2025 11:13:14
[11:03:41] *** World Rights ***;[11:03:41] *** World Rights ***;08.02.2025 11:12:19;Ja;08.02.2025 11:12:19
[10:43:46] *** World Rights ***;[10:43:46] *** World Rights ***;08.02.2025 11:00:11;Ja;08.02.2025 11:00:11
[10:49:01] *** World Rights ***;[10:49:01] *** World Rights ***;08.02.2025 10:57:17;Ja;08.02.2025 10:57:17
[10:44:55] *** World Rights ***;[10:44:55] *** World Rights ***;08.02.2025 10:54:43;Ja;08.02.2025 10:54:43
[10:34:43] *** World Rights ***;[10:34:43] *** World Rights ***;08.02.2025 10:41:42;Ja;08.02.2025 10:41:42
[10:27:33] *** World Rights ***;[10:27:33] *** World Rights ***;08.02.2025 10:35:48;Ja;08.02.2025 10:35:48
[10:28:02] *** World Rights ***;[10:28:02] *** World Rights ***;08.02.2025 10:34:25;Ja;08.02.2025 10:34:25
[10:23:07] *** World Rights ***;[10:23:07] *** World Rights ***;08.02.2025 10:30:57;Ja;08.02.2025 10:30:57
[10:20:54] *** World Rights ***;[10:20:54] *** World Rights ***;08.02.2025 10:28:53;Ja;08.02.2025 10:28:53
[10:17:24] World Rights Except UK and Ireland * GBROUT IRLOUT;[10:17:24] World Rights Except UK and Ireland * GBROUT IRLOUT;08.02.2025 10:28:12;Ja;08.02.2025 10:28:12
[10:18:09] *** World Rights ***;[10:18:09] *** World Rights ***;08.02.2025 10:24:46;Ja;08.02.2025 10:24:46
[09:45:33] *** World Rights ***;[09:45:33] *** World Rights ***;08.02.2025 09:57:43;Ja;08.02.2025 09:57:43
[09:45:49] *** World Rights ***;[09:45:49] *** World Rights ***;08.02.2025 09:52:34;Ja;08.02.2025 09:52:34
[09:39:38] *** World Rights ***;[09:39:38] *** World Rights ***;08.02.2025 09:51:54;Ja;08.02.2025 09:51:54
[09:36:47] *** World Rights ***;[09:36:47] *** World Rights ***;08.02.2025 09:43:34;Ja;08.02.2025 09:43:34
[09:22:02] *** World Rights ***;[09:22:02] *** World Rights ***;08.02.2025 09:31:03;Ja;08.02.2025 09:31:03
[09:14:37] *** Germany only ***;[09:14:37] *** Germany only ***;08.02.2025 09:23:34;Ja;08.02.2025 09:23:34
[09:09:43] *** World Rights ***;[09:09:43] *** World Rights ***;08.02.2025 09:18:32;Ja;08.02.2025 09:18:32
[09:08:01] *** World Rights ***;[09:08:01] *** World Rights ***;08.02.2025 09:16:46;Ja;08.02.2025 09:16:46
[08:58:33] World Rights Except UK and Ireland * GBROUT IRLOUT;[08:58:33] World Rights Except UK and Ireland * GBROUT IRLOUT;08.02.2025 09:06:34;Ja;08.02.2025 09:06:34
[08:52:39] *** World Rights ***;[08:52:39] *** World Rights ***;08.02.2025 08:59:17;Ja;08.02.2025 08:59:17
[08:45:27] World Rights Except UK and Ireland * GBROUT IRLOUT;[08:45:27] World Rights Except UK and Ireland * GBROUT IRLOUT;08.02.2025 08:52:52;Ja;08.02.2025 08:52:52
[08:41:28] *** World Rights ***;[08:41:28] *** World Rights ***;08.02.2025 08:45:20;Ja;08.02.2025 08:45:20
[08:27:18] *** Germany only ***;[08:27:18] *** Germany only ***;08.02.2025 08:30:47;Ja;08.02.2025 08:30:47
[08:16:51] *** World Rights ***;[08:16:51] *** World Rights ***;08.02.2025 08:24:27;Ja;08.02.2025 08:24:27
[08:13:00] *** World Rights ***;[08:13:00] *** World Rights ***;08.02.2025 08:19:58;Ja;08.02.2025 08:19:58
[08:03:59] *** World Rights ***;[08:03:59] *** World Rights ***;08.02.2025 08:09:00;Ja;08.02.2025 08:09:00
[07:49:24] *** World Rights ***;[07:49:24] *** World Rights ***;08.02.2025 07:52:27;Ja;08.02.2025 07:52:27
[07:49:46] *** World Rights ***;[07:49:46] *** World Rights ***;08.02.2025 07:51:34;Ja;08.02.2025 07:51:34
[07:45:04] *** World Rights ***;[07:45:04] *** World Rights ***;08.02.2025 07:47:25;Ja;08.02.2025 07:47:25
[07:32:20] *** World Rights ***;[07:32:20] *** World Rights ***;08.02.2025 07:36:18;Ja;08.02.2025 07:36:18
[07:17:20] *** World Rights ***;[07:17:20] *** World Rights ***;08.02.2025 07:24:09;Ja;08.02.2025 07:24:09
[07:10:17] *** World Rights ***;[07:10:17] *** World Rights ***;08.02.2025 07:14:36;Ja;08.02.2025 07:14:36
[07:05:47] *** World Rights ***;[07:05:47] *** World Rights ***;08.02.2025 07:10:19;Ja;08.02.2025 07:10:19
[06:56:27] *** World Rights ***;[06:56:27] *** World Rights ***;08.02.2025 07:00:18;Ja;08.02.2025 07:00:18
[06:55:29] *** World Rights ***;[06:55:29] *** World Rights ***;08.02.2025 06:58:01;Ja;08.02.2025 06:58:01
[06:48:21] *** World Rights ***;[06:48:21] *** World Rights ***;08.02.2025 06:51:03;Ja;08.02.2025 06:51:03
[06:23:15] World Rights Except UK and Ireland * GBROUT IRLOUT;[06:23:15] World Rights Except UK and Ireland * GBROUT IRLOUT;08.02.2025 06:30:10;Ja;08.02.2025 06:30:10
[06:12:50] *** World Rights ***;[06:12:50] *** World Rights ***;08.02.2025 06:15:05;Ja;08.02.2025 06:15:05
[05:55:57] *** World Rights ***;[05:55:57] *** World Rights ***;08.02.2025 05:58:16;Ja;08.02.2025 05:58:16
[05:25:37] *** World Rights ***;[05:25:37] *** World Rights ***;08.02.2025 05:25:52;Ja;08.02.2025 05:25:52
[03:20:14] World Rights Except UK and Ireland * GBROUT IRLOUT;[03:20:14] World Rights Except UK and Ireland * GBROUT IRLOUT;08.02.2025 03:22:27;Ja;08.02.2025 03:22:27
[02:58:09] *** World Rights ***;[02:58:09] *** World Rights ***;08.02.2025 03:01:25;Ja;08.02.2025 03:01:25
[01:59:30] *** World Rights ***;[01:59:30] *** World Rights ***;08.02.2025 01:59:58;Ja;08.02.2025 01:59:58
[01:12:07] *** World Rights ***;[01:12:07] *** World Rights ***;08.02.2025 01:19:03;Ja;08.02.2025 01:19:03
[00:52:41] *** World Rights ***;[00:52:41] *** World Rights ***;08.02.2025 00:53:24;Ja;08.02.2025 00:53:24
[00:40:08] *** World Rights ***;[00:40:08] *** World Rights ***;08.02.2025 00:40:20;Ja;08.02.2025 00:40:20
[23:51:15] World Rights Except UK and Ireland * GBROUT IRLOUT;[23:51:15] World Rights Except UK and Ireland * GBROUT IRLOUT;07.02.2025 23:53:15;Ja;07.02.2025 23:53:15
[23:25:05] *** World Rights ***;[23:25:05] *** World Rights ***;07.02.2025 23:25:29;Ja;07.02.2025 23:25:29
[23:17:16] *** World Rights ***;[23:17:16] *** World Rights ***;07.02.2025 23:21:29;Ja;07.02.2025 23:21:29
[23:16:40] *** World Rights ***;[23:16:40] *** World Rights ***;07.02.2025 23:17:58;Ja;07.02.2025 23:17:58
[23:10:20] *** World Rights ***;[23:10:20] *** World Rights ***;07.02.2025 23:14:25;Ja;07.02.2025 23:14:25
[23:11:46] *** World Rights ***;[23:11:46] *** World Rights ***;07.02.2025 23:12:38;Ja;07.02.2025 23:12:38
[22:19:07] *** World Rights ***;[22:19:07] *** World Rights ***;07.02.2025 22:21:43;Ja;07.02.2025 22:21:43
[21:47:32] *** Germany only ***;[21:47:32] *** Germany only ***;07.02.2025 21:51:07;Ja;07.02.2025 21:51:07
[21:37:50] *** Germany only ***;[21:37:50] *** Germany only ***;07.02.2025 21:48:56;Ja;07.02.2025 21:48:56
[21:16:24] World Rights Except UK and Ireland * GBROUT IRLOUT;[21:16:24] World Rights Except UK and Ireland * GBROUT IRLOUT;07.02.2025 21:17:30;Ja;07.02.2025 21:17:30
[21:13:59] World Rights Except UK and Ireland * GBROUT IRLOUT;[21:13:59] World Rights Except UK and Ireland * GBROUT IRLOUT;07.02.2025 21:15:55;Ja;07.02.2025 21:15:55
[21:01:36] *** World Rights ***;[21:01:36] *** World Rights ***;07.02.2025 21:06:07;Ja;07.02.2025 21:06:07
[20:46:52] *** World Rights ***;[20:46:52] *** World Rights ***;07.02.2025 20:49:36;Ja;07.02.2025 20:49:36
[20:30:49] *** World Rights ***;[20:30:49] *** World Rights ***;07.02.2025 20:36:29;Ja;07.02.2025 20:36:29
[20:22:18] *** World Rights ***;[20:22:18] *** World Rights ***;07.02.2025 20:29:43;Ja;07.02.2025 20:29:43
[20:01:50] *** World Rights ***;[20:01:50] *** World Rights ***;07.02.2025 20:04:14;Ja;07.02.2025 20:04:14
[19:52:33] *** World Rights ***;[19:52:33] *** World Rights ***;07.02.2025 19:56:05;Ja;07.02.2025 19:56:05
[19:32:59] *** World Rights ***;[19:32:59] *** World Rights ***;07.02.2025 19:43:17;Ja;07.02.2025 19:43:17
[19:26:19] *** World Rights ***;[19:26:19] *** World Rights ***;07.02.2025 19:33:05;Ja;07.02.2025 19:33:05
[19:27:33] *** World Rights ***;[19:27:33] *** World Rights ***;07.02.2025 19:30:44;Ja;07.02.2025 19:30:44
[19:20:29] *** World Rights ***;[19:20:29] *** World Rights ***;07.02.2025 19:23:08;Ja;07.02.2025 19:23:08
[19:04:58] *** World Rights ***;[19:04:58] *** World Rights ***;07.02.2025 19:10:37;Ja;07.02.2025 19:10:37
[18:58:15] World Rights Except UK and Ireland * GBROUT IRLOUT;[18:58:15] World Rights Except UK and Ireland * GBROUT IRLOUT;07.02.2025 19:08:28;Ja;07.02.2025 19:08:28
[19:01:19] *** World Rights ***;[19:01:19] *** World Rights ***;07.02.2025 19:06:56;Ja;07.02.2025 19:06:56
[18:40:06] World Rights Except UK and Ireland * GBROUT IRLOUT;[18:40:06] World Rights Except UK and Ireland * GBROUT IRLOUT;07.02.2025 18:48:04;Ja;07.02.2025 18:48:04
[18:40:33] *** World Rights ***;[18:40:33] *** World Rights ***;07.02.2025 18:47:35;Ja;07.02.2025 18:47:35
[18:36:28] World Rights Except UK and Ireland * GBROUT IRLOUT;[18:36:28] World Rights Except UK and Ireland * GBROUT IRLOUT;07.02.2025 18:45:53;Ja;07.02.2025 18:45:53
[17:21:07] World Rights Except UK and Ireland * GBROUT IRLOUT;[17:21:07] World Rights Except UK and Ireland * GBROUT IRLOUT;07.02.2025 18:43:00;Ja;07.02.2025 18:43:00
[18:25:10] *** World Rights ***;[18:25:10] *** World Rights ***;07.02.2025 18:31:52;Ja;07.02.2025 18:31:52
[18:14:12] *** World Rights ***;[18:14:12] *** World Rights ***;07.02.2025 18:19:29;Ja;07.02.2025 18:19:29
[17:57:32] *** World Rights ***;[17:57:32] *** World Rights ***;07.02.2025 18:08:04;Ja;07.02.2025 18:08:04
[17:54:30] *** World Rights ***;[17:54:30] *** World Rights ***;07.02.2025 18:06:43;Ja;07.02.2025 18:06:43
[17:44:04] *** World Rights ***;[17:44:04] *** World Rights ***;07.02.2025 18:02:55;Ja;07.02.2025 18:02:55
[17:26:26] World Rights Except UK and Ireland * GBROUT IRLOUT;[17:26:26] World Rights Except UK and Ireland * GBROUT IRLOUT;07.02.2025 17:37:40;Ja;07.02.2025 17:37:40
[17:29:22] *** World Rights ***;[17:29:22] *** World Rights ***;07.02.2025 17:37:28;Ja;07.02.2025 17:37:28
[17:28:51] *** World Rights ***;[17:28:51] *** World Rights ***;07.02.2025 17:37:03;Ja;07.02.2025 17:37:03
[17:23:32] *** World Rights ***;[17:23:32] *** World Rights ***;07.02.2025 17:34:14;Ja;07.02.2025 17:34:14
[17:09:34] *** World Rights ***;[17:09:34] *** World Rights ***;07.02.2025 17:19:22;Ja;07.02.2025 17:19:22
[16:49:41] *** World Rights ***;[16:49:41] *** World Rights ***;07.02.2025 17:02:54;Ja;07.02.2025 17:02:54
[16:43:20] *** Germany only ***;[16:43:20] *** Germany only ***;07.02.2025 16:52:33;Ja;07.02.2025 16:52:33
[16:41:16] *** World Rights ***;[16:41:16] *** World Rights ***;07.02.2025 16:49:42;Ja;07.02.2025 16:49:42
[16:37:38] *** World Rights ***;[16:37:38] *** World Rights ***;07.02.2025 16:44:42;Ja;07.02.2025 16:44:42
[16:22:52] *** World Rights ***;[16:22:52] *** World Rights ***;07.02.2025 16:31:03;Ja;07.02.2025 16:31:03
[16:00:08] *** World Rights ***;[16:00:08] *** World Rights ***;07.02.2025 16:08:00;Ja;07.02.2025 16:08:00
[15:59:56] *** Germany only ***;[15:59:56] *** Germany only ***;07.02.2025 16:06:11;Ja;07.02.2025 16:06:11
[15:52:20] *** World Rights ***;[15:52:20] *** World Rights ***;07.02.2025 15:57:06;Ja;07.02.2025 15:57:06
[15:48:46] *** World Rights ***;[15:48:46] *** World Rights ***;07.02.2025 15:56:08;Ja;07.02.2025 15:56:08
[15:37:28] *** World Rights ***;[15:37:28] *** World Rights ***;07.02.2025 15:48:00;Ja;07.02.2025 15:48:00
[15:33:50] *** World Rights ***;[15:33:50] *** World Rights ***;07.02.2025 15:40:36;Ja;07.02.2025 15:40:36
[15:34:28] *** World Rights ***;[15:34:28] *** World Rights ***;07.02.2025 15:39:46;Ja;07.02.2025 15:39:46
[15:26:18] *** World Rights ***;[15:26:18] *** World Rights ***;07.02.2025 15:38:31;Ja;07.02.2025 15:38:31
[15:22:56] *** World Rights ***;[15:22:56] *** World Rights ***;07.02.2025 15:30:34;Ja;07.02.2025 15:30:34
[15:04:01] *** World Rights ***;[15:04:01] *** World Rights ***;07.02.2025 15:13:13;Ja;07.02.2025 15:13:13
[14:52:43] *** World Rights ***;[14:52:43] *** World Rights ***;07.02.2025 14:58:14;Ja;07.02.2025 14:58:14
[14:26:47] World Rights Except UK and Ireland * GBROUT IRLOUT;[14:26:47] World Rights Except UK and Ireland * GBROUT IRLOUT;07.02.2025 14:31:02;Ja;07.02.2025 14:31:02
[14:24:18] World Rights Except UK and Ireland * GBROUT IRLOUT;[14:24:18] World Rights Except UK and Ireland * GBROUT IRLOUT;07.02.2025 14:27:56;Ja;07.02.2025 14:27:56
[14:17:00] *** World Rights ***;[14:17:00] *** World Rights ***;07.02.2025 14:21:29;Ja;07.02.2025 14:21:29
[13:54:27] *** World Rights ***;[13:54:27] *** World Rights ***;07.02.2025 13:59:53;Ja;07.02.2025 13:59:53
[13:50:00] *** World Rights ***;[13:50:00] *** World Rights ***;07.02.2025 13:56:40;Ja;07.02.2025 13:56:40
[13:51:10] *** World Rights ***;[13:51:10] *** World Rights ***;07.02.2025 13:54:05;Ja;07.02.2025 13:54:05
[13:32:52] World Rights Except UK and Ireland * GBROUT IRLOUT;[13:32:52] World Rights Except UK and Ireland * GBROUT IRLOUT;07.02.2025 13:36:04;Ja;07.02.2025 13:36:04
[13:29:54] *** Germany only ***;[13:29:54] *** Germany only ***;07.02.2025 13:31:48;Ja;07.02.2025 13:31:48
[13:25:25] *** World Rights ***;[13:25:25] *** World Rights ***;07.02.2025 13:29:08;Ja;07.02.2025 13:29:08
[13:15:11] *** World Rights ***;[13:15:11] *** World Rights ***;07.02.2025 13:22:03;Ja;07.02.2025 13:22:03
[13:09:49] World Rights Except UK and Ireland * GBROUT IRLOUT;[13:09:49] World Rights Except UK and Ireland * GBROUT IRLOUT;07.02.2025 13:12:51;Ja;07.02.2025 13:12:51
[13:04:26] *** Germany only ***;[13:04:26] *** Germany only ***;07.02.2025 13:07:10;Ja;07.02.2025 13:07:10
[12:56:08] *** World Rights ***;[12:56:08] *** World Rights ***;07.02.2025 12:58:26;Ja;07.02.2025 12:58:26
[12:39:13] *** World Rights ***;[12:39:13] *** World Rights ***;07.02.2025 12:41:44;Ja;07.02.2025 12:41:44
[12:37:58] *** World Rights ***;[12:37:58] *** World Rights ***;07.02.2025 12:41:12;Ja;07.02.2025 12:41:12
[12:34:48] *** World Rights ***;[12:34:48] *** World Rights ***;07.02.2025 12:37:08;Ja;07.02.2025 12:37:08
[12:30:15] *** World Rights ***;[12:30:15] *** World Rights ***;07.02.2025 12:35:58;Ja;07.02.2025 12:35:58
[12:28:20] *** World Rights ***;[12:28:20] *** World Rights ***;07.02.2025 12:31:35;Ja;07.02.2025 12:31:35
[12:18:58] *** World Rights ***;[12:18:58] *** World Rights ***;07.02.2025 12:21:46;Ja;07.02.2025 12:21:46
[12:17:01] *** World Rights ***;[12:17:01] *** World Rights ***;07.02.2025 12:21:36;Ja;07.02.2025 12:21:36
[12:02:12] *** World Rights ***;[12:02:12] *** World Rights ***;07.02.2025 12:05:33;Ja;07.02.2025 12:05:33
[11:54:50] World Rights Except UK and Ireland * GBROUT IRLOUT;[11:54:50] World Rights Except UK and Ireland * GBROUT IRLOUT;07.02.2025 12:01:12;Ja;07.02.2025 12:01:12
[11:44:32] *** World Rights ***;[11:44:32] *** World Rights ***;07.02.2025 11:50:07;Ja;07.02.2025 11:50:07
[11:45:52] *** World Rights ***;[11:45:52] *** World Rights ***;07.02.2025 11:48:37;Ja;07.02.2025 11:48:37
[11:39:46] *** World Rights ***;[11:39:46] *** World Rights ***;07.02.2025 11:44:52;Ja;07.02.2025 11:44:52
[11:30:07] World Rights Except UK and Ireland * GBROUT IRLOUT;[11:30:07] World Rights Except UK and Ireland * GBROUT IRLOUT;07.02.2025 11:35:26;Ja;07.02.2025 11:35:26
[11:19:09] *** World Rights ***;[11:19:09] *** World Rights ***;07.02.2025 11:26:26;Ja;07.02.2025 11:26:26
[11:17:06] *** World Rights ***;[11:17:06] *** World Rights ***;07.02.2025 11:19:47;Ja;07.02.2025 11:19:47
[11:14:47] *** World Rights ***;[11:14:47] *** World Rights ***;07.02.2025 11:17:50;Ja;07.02.2025 11:17:50
[11:05:51] *** Germany only ***;[11:05:51] *** Germany only ***;07.02.2025 11:10:17;Ja;07.02.2025 11:10:17
[10:58:14] World Rights Except UK and Ireland * GBROUT IRLOUT;[10:58:14] World Rights Except UK and Ireland * GBROUT IRLOUT;07.02.2025 11:09:15;Ja;07.02.2025 11:09:15
[10:52:45] World Rights Except UK and Ireland * GBROUT IRLOUT;[10:52:45] World Rights Except UK and Ireland * GBROUT IRLOUT;07.02.2025 11:06:06;Ja;07.02.2025 11:06:06
[11:00:28] *** World Rights ***;[11:00:28] *** World Rights ***;07.02.2025 11:05:21;Ja;07.02.2025 11:05:21
[10:50:20] *** World Rights ***;[10:50:20] *** World Rights ***;07.02.2025 11:01:11;Ja;07.02.2025 11:01:11
[10:50:53] World Rights Except UK and Ireland * GBROUT IRLOUT;[10:50:53] World Rights Except UK and Ireland * GBROUT IRLOUT;07.02.2025 10:59:44;Ja;07.02.2025 10:59:44
[10:47:10] *** World Rights ***;[10:47:10] *** World Rights ***;07.02.2025 10:53:31;Ja;07.02.2025 10:53:31
[10:43:23] World Rights Except UK and Ireland * GBROUT IRLOUT;[10:43:23] World Rights Except UK and Ireland * GBROUT IRLOUT;07.02.2025 10:50:30;Ja;07.02.2025 10:50:30
[10:38:29] *** World Rights ***;[10:38:29] *** World Rights ***;07.02.2025 10:48:38;Ja;07.02.2025 10:48:38
[10:37:57] *** World Rights ***;[10:37:57] *** World Rights ***;07.02.2025 10:43:02;Ja;07.02.2025 10:43:02
[10:32:11] *** World Rights ***;[10:32:11] *** World Rights ***;07.02.2025 10:38:30;Ja;07.02.2025 10:38:30
[10:29:14] World Rights Except UK and Ireland * GBROUT IRLOUT;[10:29:14] World Rights Except UK and Ireland * GBROUT IRLOUT;07.02.2025 10:35:34;Ja;07.02.2025 10:35:34
[10:24:53] World Rights Except UK and Ireland * GBROUT IRLOUT;[10:24:53] World Rights Except UK and Ireland * GBROUT IRLOUT;07.02.2025 10:30:53;Ja;07.02.2025 10:30:53
[10:13:38] *** World Rights ***;[10:13:38] *** World Rights ***;07.02.2025 10:21:45;Ja;07.02.2025 10:21:45
[10:09:54] World Rights Except UK and Ireland * GBROUT IRLOUT;[10:09:54] World Rights Except UK and Ireland * GBROUT IRLOUT;07.02.2025 10:17:10;Ja;07.02.2025 10:17:10
[10:08:44] *** World Rights ***;[10:08:44] *** World Rights ***;07.02.2025 10:14:16;Ja;07.02.2025 10:14:16
[10:04:10] *** World Rights ***;[10:04:10] *** World Rights ***;07.02.2025 10:13:31;Ja;07.02.2025 10:13:31
[10:05:40] *** World Rights ***;[10:05:40] *** World Rights ***;07.02.2025 10:12:37;Ja;07.02.2025 10:12:37
[10:02:34] *** World Rights ***;[10:02:34] *** World Rights ***;07.02.2025 10:11:38;Ja;07.02.2025 10:11:38
[09:53:54] *** World Rights ***;[09:53:54] *** World Rights ***;07.02.2025 10:02:01;Ja;07.02.2025 10:02:01
[09:45:39] *** World Rights ***;[09:45:39] *** World Rights ***;07.02.2025 09:54:29;Ja;07.02.2025 09:54:29
[09:42:35] *** World Rights ***;[09:42:35] *** World Rights ***;07.02.2025 09:53:48;Ja;07.02.2025 09:53:48
[09:41:14] *** World Rights ***;[09:41:14] *** World Rights ***;07.02.2025 09:50:14;Ja;07.02.2025 09:50:14
[09:40:25] *** World Rights ***;[09:40:25] *** World Rights ***;07.02.2025 09:48:06;Ja;07.02.2025 09:48:06
[09:37:51] *** World Rights ***;[09:37:51] *** World Rights ***;07.02.2025 09:47:00;Ja;07.02.2025 09:47:00
[09:30:44] *** World Rights ***;[09:30:44] *** World Rights ***;07.02.2025 09:44:06;Ja;07.02.2025 09:44:06
[09:30:19] *** World Rights ***;[09:30:19] *** World Rights ***;07.02.2025 09:42:45;Ja;07.02.2025 09:42:45
[09:26:09] *** World Rights ***;[09:26:09] *** World Rights ***;07.02.2025 09:33:44;Ja;07.02.2025 09:33:44
[09:21:48] *** World Rights ***;[09:21:48] *** World Rights ***;07.02.2025 09:33:21;Ja;07.02.2025 09:33:21
[09:14:48] *** World Rights ***;[09:14:48] *** World Rights ***;07.02.2025 09:24:16;Ja;07.02.2025 09:24:16
[09:10:26] *** World Rights ***;[09:10:26] *** World Rights ***;07.02.2025 09:21:13;Ja;07.02.2025 09:21:13
[09:03:51] *** World Rights ***;[09:03:51] *** World Rights ***;07.02.2025 09:13:16;Ja;07.02.2025 09:13:16
[08:53:53] World Rights Except UK and Ireland * GBROUT IRLOUT;[08:53:53] World Rights Except UK and Ireland * GBROUT IRLOUT;07.02.2025 08:59:28;Ja;07.02.2025 08:59:28
[08:50:31] *** World Rights ***;[08:50:31] *** World Rights ***;07.02.2025 08:58:44;Ja;07.02.2025 08:58:44
[08:42:33] *** World Rights ***;[08:42:33] *** World Rights ***;07.02.2025 08:45:54;Ja;07.02.2025 08:45:54
[08:32:52] World Rights Except UK and Ireland * GBROUT IRLOUT;[08:32:52] World Rights Except UK and Ireland * GBROUT IRLOUT;07.02.2025 08:42:02;Ja;07.02.2025 08:42:02
[08:35:29] *** World Rights ***;[08:35:29] *** World Rights ***;07.02.2025 08:39:33;Ja;07.02.2025 08:39:33
[08:22:15] *** World Rights ***;[08:22:15] *** World Rights ***;07.02.2025 08:26:35;Ja;07.02.2025 08:26:35
[08:11:10] *** World Rights ***;[08:11:10] *** World Rights ***;07.02.2025 08:14:32;Ja;07.02.2025 08:14:32
[08:05:54] *** World Rights ***;[08:05:54] *** World Rights ***;07.02.2025 08:10:07;Ja;07.02.2025 08:10:07
[07:55:51] *** World Rights ***;[07:55:51] *** World Rights ***;07.02.2025 07:58:29;Ja;07.02.2025 07:58:29
[07:36:12] *** World Rights ***;[07:36:12] *** World Rights ***;07.02.2025 07:43:32;Ja;07.02.2025 07:43:32
[07:19:45] World Rights Except UK and Ireland * GBROUT IRLOUT;[07:19:45] World Rights Except UK and Ireland * GBROUT IRLOUT;07.02.2025 07:24:04;Ja;07.02.2025 07:24:04
[07:16:09] *** World Rights ***;[07:16:09] *** World Rights ***;07.02.2025 07:17:23;Ja;07.02.2025 07:17:23
[06:56:18] World Rights Except UK and Ireland * GBROUT IRLOUT;[06:56:18] World Rights Except UK and Ireland * GBROUT IRLOUT;07.02.2025 06:58:02;Ja;07.02.2025 06:58:02
[06:27:09] *** World Rights ***;[06:27:09] *** World Rights ***;07.02.2025 06:30:41;Ja;07.02.2025 06:30:41
[06:12:05] *** World Rights ***;[06:12:05] *** World Rights ***;07.02.2025 06:16:09;Ja;07.02.2025 06:16:09
[06:09:47] World Rights Except UK and Ireland * GBROUT IRLOUT;[06:09:47] World Rights Except UK and Ireland * GBROUT IRLOUT;07.02.2025 06:12:50;Ja;07.02.2025 06:12:50
[04:52:41] *** World Rights ***;[04:52:41] *** World Rights ***;07.02.2025 04:53:51;Ja;07.02.2025 04:53:51
[04:20:23] World Rights Except UK and Ireland * GBROUT IRLOUT;[04:20:23] World Rights Except UK and Ireland * GBROUT IRLOUT;07.02.2025 04:23:52;Ja;07.02.2025 04:23:52
[00:25:38] World Rights Except UK and Ireland * GBROUT IRLOUT;[00:25:38] World Rights Except UK and Ireland * GBROUT IRLOUT;07.02.2025 00:28:06;Ja;07.02.2025 00:28:06
[23:52:59] World Rights Except UK and Ireland * GBROUT IRLOUT;[23:52:59] World Rights Except UK and Ireland * GBROUT IRLOUT;06.02.2025 23:58:22;Ja;06.02.2025 23:58:22
[23:00:44] *** World Rights ***;[23:00:44] *** World Rights ***;06.02.2025 23:02:56;Ja;06.02.2025 23:02:56
[21:59:01] *** World Rights ***;[21:59:01] *** World Rights ***;06.02.2025 22:00:48;Ja;06.02.2025 22:00:48
[19:35:52] *** World Rights ***;[19:35:52] *** World Rights ***;06.02.2025 21:57:48;Ja;06.02.2025 21:57:48
[21:52:21] *** World Rights ***;[21:52:21] *** World Rights ***;06.02.2025 21:53:45;Ja;06.02.2025 21:53:45
[21:20:10] World Rights Except UK and Ireland * GBROUT IRLOUT;[21:20:10] World Rights Except UK and Ireland * GBROUT IRLOUT;06.02.2025 21:20:45;Ja;06.02.2025 21:20:45
[21:15:23] *** World Rights ***;[21:15:23] *** World Rights ***;06.02.2025 21:16:43;Ja;06.02.2025 21:16:43
[21:05:54] *** World Rights ***;[21:05:54] *** World Rights ***;06.02.2025 21:11:59;Ja;06.02.2025 21:11:59
[20:43:43] *** World Rights ***;[20:43:43] *** World Rights ***;06.02.2025 20:48:20;Ja;06.02.2025 20:48:20
[20:40:16] *** World Rights ***;[20:40:16] *** World Rights ***;06.02.2025 20:42:39;Ja;06.02.2025 20:42:39
[20:22:18] World Rights Except UK and Ireland * GBROUT IRLOUT;[20:22:18] World Rights Except UK and Ireland * GBROUT IRLOUT;06.02.2025 20:25:24;Ja;06.02.2025 20:25:24
[20:09:56] *** World Rights ***;[20:09:56] *** World Rights ***;06.02.2025 20:14:47;Ja;06.02.2025 20:14:47
[20:00:31] *** World Rights ***;[20:00:31] *** World Rights ***;06.02.2025 20:05:06;Ja;06.02.2025 20:05:06
[19:47:48] *** World Rights ***;[19:47:48] *** World Rights ***;06.02.2025 19:58:34;Ja;06.02.2025 19:58:34
[19:35:52] *** World Rights ***;[19:35:52] *** World Rights ***;06.02.2025 19:39:31;Ja;06.02.2025 19:39:31
[19:25:01] *** World Rights ***;[19:25:01] *** World Rights ***;06.02.2025 19:29:09;Ja;06.02.2025 19:29:09
[19:20:23] *** World Rights ***;[19:20:23] *** World Rights ***;06.02.2025 19:25:22;Ja;06.02.2025 19:25:22
[19:13:42] *** World Rights ***;[19:13:42] *** World Rights ***;06.02.2025 19:18:19;Ja;06.02.2025 19:18:19
[19:01:37] *** World Rights ***;[19:01:37] *** World Rights ***;06.02.2025 19:05:45;Ja;06.02.2025 19:05:45
[18:55:55] *** World Rights ***;[18:55:55] *** World Rights ***;06.02.2025 19:01:27;Ja;06.02.2025 19:01:27
[18:53:44] World Rights Except UK and Ireland * GBROUT IRLOUT;[18:53:44] World Rights Except UK and Ireland * GBROUT IRLOUT;06.02.2025 19:00:55;Ja;06.02.2025 19:00:55
[18:48:57] *** World Rights ***;[18:48:57] *** World Rights ***;06.02.2025 18:57:21;Ja;06.02.2025 18:57:21
[18:48:15] *** World Rights ***;[18:48:15] *** World Rights ***;06.02.2025 18:53:48;Ja;06.02.2025 18:53:48
[18:40:18] *** World Rights ***;[18:40:18] *** World Rights ***;06.02.2025 18:48:03;Ja;06.02.2025 18:48:03
[18:37:06] *** World Rights ***;[18:37:06] *** World Rights ***;06.02.2025 18:43:01;Ja;06.02.2025 18:43:01
[18:30:01] World Rights Except UK and Ireland * GBROUT IRLOUT;[18:30:01] World Rights Except UK and Ireland * GBROUT IRLOUT;06.02.2025 18:36:01;Ja;06.02.2025 18:36:01
[18:12:58] World Rights Except UK and Ireland * GBROUT IRLOUT;[18:12:58] World Rights Except UK and Ireland * GBROUT IRLOUT;06.02.2025 18:20:51;Ja;06.02.2025 18:20:51
[18:11:25] *** World Rights ***;[18:11:25] *** World Rights ***;06.02.2025 18:20:23;Ja;06.02.2025 18:20:23
[18:13:18] World Rights Except UK and Ireland * GBROUT IRLOUT;[18:13:18] World Rights Except UK and Ireland * GBROUT IRLOUT;06.02.2025 18:19:36;Ja;06.02.2025 18:19:36
[18:04:47] *** World Rights ***;[18:04:47] *** World Rights ***;06.02.2025 18:12:58;Ja;06.02.2025 18:12:58
[18:02:50] *** World Rights ***;[18:02:50] *** World Rights ***;06.02.2025 18:12:22;Ja;06.02.2025 18:12:22
[18:03:49] *** World Rights ***;[18:03:49] *** World Rights ***;06.02.2025 18:09:24;Ja;06.02.2025 18:09:24
[17:54:39] *** World Rights ***;[17:54:39] *** World Rights ***;06.02.2025 18:06:09;Ja;06.02.2025 18:06:09
[17:45:43] *** World Rights ***;[17:45:43] *** World Rights ***;06.02.2025 17:56:38;Ja;06.02.2025 17:56:38
[17:41:54] *** World Rights ***;[17:41:54] *** World Rights ***;06.02.2025 17:50:35;Ja;06.02.2025 17:50:35
[17:30:45] *** World Rights ***;[17:30:45] *** World Rights ***;06.02.2025 17:39:22;Ja;06.02.2025 17:39:22
[17:18:01] *** World Rights ***;[17:18:01] *** World Rights ***;06.02.2025 17:26:37;Ja;06.02.2025 17:26:37
[17:10:25] *** World Rights ***;[17:10:25] *** World Rights ***;06.02.2025 17:23:21;Ja;06.02.2025 17:23:21
[17:09:17] *** World Rights ***;[17:09:17] *** World Rights ***;06.02.2025 17:16:40;Ja;06.02.2025 17:16:40
[17:04:32] *** World Rights ***;[17:04:32] *** World Rights ***;06.02.2025 17:14:48;Ja;06.02.2025 17:14:48
[17:03:04] *** World Rights ***;[17:03:04] *** World Rights ***;06.02.2025 17:12:54;Ja;06.02.2025 17:12:54
[17:03:19] World Rights Except UK and Ireland * GBROUT IRLOUT;[17:03:19] World Rights Except UK and Ireland * GBROUT IRLOUT;06.02.2025 17:11:31;Ja;06.02.2025 17:11:31
[16:53:43] *** World Rights ***;[16:53:43] *** World Rights ***;06.02.2025 17:03:33;Ja;06.02.2025 17:03:33
[16:55:19] *** World Rights ***;[16:55:19] *** World Rights ***;06.02.2025 17:02:08;Ja;06.02.2025 17:02:08
[16:45:54] *** World Rights ***;[16:45:54] *** World Rights ***;06.02.2025 16:53:45;Ja;06.02.2025 16:53:45
[16:41:52] *** World Rights ***;[16:41:52] *** World Rights ***;06.02.2025 16:49:01;Ja;06.02.2025 16:49:01
[16:08:28] *** World Rights ***;[16:08:28] *** World Rights ***;06.02.2025 16:16:04;Ja;06.02.2025 16:16:04
[16:03:24] World Rights Except UK and Ireland * GBROUT IRLOUT;[16:03:24] World Rights Except UK and Ireland * GBROUT IRLOUT;06.02.2025 16:11:05;Ja;06.02.2025 16:11:05
[16:01:50] World Rights Except UK and Ireland * GBROUT IRLOUT;[16:01:50] World Rights Except UK and Ireland * GBROUT IRLOUT;06.02.2025 16:10:20;Ja;06.02.2025 16:10:20
[15:46:38] *** World Rights ***;[15:46:38] *** World Rights ***;06.02.2025 15:55:16;Ja;06.02.2025 15:55:16
[15:36:03] *** World Rights ***;[15:36:03] *** World Rights ***;06.02.2025 15:46:33;Ja;06.02.2025 15:46:33
[15:39:42] *** Germany only ***;[15:39:42] *** Germany only ***;06.02.2025 15:45:37;Ja;06.02.2025 15:45:37
[15:34:41] World Rights Except UK and Ireland * GBROUT IRLOUT;[15:34:41] World Rights Except UK and Ireland * GBROUT IRLOUT;06.02.2025 15:45:35;Ja;06.02.2025 15:45:35
[15:36:50] *** World Rights ***;[15:36:50] *** World Rights ***;06.02.2025 15:43:58;Ja;06.02.2025 15:43:58
[15:29:16] World Rights Except UK and Ireland * GBROUT IRLOUT;[15:29:16] World Rights Except UK and Ireland * GBROUT IRLOUT;06.02.2025 15:35:08;Ja;06.02.2025 15:35:08
[15:25:18] *** World Rights ***;[15:25:18] *** World Rights ***;06.02.2025 15:29:39;Ja;06.02.2025 15:29:39
[15:23:23] World Rights Except UK and Ireland * GBROUT IRLOUT;[15:23:23] World Rights Except UK and Ireland * GBROUT IRLOUT;06.02.2025 15:28:18;Ja;06.02.2025 15:28:18
[15:17:40] *** World Rights ***;[15:17:40] *** World Rights ***;06.02.2025 15:22:57;Ja;06.02.2025 15:22:57
[15:11:39] *** World Rights ***;[15:11:39] *** World Rights ***;06.02.2025 15:20:22;Ja;06.02.2025 15:20:22
[15:05:41] *** World Rights ***;[15:05:41] *** World Rights ***;06.02.2025 15:15:33;Ja;06.02.2025 15:15:33
[14:40:00] *** World Rights ***;[14:40:00] *** World Rights ***;06.02.2025 14:48:54;Ja;06.02.2025 14:48:54
[14:44:23] *** World Rights ***;[14:44:23] *** World Rights ***;06.02.2025 14:48:30;Ja;06.02.2025 14:48:30
[14:41:40] *** World Rights ***;[14:41:40] *** World Rights ***;06.02.2025 14:44:44;Ja;06.02.2025 14:44:44
[14:04:19] *** World Rights ***;[14:04:19] *** World Rights ***;06.02.2025 14:08:00;Ja;06.02.2025 14:08:00
[13:55:22] World Rights Except UK and Ireland * GBROUT IRLOUT;[13:55:22] World Rights Except UK and Ireland * GBROUT IRLOUT;06.02.2025 13:57:23;Ja;06.02.2025 13:57:23
[13:50:57] *** World Rights ***;[13:50:57] *** World Rights ***;06.02.2025 13:53:42;Ja;06.02.2025 13:53:42
[13:41:48] *** Germany only ***;[13:41:48] *** Germany only ***;06.02.2025 13:44:38;Ja;06.02.2025 13:44:38
[13:25:38] *** World Rights ***;[13:25:38] *** World Rights ***;06.02.2025 13:29:21;Ja;06.02.2025 13:29:21
[13:19:55] *** World Rights ***;[13:19:55] *** World Rights ***;06.02.2025 13:23:14;Ja;06.02.2025 13:23:14
[13:13:17] *** World Rights ***;[13:13:17] *** World Rights ***;06.02.2025 13:20:01;Ja;06.02.2025 13:20:01
[13:13:44] *** World Rights ***;[13:13:44] *** World Rights ***;06.02.2025 13:17:36;Ja;06.02.2025 13:17:36
[13:08:05] *** World Rights ***;[13:08:05] *** World Rights ***;06.02.2025 13:16:14;Ja;06.02.2025 13:16:14
[13:00:59] World Rights Except UK and Ireland * GBROUT IRLOUT;[13:00:59] World Rights Except UK and Ireland * GBROUT IRLOUT;06.02.2025 13:08:15;Ja;06.02.2025 13:08:15
[12:57:21] *** World Rights ***;[12:57:21] *** World Rights ***;06.02.2025 13:01:29;Ja;06.02.2025 13:01:29
[12:52:04] World Rights Except UK and Ireland * GBROUT IRLOUT;[12:52:04] World Rights Except UK and Ireland * GBROUT IRLOUT;06.02.2025 12:59:02;Ja;06.02.2025 12:59:02
[12:51:08] *** World Rights ***;[12:51:08] *** World Rights ***;06.02.2025 12:55:59;Ja;06.02.2025 12:55:59
[12:37:00] World Rights Except UK and Ireland * GBROUT IRLOUT;[12:37:00] World Rights Except UK and Ireland * GBROUT IRLOUT;06.02.2025 12:40:25;Ja;06.02.2025 12:40:25
[12:35:25] World Rights Except UK and Ireland * GBROUT IRLOUT;[12:35:25] World Rights Except UK and Ireland * GBROUT IRLOUT;06.02.2025 12:37:45;Ja;06.02.2025 12:37:45
[12:26:09] *** World Rights ***;[12:26:09] *** World Rights ***;06.02.2025 12:27:54;Ja;06.02.2025 12:27:54
[12:16:27] *** World Rights ***;[12:16:27] *** World Rights ***;06.02.2025 12:20:56;Ja;06.02.2025 12:20:56
[12:02:43] *** World Rights ***;[12:02:43] *** World Rights ***;06.02.2025 12:06:00;Ja;06.02.2025 12:06:00
[11:55:20] *** World Rights ***;[11:55:20] *** World Rights ***;06.02.2025 12:02:59;Ja;06.02.2025 12:02:59
[11:58:26] *** World Rights ***;[11:58:26] *** World Rights ***;06.02.2025 12:02:02;Ja;06.02.2025 12:02:02
[11:52:04] *** World Rights ***;[11:52:04] *** World Rights ***;06.02.2025 12:01:55;Ja;06.02.2025 12:01:55
[11:49:57] *** World Rights ***;[11:49:57] *** World Rights ***;06.02.2025 11:54:40;Ja;06.02.2025 11:54:40
[11:43:13] *** World Rights ***;[11:43:13] *** World Rights ***;06.02.2025 11:48:41;Ja;06.02.2025 11:48:41
[11:36:41] *** World Rights ***;[11:36:41] *** World Rights ***;06.02.2025 11:39:48;Ja;06.02.2025 11:39:48
[11:32:25] *** World Rights ***;[11:32:25] *** World Rights ***;06.02.2025 11:38:00;Ja;06.02.2025 11:38:00
[11:16:45] World Rights Except UK and Ireland * GBROUT IRLOUT;[11:16:45] World Rights Except UK and Ireland * GBROUT IRLOUT;06.02.2025 11:24:32;Ja;06.02.2025 11:24:32
[11:17:52] *** World Rights ***;[11:17:52] *** World Rights ***;06.02.2025 11:22:24;Ja;06.02.2025 11:22:24
[10:55:42] *** World Rights ***;[10:55:42] *** World Rights ***;06.02.2025 11:08:35;Ja;06.02.2025 11:08:35
[11:03:32] *** World Rights ***;[11:03:32] *** World Rights ***;06.02.2025 11:07:48;Ja;06.02.2025 11:07:48
[10:57:32] *** World Rights ***;[10:57:32] *** World Rights ***;06.02.2025 11:07:23;Ja;06.02.2025 11:07:23
[11:04:11] *** World Rights ***;[11:04:11] *** World Rights ***;06.02.2025 11:07:10;Ja;06.02.2025 11:07:10
[11:02:34] World Rights Except UK and Ireland * GBROUT IRLOUT;[11:02:34] World Rights Except UK and Ireland * GBROUT IRLOUT;06.02.2025 11:06:26;Ja;06.02.2025 11:06:26
[10:56:35] World Rights Except UK and Ireland * GBROUT IRLOUT;[10:56:35] World Rights Except UK and Ireland * GBROUT IRLOUT;06.02.2025 11:05:11;Ja;06.02.2025 11:05:11
[10:50:07] *** Germany only ***;[10:50:07] *** Germany only ***;06.02.2025 10:56:51;Ja;06.02.2025 10:56:51
[10:35:14] World Rights Except UK and Ireland * GBROUT IRLOUT;[10:35:14] World Rights Except UK and Ireland * GBROUT IRLOUT;06.02.2025 10:40:57;Ja;06.02.2025 10:40:57
[10:30:06] *** World Rights ***;[10:30:06] *** World Rights ***;06.02.2025 10:39:45;Ja;06.02.2025 10:39:45
[10:15:51] *** World Rights ***;[10:15:51] *** World Rights ***;06.02.2025 10:24:46;Ja;06.02.2025 10:24:46
[10:14:28] *** Germany only ***;[10:14:28] *** Germany only ***;06.02.2025 10:20:31;Ja;06.02.2025 10:20:31
[10:03:57] *** World Rights ***;[10:03:57] *** World Rights ***;06.02.2025 10:12:34;Ja;06.02.2025 10:12:34
[09:53:44] *** World Rights ***;[09:53:44] *** World Rights ***;06.02.2025 10:05:03;Ja;06.02.2025 10:05:03
[09:52:16] *** World Rights ***;[09:52:16] *** World Rights ***;06.02.2025 10:00:15;Ja;06.02.2025 10:00:15
[09:46:10] World Rights Except UK and Ireland * GBROUT IRLOUT;[09:46:10] World Rights Except UK and Ireland * GBROUT IRLOUT;06.02.2025 09:59:38;Ja;06.02.2025 09:59:38
[09:53:13] *** World Rights ***;[09:53:13] *** World Rights ***;06.02.2025 09:59:23;Ja;06.02.2025 09:59:23
[09:50:31] *** World Rights ***;[09:50:31] *** World Rights ***;06.02.2025 09:57:43;Ja;06.02.2025 09:57:43
[09:45:19] *** World Rights ***;[09:45:19] *** World Rights ***;06.02.2025 09:54:46;Ja;06.02.2025 09:54:46
[09:28:33] World Rights Except UK and Ireland * GBROUT IRLOUT;[09:28:33] World Rights Except UK and Ireland * GBROUT IRLOUT;06.02.2025 09:42:15;Ja;06.02.2025 09:42:15
[09:31:52] *** World Rights ***;[09:31:52] *** World Rights ***;06.02.2025 09:41:01;Ja;06.02.2025 09:41:01
[09:22:06] *** World Rights ***;[09:22:06] *** World Rights ***;06.02.2025 09:29:37;Ja;06.02.2025 09:29:37
[09:15:46] *** World Rights ***;[09:15:46] *** World Rights ***;06.02.2025 09:25:18;Ja;06.02.2025 09:25:18
[09:17:35] *** World Rights ***;[09:17:35] *** World Rights ***;06.02.2025 09:25:17;Ja;06.02.2025 09:25:17
[09:07:50] World Rights Except UK and Ireland * GBROUT IRLOUT;[09:07:50] World Rights Except UK and Ireland * GBROUT IRLOUT;06.02.2025 09:16:05;Ja;06.02.2025 09:16:05
[09:01:36] *** World Rights ***;[09:01:36] *** World Rights ***;06.02.2025 09:08:42;Ja;06.02.2025 09:08:42
[08:52:26] *** World Rights ***;[08:52:26] *** World Rights ***;06.02.2025 09:02:00;Ja;06.02.2025 09:02:00
[08:57:36] *** Germany only ***;[08:57:36] *** Germany only ***;06.02.2025 09:01:48;Ja;06.02.2025 09:01:48
[08:55:47] *** World Rights ***;[08:55:47] *** World Rights ***;06.02.2025 08:59:56;Ja;06.02.2025 08:59:56
[05:31:42] *** World Rights ***;[05:31:42] *** World Rights ***;06.02.2025 08:57:08;Ja;06.02.2025 08:57:08
[08:36:46] *** World Rights ***;[08:36:46] *** World Rights ***;06.02.2025 08:41:34;Ja;06.02.2025 08:41:34
[08:33:48] *** World Rights ***;[08:33:48] *** World Rights ***;06.02.2025 08:37:22;Ja;06.02.2025 08:37:22
[08:12:35] *** World Rights ***;[08:12:35] *** World Rights ***;06.02.2025 08:16:49;Ja;06.02.2025 08:16:49
[07:58:01] *** World Rights ***;[07:58:01] *** World Rights ***;06.02.2025 08:02:23;Ja;06.02.2025 08:02:23
[07:58:50] *** World Rights ***;[07:58:50] *** World Rights ***;06.02.2025 08:02:08;Ja;06.02.2025 08:02:08
[07:19:28] World Rights Except UK and Ireland * GBROUT IRLOUT;[07:19:28] World Rights Except UK and Ireland * GBROUT IRLOUT;06.02.2025 07:23:14;Ja;06.02.2025 07:23:14
[06:58:51] World Rights Except UK and Ireland * GBROUT IRLOUT;[06:58:51] World Rights Except UK and Ireland * GBROUT IRLOUT;06.02.2025 07:03:39;Ja;06.02.2025 07:03:39
[06:57:31] *** World Rights ***;[06:57:31] *** World Rights ***;06.02.2025 06:59:55;Ja;06.02.2025 06:59:55
[06:38:53] World Rights Except UK and Ireland * GBROUT IRLOUT;[06:38:53] World Rights Except UK and Ireland * GBROUT IRLOUT;06.02.2025 06:43:40;Ja;06.02.2025 06:43:40
[06:26:31] World Rights Except UK and Ireland * GBROUT IRLOUT;[06:26:31] World Rights Except UK and Ireland * GBROUT IRLOUT;06.02.2025 06:27:51;Ja;06.02.2025 06:27:51
[05:59:28] *** World Rights ***;[05:59:28] *** World Rights ***;06.02.2025 06:00:51;Ja;06.02.2025 06:00:51
[05:42:57] *** World Rights ***;[05:42:57] *** World Rights ***;06.02.2025 05:45:57;Ja;06.02.2025 05:45:57
[05:29:08] World Rights Except UK and Ireland * GBROUT IRLOUT;[05:29:08] World Rights Except UK and Ireland * GBROUT IRLOUT;06.02.2025 05:31:19;Ja;06.02.2025 05:31:19
[03:38:24] *** World Rights ***;[03:38:24] *** World Rights ***;06.02.2025 03:39:35;Ja;06.02.2025 03:39:35
[01:54:51] *** World Rights ***;[01:54:51] *** World Rights ***;06.02.2025 01:57:55;Ja;06.02.2025 01:57:55
[01:14:35] *** World Rights ***;[01:14:35] *** World Rights ***;06.02.2025 01:14:52;Ja;06.02.2025 01:14:52
[22:57:35] *** World Rights ***;[22:57:35] *** World Rights ***;05.02.2025 22:59:42;Ja;05.02.2025 22:59:42
[22:34:13] *** World Rights ***;[22:34:13] *** World Rights ***;05.02.2025 22:35:33;Ja;05.02.2025 22:35:33
[22:28:44] *** World Rights ***;[22:28:44] *** World Rights ***;05.02.2025 22:29:54;Ja;05.02.2025 22:29:54
[22:21:36] *** World Rights ***;[22:21:36] *** World Rights ***;05.02.2025 22:24:01;Ja;05.02.2025 22:24:01
[21:59:15] *** World Rights ***;[21:59:15] *** World Rights ***;05.02.2025 22:03:20;Ja;05.02.2025 22:03:20
[21:56:35] *** World Rights ***;[21:56:35] *** World Rights ***;05.02.2025 21:59:46;Ja;05.02.2025 21:59:46
[21:51:37] *** World Rights ***;[21:51:37] *** World Rights ***;05.02.2025 21:55:30;Ja;05.02.2025 21:55:30
[21:46:36] *** World Rights ***;[21:46:36] *** World Rights ***;05.02.2025 21:54:15;Ja;05.02.2025 21:54:15
[21:35:15] *** World Rights ***;[21:35:15] *** World Rights ***;05.02.2025 21:36:31;Ja;05.02.2025 21:36:31
[21:34:11] *** World Rights ***;[21:34:11] *** World Rights ***;05.02.2025 21:35:23;Ja;05.02.2025 21:35:23
[21:09:32] World Rights Except UK and Ireland * GBROUT IRLOUT;[21:09:32] World Rights Except UK and Ireland * GBROUT IRLOUT;05.02.2025 21:16:08;Ja;05.02.2025 21:16:08
[20:56:50] *** World Rights ***;[20:56:50] *** World Rights ***;05.02.2025 20:59:08;Ja;05.02.2025 20:59:08
[20:34:43] World Rights Except UK and Ireland * GBROUT IRLOUT;[20:34:43] World Rights Except UK and Ireland * GBROUT IRLOUT;05.02.2025 20:43:24;Ja;05.02.2025 20:43:24
[20:22:16] *** World Rights ***;[20:22:16] *** World Rights ***;05.02.2025 20:25:59;Ja;05.02.2025 20:25:59
[20:14:55] *** Germany only ***;[20:14:55] *** Germany only ***;05.02.2025 20:19:36;Ja;05.02.2025 20:19:36
[20:06:07] *** World Rights ***;[20:06:07] *** World Rights ***;05.02.2025 20:07:34;Ja;05.02.2025 20:07:34
[19:51:11] *** World Rights ***;[19:51:11] *** World Rights ***;05.02.2025 19:59:22;Ja;05.02.2025 19:59:22
[19:53:03] World Rights Except UK and Ireland * GBROUT IRLOUT;[19:53:03] World Rights Except UK and Ireland * GBROUT IRLOUT;05.02.2025 19:55:53;Ja;05.02.2025 19:55:53
[19:41:24] *** World Rights ***;[19:41:24] *** World Rights ***;05.02.2025 19:44:21;Ja;05.02.2025 19:44:21
[19:34:00] World Rights Except UK and Ireland * GBROUT IRLOUT;[19:34:00] World Rights Except UK and Ireland * GBROUT IRLOUT;05.02.2025 19:38:35;Ja;05.02.2025 19:38:35
[19:25:16] *** World Rights ***;[19:25:16] *** World Rights ***;05.02.2025 19:27:40;Ja;05.02.2025 19:27:40
[19:16:31] *** World Rights ***;[19:16:31] *** World Rights ***;05.02.2025 19:24:06;Ja;05.02.2025 19:24:06
[19:14:37] World Rights Except UK and Ireland * GBROUT IRLOUT;[19:14:37] World Rights Except UK and Ireland * GBROUT IRLOUT;05.02.2025 19:17:22;Ja;05.02.2025 19:17:22
[19:05:34] *** World Rights ***;[19:05:34] *** World Rights ***;05.02.2025 19:11:00;Ja;05.02.2025 19:11:00
[18:56:43] *** World Rights ***;[18:56:43] *** World Rights ***;05.02.2025 19:07:29;Ja;05.02.2025 19:07:29
[18:38:35] World Rights Except UK and Ireland * GBROUT IRLOUT;[18:38:35] World Rights Except UK and Ireland * GBROUT IRLOUT;05.02.2025 18:55:22;Ja;05.02.2025 18:55:22
[18:43:29] *** World Rights ***;[18:43:29] *** World Rights ***;05.02.2025 18:50:19;Ja;05.02.2025 18:50:19
[18:32:07] *** Germany only ***;[18:32:07] *** Germany only ***;05.02.2025 18:45:55;Ja;05.02.2025 18:45:55
[18:35:55] *** World Rights ***;[18:35:55] *** World Rights ***;05.02.2025 18:45:54;Ja;05.02.2025 18:45:54
[18:25:55] *** World Rights ***;[18:25:55] *** World Rights ***;05.02.2025 18:32:19;Ja;05.02.2025 18:32:19
[18:11:06] *** World Rights ***;[18:11:06] *** World Rights ***;05.02.2025 18:19:38;Ja;05.02.2025 18:19:38
[18:01:28] *** World Rights ***;[18:01:28] *** World Rights ***;05.02.2025 18:17:19;Ja;05.02.2025 18:17:19
[18:03:04] *** World Rights ***;[18:03:04] *** World Rights ***;05.02.2025 18:12:20;Ja;05.02.2025 18:12:20
[17:47:54] World Rights Except UK and Ireland * GBROUT IRLOUT;[17:47:54] World Rights Except UK and Ireland * GBROUT IRLOUT;05.02.2025 17:56:27;Ja;05.02.2025 17:56:27
[17:42:18] *** World Rights ***;[17:42:18] *** World Rights ***;05.02.2025 17:54:24;Ja;05.02.2025 17:54:24
[17:09:58] *** World Rights ***;[17:09:58] *** World Rights ***;05.02.2025 17:19:36;Ja;05.02.2025 17:19:36
[17:05:16] *** World Rights ***;[17:05:16] *** World Rights ***;05.02.2025 17:13:06;Ja;05.02.2025 17:13:06
[16:51:31] *** World Rights ***;[16:51:31] *** World Rights ***;05.02.2025 17:01:12;Ja;05.02.2025 17:01:12
[16:49:53] *** World Rights ***;[16:49:53] *** World Rights ***;05.02.2025 16:59:08;Ja;05.02.2025 16:59:08
[16:47:39] *** World Rights ***;[16:47:39] *** World Rights ***;05.02.2025 16:56:36;Ja;05.02.2025 16:56:36
[16:48:02] *** World Rights ***;[16:48:02] *** World Rights ***;05.02.2025 16:55:42;Ja;05.02.2025 16:55:42
[16:41:56] *** World Rights ***;[16:41:56] *** World Rights ***;05.02.2025 16:50:29;Ja;05.02.2025 16:50:29
[16:37:11] *** World Rights ***;[16:37:11] *** World Rights ***;05.02.2025 16:45:23;Ja;05.02.2025 16:45:23
[16:32:01] *** World Rights ***;[16:32:01] *** World Rights ***;05.02.2025 16:42:27;Ja;05.02.2025 16:42:27
[16:23:00] *** Germany only ***;[16:23:00] *** Germany only ***;05.02.2025 16:35:22;Ja;05.02.2025 16:35:22
[16:23:54] *** World Rights ***;[16:23:54] *** World Rights ***;05.02.2025 16:31:14;Ja;05.02.2025 16:31:14
[16:17:36] World Rights Except UK and Ireland * GBROUT IRLOUT;[16:17:36] World Rights Except UK and Ireland * GBROUT IRLOUT;05.02.2025 16:28:18;Ja;05.02.2025 16:28:18
[16:01:02] *** World Rights ***;[16:01:02] *** World Rights ***;05.02.2025 16:11:43;Ja;05.02.2025 16:11:43
[16:00:37] *** World Rights ***;[16:00:37] *** World Rights ***;05.02.2025 16:08:22;Ja;05.02.2025 16:08:22
[15:58:44] *** World Rights ***;[15:58:44] *** World Rights ***;05.02.2025 16:05:35;Ja;05.02.2025 16:05:35
[15:57:31] *** World Rights ***;[15:57:31] *** World Rights ***;05.02.2025 16:02:18;Ja;05.02.2025 16:02:18
[15:52:25] *** World Rights ***;[15:52:25] *** World Rights ***;05.02.2025 16:00:33;Ja;05.02.2025 16:00:33
[15:51:10] *** World Rights ***;[15:51:10] *** World Rights ***;05.02.2025 16:00:00;Ja;05.02.2025 16:00:00
[15:51:17] *** World Rights ***;[15:51:17] *** World Rights ***;05.02.2025 15:59:30;Ja;05.02.2025 15:59:30
[15:49:13] *** World Rights ***;[15:49:13] *** World Rights ***;05.02.2025 15:55:12;Ja;05.02.2025 15:55:12
[15:40:12] *** World Rights ***;[15:40:12] *** World Rights ***;05.02.2025 15:46:51;Ja;05.02.2025 15:46:51
[15:39:38] *** World Rights ***;[15:39:38] *** World Rights ***;05.02.2025 15:45:46;Ja;05.02.2025 15:45:46
[15:35:31] *** World Rights ***;[15:35:31] *** World Rights ***;05.02.2025 15:45:30;Ja;05.02.2025 15:45:30
[15:17:19] *** Germany only ***;[15:17:19] *** Germany only ***;05.02.2025 15:29:33;Ja;05.02.2025 15:29:33
[15:14:11] *** World Rights ***;[15:14:11] *** World Rights ***;05.02.2025 15:25:42;Ja;05.02.2025 15:25:42
[15:11:50] *** World Rights ***;[15:11:50] *** World Rights ***;05.02.2025 15:19:18;Ja;05.02.2025 15:19:18
[15:13:25] *** World Rights ***;[15:13:25] *** World Rights ***;05.02.2025 15:18:00;Ja;05.02.2025 15:18:00
[15:05:32] *** World Rights ***;[15:05:32] *** World Rights ***;05.02.2025 15:11:02;Ja;05.02.2025 15:11:02
[15:00:09] *** World Rights ***;[15:00:09] *** World Rights ***;05.02.2025 15:05:32;Ja;05.02.2025 15:05:32
[14:53:13] *** World Rights ***;[14:53:13] *** World Rights ***;05.02.2025 14:57:54;Ja;05.02.2025 14:57:54
[14:51:43] *** World Rights ***;[14:51:43] *** World Rights ***;05.02.2025 14:56:25;Ja;05.02.2025 14:56:25
[14:47:42] World Rights Except UK and Ireland * GBROUT IRLOUT;[14:47:42] World Rights Except UK and Ireland * GBROUT IRLOUT;05.02.2025 14:53:04;Ja;05.02.2025 14:53:04
[14:34:54] *** World Rights ***;[14:34:54] *** World Rights ***;05.02.2025 14:37:48;Ja;05.02.2025 14:37:48
[14:20:46] *** World Rights ***;[14:20:46] *** World Rights ***;05.02.2025 14:28:08;Ja;05.02.2025 14:28:08
[14:20:43] *** World Rights ***;[14:20:43] *** World Rights ***;05.02.2025 14:23:42;Ja;05.02.2025 14:23:42
[14:07:06] World Rights Except UK and Ireland * GBROUT IRLOUT;[14:07:06] World Rights Except UK and Ireland * GBROUT IRLOUT;05.02.2025 14:12:21;Ja;05.02.2025 14:12:21
[14:00:46] *** World Rights ***;[14:00:46] *** World Rights ***;05.02.2025 14:06:52;Ja;05.02.2025 14:06:52
[14:00:54] *** World Rights ***;[14:00:54] *** World Rights ***;05.02.2025 14:06:00;Ja;05.02.2025 14:06:00
[13:55:15] *** World Rights ***;[13:55:15] *** World Rights ***;05.02.2025 13:58:18;Ja;05.02.2025 13:58:18
[13:51:54] World Rights Except UK and Ireland * GBROUT IRLOUT;[13:51:54] World Rights Except UK and Ireland * GBROUT IRLOUT;05.02.2025 13:54:36;Ja;05.02.2025 13:54:36
[13:47:07] *** World Rights ***;[13:47:07] *** World Rights ***;05.02.2025 13:50:31;Ja;05.02.2025 13:50:31
[13:47:16] *** World Rights ***;[13:47:16] *** World Rights ***;05.02.2025 13:49:42;Ja;05.02.2025 13:49:42
[13:42:45] *** World Rights ***;[13:42:45] *** World Rights ***;05.02.2025 13:46:50;Ja;05.02.2025 13:46:50
[13:38:52] *** World Rights ***;[13:38:52] *** World Rights ***;05.02.2025 13:40:44;Ja;05.02.2025 13:40:44
[13:14:36] *** World Rights ***;[13:14:36] *** World Rights ***;05.02.2025 13:19:29;Ja;05.02.2025 13:19:29
[13:10:34] *** Germany only ***;[13:10:34] *** Germany only ***;05.02.2025 13:13:03;Ja;05.02.2025 13:13:03
[12:51:13] *** World Rights ***;[12:51:13] *** World Rights ***;05.02.2025 12:54:19;Ja;05.02.2025 12:54:19
[12:42:14] *** World Rights ***;[12:42:14] *** World Rights ***;05.02.2025 12:44:32;Ja;05.02.2025 12:44:32
[12:38:00] World Rights Except UK and Ireland * GBROUT IRLOUT;[12:38:00] World Rights Except UK and Ireland * GBROUT IRLOUT;05.02.2025 12:42:05;Ja;05.02.2025 12:42:05
[12:36:08] *** Germany only ***;[12:36:08] *** Germany only ***;05.02.2025 12:38:54;Ja;05.02.2025 12:38:54
[12:22:28] World Rights Except UK and Ireland * GBROUT IRLOUT;[12:22:28] World Rights Except UK and Ireland * GBROUT IRLOUT;05.02.2025 12:25:29;Ja;05.02.2025 12:25:29
[11:50:10] *** World Rights ***;[11:50:10] *** World Rights ***;05.02.2025 11:56:21;Ja;05.02.2025 11:56:21
[11:47:19] *** World Rights ***;[11:47:19] *** World Rights ***;05.02.2025 11:53:31;Ja;05.02.2025 11:53:31
[11:37:42] *** World Rights ***;[11:37:42] *** World Rights ***;05.02.2025 11:42:43;Ja;05.02.2025 11:42:43
[11:34:42] *** World Rights ***;[11:34:42] *** World Rights ***;05.02.2025 11:38:22;Ja;05.02.2025 11:38:22
[11:23:41] World Rights Except UK and Ireland * GBROUT IRLOUT;[11:23:41] World Rights Except UK and Ireland * GBROUT IRLOUT;05.02.2025 11:26:51;Ja;05.02.2025 11:26:51
[11:18:46] *** Germany only ***;[11:18:46] *** Germany only ***;05.02.2025 11:22:00;Ja;05.02.2025 11:22:00
[11:18:06] World Rights Except UK and Ireland * GBROUT IRLOUT;[11:18:06] World Rights Except UK and Ireland * GBROUT IRLOUT;05.02.2025 11:21:03;Ja;05.02.2025 11:21:03
[11:04:25] *** World Rights ***;[11:04:25] *** World Rights ***;05.02.2025 11:12:35;Ja;05.02.2025 11:12:35
[10:58:48] *** World Rights ***;[10:58:48] *** World Rights ***;05.02.2025 11:07:28;Ja;05.02.2025 11:07:28
[10:53:52] *** World Rights ***;[10:53:52] *** World Rights ***;05.02.2025 11:05:08;Ja;05.02.2025 11:05:08
[10:57:24] *** World Rights ***;[10:57:24] *** World Rights ***;05.02.2025 11:04:35;Ja;05.02.2025 11:04:35
[10:41:56] *** World Rights ***;[10:41:56] *** World Rights ***;05.02.2025 10:53:20;Ja;05.02.2025 10:53:20
[10:42:55] *** World Rights ***;[10:42:55] *** World Rights ***;05.02.2025 10:51:42;Ja;05.02.2025 10:51:42
[10:25:21] *** World Rights ***;[10:25:21] *** World Rights ***;05.02.2025 10:37:10;Ja;05.02.2025 10:37:10
[10:23:17] *** World Rights ***;[10:23:17] *** World Rights ***;05.02.2025 10:29:59;Ja;05.02.2025 10:29:59
[10:14:08] *** World Rights ***;[10:14:08] *** World Rights ***;05.02.2025 10:26:14;Ja;05.02.2025 10:26:14
[10:16:04] *** World Rights ***;[10:16:04] *** World Rights ***;05.02.2025 10:23:33;Ja;05.02.2025 10:23:33
[10:12:32] *** World Rights ***;[10:12:32] *** World Rights ***;05.02.2025 10:23:06;Ja;05.02.2025 10:23:06
[10:07:42] *** World Rights ***;[10:07:42] *** World Rights ***;05.02.2025 10:19:38;Ja;05.02.2025 10:19:38
[10:09:17] *** World Rights ***;[10:09:17] *** World Rights ***;05.02.2025 10:16:27;Ja;05.02.2025 10:16:27
[10:09:51] *** World Rights ***;[10:09:51] *** World Rights ***;05.02.2025 10:15:15;Ja;05.02.2025 10:15:15
[10:04:09] *** World Rights ***;[10:04:09] *** World Rights ***;05.02.2025 10:13:47;Ja;05.02.2025 10:13:47
[09:57:48] *** World Rights ***;[09:57:48] *** World Rights ***;05.02.2025 10:10:13;Ja;05.02.2025 10:10:13
[09:57:12] *** World Rights ***;[09:57:12] *** World Rights ***;05.02.2025 10:09:33;Ja;05.02.2025 10:09:33
[09:50:41] *** World Rights ***;[09:50:41] *** World Rights ***;05.02.2025 09:59:36;Ja;05.02.2025 09:59:36
[09:25:52] *** World Rights ***;[09:25:52] *** World Rights ***;05.02.2025 09:34:04;Ja;05.02.2025 09:34:04
[09:10:07] *** World Rights ***;[09:10:07] *** World Rights ***;05.02.2025 09:22:15;Ja;05.02.2025 09:22:15
[09:04:46] *** World Rights ***;[09:04:46] *** World Rights ***;05.02.2025 09:17:14;Ja;05.02.2025 09:17:14
[09:04:04] *** World Rights ***;[09:04:04] *** World Rights ***;05.02.2025 09:10:51;Ja;05.02.2025 09:10:51
[09:01:13] *** World Rights ***;[09:01:13] *** World Rights ***;05.02.2025 09:09:15;Ja;05.02.2025 09:09:15
[09:00:15] *** World Rights ***;[09:00:15] *** World Rights ***;05.02.2025 09:09:10;Ja;05.02.2025 09:09:10
[08:59:02] *** World Rights ***;[08:59:02] *** World Rights ***;05.02.2025 09:04:24;Ja;05.02.2025 09:04:24
[08:50:56] *** World Rights ***;[08:50:56] *** World Rights ***;05.02.2025 09:00:04;Ja;05.02.2025 09:00:04
[08:37:11] World Rights Except UK and Ireland * GBROUT IRLOUT;[08:37:11] World Rights Except UK and Ireland * GBROUT IRLOUT;05.02.2025 08:42:58;Ja;05.02.2025 08:42:58
[08:38:46] *** World Rights ***;[08:38:46] *** World Rights ***;05.02.2025 08:42:13;Ja;05.02.2025 08:42:13
[08:14:53] *** World Rights ***;[08:14:53] *** World Rights ***;05.02.2025 08:25:24;Ja;05.02.2025 08:25:24
[08:13:05] *** World Rights ***;[08:13:05] *** World Rights ***;05.02.2025 08:17:17;Ja;05.02.2025 08:17:17
[08:10:37] World Rights Except UK and Ireland * GBROUT IRLOUT;[08:10:37] World Rights Except UK and Ireland * GBROUT IRLOUT;05.02.2025 08:13:51;Ja;05.02.2025 08:13:51
[07:43:30] *** World Rights ***;[07:43:30] *** World Rights ***;05.02.2025 07:46:31;Ja;05.02.2025 07:46:31
[07:40:46] *** World Rights ***;[07:40:46] *** World Rights ***;05.02.2025 07:43:55;Ja;05.02.2025 07:43:55
[07:38:03] World Rights Except UK and Ireland * GBROUT IRLOUT;[07:38:03] World Rights Except UK and Ireland * GBROUT IRLOUT;05.02.2025 07:41:27;Ja;05.02.2025 07:41:27
[07:33:16] *** World Rights ***;[07:33:16] *** World Rights ***;05.02.2025 07:36:54;Ja;05.02.2025 07:36:54
[07:28:33] *** Germany only ***;[07:28:33] *** Germany only ***;05.02.2025 07:29:58;Ja;05.02.2025 07:29:58
[07:22:05] *** World Rights ***;[07:22:05] *** World Rights ***;05.02.2025 07:24:52;Ja;05.02.2025 07:24:52
[07:21:47] World Rights Except UK and Ireland * GBROUT IRLOUT;[07:21:47] World Rights Except UK and Ireland * GBROUT IRLOUT;05.02.2025 07:24:13;Ja;05.02.2025 07:24:13
[07:07:46] *** World Rights ***;[07:07:46] *** World Rights ***;05.02.2025 07:16:44;Ja;05.02.2025 07:16:44
[07:11:58] *** World Rights ***;[07:11:58] *** World Rights ***;05.02.2025 07:14:27;Ja;05.02.2025 07:14:27
[07:08:06] World Rights Except UK and Ireland * GBROUT IRLOUT;[07:08:06] World Rights Except UK and Ireland * GBROUT IRLOUT;05.02.2025 07:12:14;Ja;05.02.2025 07:12:14
[07:08:56] *** World Rights ***;[07:08:56] *** World Rights ***;05.02.2025 07:12:04;Ja;05.02.2025 07:12:04
[06:47:23] *** World Rights ***;[06:47:23] *** World Rights ***;05.02.2025 06:49:47;Ja;05.02.2025 06:49:47
[06:42:22] *** World Rights ***;[06:42:22] *** World Rights ***;05.02.2025 06:47:40;Ja;05.02.2025 06:47:40
[06:20:30] *** World Rights ***;[06:20:30] *** World Rights ***;05.02.2025 06:25:03;Ja;05.02.2025 06:25:03
[06:06:03] *** World Rights ***;[06:06:03] *** World Rights ***;05.02.2025 06:13:14;Ja;05.02.2025 06:13:14
[06:03:14] *** World Rights ***;[06:03:14] *** World Rights ***;05.02.2025 06:05:08;Ja;05.02.2025 06:05:08
[06:02:38] World Rights Except UK and Ireland * GBROUT IRLOUT;[06:02:38] World Rights Except UK and Ireland * GBROUT IRLOUT;05.02.2025 06:04:40;Ja;05.02.2025 06:04:40
[05:58:43] *** World Rights ***;[05:58:43] *** World Rights ***;05.02.2025 06:00:28;Ja;05.02.2025 06:00:28
[05:22:25] *** World Rights ***;[05:22:25] *** World Rights ***;05.02.2025 05:25:34;Ja;05.02.2025 05:25:34
[05:16:04] World Rights Except UK and Ireland * GBROUT IRLOUT;[05:16:04] World Rights Except UK and Ireland * GBROUT IRLOUT;05.02.2025 05:19:34;Ja;05.02.2025 05:19:34
[05:11:26] *** World Rights ***;[05:11:26] *** World Rights ***;05.02.2025 05:14:01;Ja;05.02.2025 05:14:01
[04:46:06] World Rights Except UK and Ireland * GBROUT IRLOUT;[04:46:06] World Rights Except UK and Ireland * GBROUT IRLOUT;05.02.2025 04:48:06;Ja;05.02.2025 04:48:06
[04:16:03] *** World Rights ***;[04:16:03] *** World Rights ***;05.02.2025 04:16:43;Ja;05.02.2025 04:16:43
[04:03:53] *** World Rights ***;[04:03:53] *** World Rights ***;05.02.2025 04:12:05;Ja;05.02.2025 04:12:05
[02:51:53] *** World Rights ***;[02:51:53] *** World Rights ***;05.02.2025 02:52:10;Ja;05.02.2025 02:52:10
[02:24:01] *** World Rights ***;[02:24:01] *** World Rights ***;05.02.2025 02:24:40;Ja;05.02.2025 02:24:40
[01:41:32] *** World Rights ***;[01:41:32] *** World Rights ***;05.02.2025 01:45:03;Ja;05.02.2025 01:45:03
[00:59:40] *** World Rights ***;[00:59:40] *** World Rights ***;05.02.2025 01:01:16;Ja;05.02.2025 01:01:16
[00:32:53] World Rights Except UK and Ireland * GBROUT IRLOUT;[00:32:53] World Rights Except UK and Ireland * GBROUT IRLOUT;05.02.2025 00:35:36;Ja;05.02.2025 00:35:36
[23:40:11] *** Germany only ***;[23:40:11] *** Germany only ***;04.02.2025 23:42:34;Ja;04.02.2025 23:42:34
[23:31:25] *** World Rights ***;[23:31:25] *** World Rights ***;04.02.2025 23:33:09;Ja;04.02.2025 23:33:09
[23:12:43] *** World Rights ***;[23:12:43] *** World Rights ***;04.02.2025 23:16:20;Ja;04.02.2025 23:16:20
[22:57:39] *** World Rights ***;[22:57:39] *** World Rights ***;04.02.2025 23:00:12;Ja;04.02.2025 23:00:12
[22:58:02] World Rights Except UK and Ireland * GBROUT IRLOUT;[22:58:02] World Rights Except UK and Ireland * GBROUT IRLOUT;04.02.2025 22:58:11;Ja;04.02.2025 22:58:11
[22:43:07] *** World Rights ***;[22:43:07] *** World Rights ***;04.02.2025 22:49:17;Ja;04.02.2025 22:49:17
[22:24:42] *** World Rights ***;[22:24:42] *** World Rights ***;04.02.2025 22:27:20;Ja;04.02.2025 22:27:20
[21:47:16] *** World Rights ***;[21:47:16] *** World Rights ***;04.02.2025 21:50:42;Ja;04.02.2025 21:50:42
[21:38:26] *** World Rights ***;[21:38:26] *** World Rights ***;04.02.2025 21:46:07;Ja;04.02.2025 21:46:07
[21:31:29] *** World Rights ***;[21:31:29] *** World Rights ***;04.02.2025 21:34:39;Ja;04.02.2025 21:34:39
[21:32:06] *** World Rights ***;[21:32:06] *** World Rights ***;04.02.2025 21:34:31;Ja;04.02.2025 21:34:31
[20:57:45] *** World Rights ***;[20:57:45] *** World Rights ***;04.02.2025 21:01:59;Ja;04.02.2025 21:01:59
[20:47:25] World Rights Except UK and Ireland * GBROUT IRLOUT;[20:47:25] World Rights Except UK and Ireland * GBROUT IRLOUT;04.02.2025 20:51:13;Ja;04.02.2025 20:51:13
[20:31:40] *** World Rights ***;[20:31:40] *** World Rights ***;04.02.2025 20:35:09;Ja;04.02.2025 20:35:09
[20:26:56] *** World Rights ***;[20:26:56] *** World Rights ***;04.02.2025 20:29:48;Ja;04.02.2025 20:29:48
[20:14:51] *** World Rights ***;[20:14:51] *** World Rights ***;04.02.2025 20:17:16;Ja;04.02.2025 20:17:16
[19:57:41] *** World Rights ***;[19:57:41] *** World Rights ***;04.02.2025 19:59:57;Ja;04.02.2025 19:59:57
[19:54:39] *** World Rights ***;[19:54:39] *** World Rights ***;04.02.2025 19:59:34;Ja;04.02.2025 19:59:34
[19:52:04] *** World Rights ***;[19:52:04] *** World Rights ***;04.02.2025 19:56:08;Ja;04.02.2025 19:56:08
[19:46:22] *** World Rights ***;[19:46:22] *** World Rights ***;04.02.2025 19:49:22;Ja;04.02.2025 19:49:22
[19:27:49] *** World Rights ***;[19:27:49] *** World Rights ***;04.02.2025 19:30:04;Ja;04.02.2025 19:30:04
[19:22:38] World Rights Except UK and Ireland * GBROUT IRLOUT;[19:22:38] World Rights Except UK and Ireland * GBROUT IRLOUT;04.02.2025 19:25:33;Ja;04.02.2025 19:25:33
[18:53:28] *** World Rights ***;[18:53:28] *** World Rights ***;04.02.2025 19:00:50;Ja;04.02.2025 19:00:50
[18:30:02] World Rights Except UK and Ireland * GBROUT IRLOUT;[18:30:02] World Rights Except UK and Ireland * GBROUT IRLOUT;04.02.2025 18:39:41;Ja;04.02.2025 18:39:41
[18:28:46] *** World Rights ***;[18:28:46] *** World Rights ***;04.02.2025 18:36:12;Ja;04.02.2025 18:36:12
[18:26:26] *** World Rights ***;[18:26:26] *** World Rights ***;04.02.2025 18:33:52;Ja;04.02.2025 18:33:52
[18:22:23] *** World Rights ***;[18:22:23] *** World Rights ***;04.02.2025 18:31:40;Ja;04.02.2025 18:31:40
[18:20:22] *** World Rights ***;[18:20:22] *** World Rights ***;04.02.2025 18:26:18;Ja;04.02.2025 18:26:18
[18:17:29] *** World Rights ***;[18:17:29] *** World Rights ***;04.02.2025 18:24:13;Ja;04.02.2025 18:24:13
[18:09:25] *** World Rights ***;[18:09:25] *** World Rights ***;04.02.2025 18:17:54;Ja;04.02.2025 18:17:54
[18:07:30] *** World Rights ***;[18:07:30] *** World Rights ***;04.02.2025 18:13:10;Ja;04.02.2025 18:13:10
[17:57:22] *** World Rights ***;[17:57:22] *** World Rights ***;04.02.2025 18:05:46;Ja;04.02.2025 18:05:46
[17:54:27] World Rights Except UK and Ireland * GBROUT IRLOUT;[17:54:27] World Rights Except UK and Ireland * GBROUT IRLOUT;04.02.2025 18:05:12;Ja;04.02.2025 18:05:12
[17:48:38] *** World Rights ***;[17:48:38] *** World Rights ***;04.02.2025 17:56:25;Ja;04.02.2025 17:56:25
[17:24:28] World Rights Except UK and Ireland * GBROUT IRLOUT;[17:24:28] World Rights Except UK and Ireland * GBROUT IRLOUT;04.02.2025 17:34:43;Ja;04.02.2025 17:34:43
[17:17:57] World Rights Except UK and Ireland * GBROUT IRLOUT;[17:17:57] World Rights Except UK and Ireland * GBROUT IRLOUT;04.02.2025 17:31:08;Ja;04.02.2025 17:31:08
[17:06:28] *** World Rights ***;[17:06:28] *** World Rights ***;04.02.2025 17:17:11;Ja;04.02.2025 17:17:11
[16:59:45] *** World Rights ***;[16:59:45] *** World Rights ***;04.02.2025 17:06:40;Ja;04.02.2025 17:06:40
[16:49:20] *** World Rights ***;[16:49:20] *** World Rights ***;04.02.2025 16:57:57;Ja;04.02.2025 16:57:57
[16:48:41] *** World Rights ***;[16:48:41] *** World Rights ***;04.02.2025 16:55:15;Ja;04.02.2025 16:55:15
[16:21:12] *** World Rights ***;[16:21:12] *** World Rights ***;04.02.2025 16:31:18;Ja;04.02.2025 16:31:18
[16:00:23] World Rights Except UK and Ireland * GBROUT IRLOUT;[16:00:23] World Rights Except UK and Ireland * GBROUT IRLOUT;04.02.2025 16:11:39;Ja;04.02.2025 16:11:39
[15:58:02] *** World Rights ***;[15:58:02] *** World Rights ***;04.02.2025 16:06:34;Ja;04.02.2025 16:06:34
[15:59:32] *** World Rights ***;[15:59:32] *** World Rights ***;04.02.2025 16:06:25;Ja;04.02.2025 16:06:25
[15:57:29] *** World Rights ***;[15:57:29] *** World Rights ***;04.02.2025 16:04:07;Ja;04.02.2025 16:04:07
[15:58:12] *** World Rights ***;[15:58:12] *** World Rights ***;04.02.2025 16:03:45;Ja;04.02.2025 16:03:45
[15:44:46] *** World Rights ***;[15:44:46] *** World Rights ***;04.02.2025 15:59:41;Ja;04.02.2025 15:59:41
[15:34:21] World Rights Except UK and Ireland * GBROUT IRLOUT;[15:34:21] World Rights Except UK and Ireland * GBROUT IRLOUT;04.02.2025 15:44:17;Ja;04.02.2025 15:44:17
[15:21:05] *** World Rights ***;[15:21:05] *** World Rights ***;04.02.2025 15:30:47;Ja;04.02.2025 15:30:47
[15:20:15] *** World Rights ***;[15:20:15] *** World Rights ***;04.02.2025 15:28:35;Ja;04.02.2025 15:28:35
[15:21:54] *** World Rights ***;[15:21:54] *** World Rights ***;04.02.2025 15:28:24;Ja;04.02.2025 15:28:24
[15:17:37] *** World Rights ***;[15:17:37] *** World Rights ***;04.02.2025 15:27:14;Ja;04.02.2025 15:27:14
[15:21:37] *** World Rights ***;[15:21:37] *** World Rights ***;04.02.2025 15:26:22;Ja;04.02.2025 15:26:22
[15:14:20] World Rights Except UK and Ireland * GBROUT IRLOUT;[15:14:20] World Rights Except UK and Ireland * GBROUT IRLOUT;04.02.2025 15:20:47;Ja;04.02.2025 15:20:47
[15:00:35] World Rights Except UK and Ireland * GBROUT IRLOUT;[15:00:35] World Rights Except UK and Ireland * GBROUT IRLOUT;04.02.2025 15:07:57;Ja;04.02.2025 15:07:57
[14:50:51] *** Germany only ***;[14:50:51] *** Germany only ***;04.02.2025 14:54:56;Ja;04.02.2025 14:54:56
[14:47:42] *** World Rights ***;[14:47:42] *** World Rights ***;04.02.2025 14:54:22;Ja;04.02.2025 14:54:22
[14:49:49] *** World Rights ***;[14:49:49] *** World Rights ***;04.02.2025 14:52:56;Ja;04.02.2025 14:52:56
[14:31:19] *** World Rights ***;[14:31:19] *** World Rights ***;04.02.2025 14:34:55;Ja;04.02.2025 14:34:55
[14:27:21] *** World Rights ***;[14:27:21] *** World Rights ***;04.02.2025 14:32:17;Ja;04.02.2025 14:32:17
[14:26:05] *** Germany only ***;[14:26:05] *** Germany only ***;04.02.2025 14:28:56;Ja;04.02.2025 14:28:56
[14:22:24] *** World Rights ***;[14:22:24] *** World Rights ***;04.02.2025 14:25:36;Ja;04.02.2025 14:25:36
[13:55:20] *** World Rights ***;[13:55:20] *** World Rights ***;04.02.2025 13:58:37;Ja;04.02.2025 13:58:37
[13:50:08] *** World Rights ***;[13:50:08] *** World Rights ***;04.02.2025 13:52:02;Ja;04.02.2025 13:52:02
[13:44:33] *** World Rights ***;[13:44:33] *** World Rights ***;04.02.2025 13:50:36;Ja;04.02.2025 13:50:36
[13:45:15] *** World Rights ***;[13:45:15] *** World Rights ***;04.02.2025 13:49:22;Ja;04.02.2025 13:49:22
[13:34:07] *** World Rights ***;[13:34:07] *** World Rights ***;04.02.2025 13:37:29;Ja;04.02.2025 13:37:29
[13:19:04] *** World Rights ***;[13:19:04] *** World Rights ***;04.02.2025 13:23:27;Ja;04.02.2025 13:23:27
[13:15:12] *** World Rights ***;[13:15:12] *** World Rights ***;04.02.2025 13:22:13;Ja;04.02.2025 13:22:13
[13:14:13] *** World Rights ***;[13:14:13] *** World Rights ***;04.02.2025 13:17:57;Ja;04.02.2025 13:17:57
[13:09:19] *** World Rights ***;[13:09:19] *** World Rights ***;04.02.2025 13:15:00;Ja;04.02.2025 13:15:00
[13:09:07] *** World Rights ***;[13:09:07] *** World Rights ***;04.02.2025 13:10:40;Ja;04.02.2025 13:10:40
[13:00:04] *** World Rights ***;[13:00:04] *** World Rights ***;04.02.2025 13:05:35;Ja;04.02.2025 13:05:35
[12:57:10] *** Germany only ***;[12:57:10] *** Germany only ***;04.02.2025 13:00:36;Ja;04.02.2025 13:00:36
[12:44:07] *** World Rights ***;[12:44:07] *** World Rights ***;04.02.2025 12:46:39;Ja;04.02.2025 12:46:39
[12:41:37] World Rights Except UK and Ireland * GBROUT IRLOUT;[12:41:37] World Rights Except UK and Ireland * GBROUT IRLOUT;04.02.2025 12:44:11;Ja;04.02.2025 12:44:11
[12:37:57] *** World Rights ***;[12:37:57] *** World Rights ***;04.02.2025 12:41:39;Ja;04.02.2025 12:41:39
[12:31:29] *** World Rights ***;[12:31:29] *** World Rights ***;04.02.2025 12:33:34;Ja;04.02.2025 12:33:34
[11:59:27] World Rights Except UK and Ireland * GBROUT IRLOUT;[11:59:27] World Rights Except UK and Ireland * GBROUT IRLOUT;04.02.2025 12:04:15;Ja;04.02.2025 12:04:15
[11:49:09] *** World Rights ***;[11:49:09] *** World Rights ***;04.02.2025 11:55:30;Ja;04.02.2025 11:55:30
[11:41:27] *** World Rights ***;[11:41:27] *** World Rights ***;04.02.2025 11:46:31;Ja;04.02.2025 11:46:31
[11:31:15] *** World Rights ***;[11:31:15] *** World Rights ***;04.02.2025 11:35:54;Ja;04.02.2025 11:35:54
[11:26:40] *** World Rights ***;[11:26:40] *** World Rights ***;04.02.2025 11:30:22;Ja;04.02.2025 11:30:22
[11:20:55] *** World Rights ***;[11:20:55] *** World Rights ***;04.02.2025 11:29:14;Ja;04.02.2025 11:29:14
[11:08:50] *** World Rights ***;[11:08:50] *** World Rights ***;04.02.2025 11:11:59;Ja;04.02.2025 11:11:59
[11:01:24] *** World Rights ***;[11:01:24] *** World Rights ***;04.02.2025 11:06:06;Ja;04.02.2025 11:06:06
[10:55:51] *** World Rights ***;[10:55:51] *** World Rights ***;04.02.2025 11:02:38;Ja;04.02.2025 11:02:38
[10:43:09] *** Germany only ***;[10:43:09] *** Germany only ***;04.02.2025 10:50:19;Ja;04.02.2025 10:50:19
[09:17:36] *** Germany only ***;[09:17:36] *** Germany only ***;04.02.2025 10:49:58;Ja;04.02.2025 10:49:58
[10:39:28] *** World Rights ***;[10:39:28] *** World Rights ***;04.02.2025 10:46:35;Ja;04.02.2025 10:46:35
[10:31:58] *** World Rights ***;[10:31:58] *** World Rights ***;04.02.2025 10:45:04;Ja;04.02.2025 10:45:04
[10:35:18] *** World Rights ***;[10:35:18] *** World Rights ***;04.02.2025 10:42:48;Ja;04.02.2025 10:42:48
[10:23:15] *** World Rights ***;[10:23:15] *** World Rights ***;04.02.2025 10:32:06;Ja;04.02.2025 10:32:06
[10:10:42] *** World Rights ***;[10:10:42] *** World Rights ***;04.02.2025 10:19:28;Ja;04.02.2025 10:19:28
[10:12:10] *** World Rights ***;[10:12:10] *** World Rights ***;04.02.2025 10:19:22;Ja;04.02.2025 10:19:22
[10:07:33] *** World Rights ***;[10:07:33] *** World Rights ***;04.02.2025 10:16:46;Ja;04.02.2025 10:16:46
[10:06:33] *** World Rights ***;[10:06:33] *** World Rights ***;04.02.2025 10:14:43;Ja;04.02.2025 10:14:43
[09:47:06] *** World Rights ***;[09:47:06] *** World Rights ***;04.02.2025 09:53:38;Ja;04.02.2025 09:53:38
[09:41:25] *** World Rights ***;[09:41:25] *** World Rights ***;04.02.2025 09:49:12;Ja;04.02.2025 09:49:12
[09:24:26] *** World Rights ***;[09:24:26] *** World Rights ***;04.02.2025 09:36:28;Ja;04.02.2025 09:36:28
[09:17:31] World Rights Except UK and Ireland * GBROUT IRLOUT;[09:17:31] World Rights Except UK and Ireland * GBROUT IRLOUT;04.02.2025 09:25:23;Ja;04.02.2025 09:25:23
[09:15:35] World Rights Except UK and Ireland * GBROUT IRLOUT;[09:15:35] World Rights Except UK and Ireland * GBROUT IRLOUT;04.02.2025 09:24:34;Ja;04.02.2025 09:24:34
[09:10:53] *** Germany only ***;[09:10:53] *** Germany only ***;04.02.2025 09:19:34;Ja;04.02.2025 09:19:34
[09:07:46] World Rights Except UK and Ireland * GBROUT IRLOUT;[09:07:46] World Rights Except UK and Ireland * GBROUT IRLOUT;04.02.2025 09:16:55;Ja;04.02.2025 09:16:55
[09:01:08] *** World Rights ***;[09:01:08] *** World Rights ***;04.02.2025 09:14:44;Ja;04.02.2025 09:14:44
[09:05:23] *** World Rights ***;[09:05:23] *** World Rights ***;04.02.2025 09:12:41;Ja;04.02.2025 09:12:41
[08:58:46] *** World Rights ***;[08:58:46] *** World Rights ***;04.02.2025 09:10:00;Ja;04.02.2025 09:10:00
[08:55:00] *** World Rights ***;[08:55:00] *** World Rights ***;04.02.2025 09:02:05;Ja;04.02.2025 09:02:05
[08:52:59] *** World Rights ***;[08:52:59] *** World Rights ***;04.02.2025 08:59:37;Ja;04.02.2025 08:59:37
[08:50:54] *** World Rights ***;[08:50:54] *** World Rights ***;04.02.2025 08:55:47;Ja;04.02.2025 08:55:47
[08:41:57] *** World Rights ***;[08:41:57] *** World Rights ***;04.02.2025 08:47:15;Ja;04.02.2025 08:47:15
[08:36:41] *** World Rights ***;[08:36:41] *** World Rights ***;04.02.2025 08:43:47;Ja;04.02.2025 08:43:47
[08:33:22] *** World Rights ***;[08:33:22] *** World Rights ***;04.02.2025 08:40:38;Ja;04.02.2025 08:40:38
[08:29:52] *** World Rights ***;[08:29:52] *** World Rights ***;04.02.2025 08:34:45;Ja;04.02.2025 08:34:45
[08:24:55] *** World Rights ***;[08:24:55] *** World Rights ***;04.02.2025 08:29:57;Ja;04.02.2025 08:29:57
[07:09:06] World Rights Except UK and Ireland * GBROUT IRLOUT;[07:09:06] World Rights Except UK and Ireland * GBROUT IRLOUT;04.02.2025 08:24:42;Ja;04.02.2025 08:24:42
[08:17:15] *** World Rights ***;[08:17:15] *** World Rights ***;04.02.2025 08:23:19;Ja;04.02.2025 08:23:19
[08:17:58] *** World Rights ***;[08:17:58] *** World Rights ***;04.02.2025 08:22:38;Ja;04.02.2025 08:22:38
[08:12:06] World Rights Except UK and Ireland * GBROUT IRLOUT;[08:12:06] World Rights Except UK and Ireland * GBROUT IRLOUT;04.02.2025 08:18:55;Ja;04.02.2025 08:18:55
[08:02:25] *** World Rights ***;[08:02:25] *** World Rights ***;04.02.2025 08:07:26;Ja;04.02.2025 08:07:26
[07:53:57] *** World Rights ***;[07:53:57] *** World Rights ***;04.02.2025 07:56:57;Ja;04.02.2025 07:56:57
[07:35:19] *** World Rights ***;[07:35:19] *** World Rights ***;04.02.2025 07:39:33;Ja;04.02.2025 07:39:33
[07:25:06] *** World Rights ***;[07:25:06] *** World Rights ***;04.02.2025 07:28:25;Ja;04.02.2025 07:28:25
[07:26:24] *** World Rights ***;[07:26:24] *** World Rights ***;04.02.2025 07:28:10;Ja;04.02.2025 07:28:10
[07:18:18] *** World Rights ***;[07:18:18] *** World Rights ***;04.02.2025 07:20:40;Ja;04.02.2025 07:20:40
[07:07:53] *** World Rights ***;[07:07:53] *** World Rights ***;04.02.2025 07:10:46;Ja;04.02.2025 07:10:46
[07:07:09] *** World Rights ***;[07:07:09] *** World Rights ***;04.02.2025 07:09:31;Ja;04.02.2025 07:09:31
[07:02:40] *** World Rights ***;[07:02:40] *** World Rights ***;04.02.2025 07:04:50;Ja;04.02.2025 07:04:50
[06:52:00] *** World Rights ***;[06:52:00] *** World Rights ***;04.02.2025 06:55:54;Ja;04.02.2025 06:55:54
[06:48:50] *** World Rights ***;[06:48:50] *** World Rights ***;04.02.2025 06:51:36;Ja;04.02.2025 06:51:36
[06:37:25] *** World Rights ***;[06:37:25] *** World Rights ***;04.02.2025 06:38:06;Ja;04.02.2025 06:38:06
[06:30:15] *** World Rights ***;[06:30:15] *** World Rights ***;04.02.2025 06:34:12;Ja;04.02.2025 06:34:12
[06:23:07] *** World Rights ***;[06:23:07] *** World Rights ***;04.02.2025 06:25:12;Ja;04.02.2025 06:25:12
[05:09:49] World Rights Except UK and Ireland * GBROUT IRLOUT;[05:09:49] World Rights Except UK and Ireland * GBROUT IRLOUT;04.02.2025 05:10:47;Ja;04.02.2025 05:10:47
[03:59:27] *** World Rights ***;[03:59:27] *** World Rights ***;04.02.2025 04:03:07;Ja;04.02.2025 04:03:07
[02:59:45] *** World Rights ***;[02:59:45] *** World Rights ***;04.02.2025 03:01:48;Ja;04.02.2025 03:01:48
[00:46:32] *** World Rights ***;[00:46:32] *** World Rights ***;04.02.2025 00:51:24;Ja;04.02.2025 00:51:24
[00:01:23] *** World Rights ***;[00:01:23] *** World Rights ***;04.02.2025 00:03:38;Ja;04.02.2025 00:03:38
[23:51:43] World Rights Except UK and Ireland * GBROUT IRLOUT;[23:51:43] World Rights Except UK and Ireland * GBROUT IRLOUT;03.02.2025 23:53:22;Ja;03.02.2025 23:53:22
[23:43:23] *** World Rights ***;[23:43:23] *** World Rights ***;03.02.2025 23:47:27;Ja;03.02.2025 23:47:27
[23:39:23] World Rights Except UK and Ireland * GBROUT IRLOUT;[23:39:23] World Rights Except UK and Ireland * GBROUT IRLOUT;03.02.2025 23:40:30;Ja;03.02.2025 23:40:30
[22:56:48] *** World Rights ***;[22:56:48] *** World Rights ***;03.02.2025 23:00:28;Ja;03.02.2025 23:00:28
[22:44:42] *** World Rights ***;[22:44:42] *** World Rights ***;03.02.2025 22:46:48;Ja;03.02.2025 22:46:48
[22:32:56] World Rights Except UK and Ireland * GBROUT IRLOUT;[22:32:56] World Rights Except UK and Ireland * GBROUT IRLOUT;03.02.2025 22:33:49;Ja;03.02.2025 22:33:49
[21:50:55] *** World Rights ***;[21:50:55] *** World Rights ***;03.02.2025 21:53:41;Ja;03.02.2025 21:53:41
[21:46:17] *** World Rights ***;[21:46:17] *** World Rights ***;03.02.2025 21:49:32;Ja;03.02.2025 21:49:32
[20:54:32] *** World Rights ***;[20:54:32] *** World Rights ***;03.02.2025 21:01:50;Ja;03.02.2025 21:01:50
[20:46:51] *** World Rights ***;[20:46:51] *** World Rights ***;03.02.2025 20:51:16;Ja;03.02.2025 20:51:16
[20:08:07] *** World Rights ***;[20:08:07] *** World Rights ***;03.02.2025 20:18:18;Ja;03.02.2025 20:18:18
[20:06:26] World Rights Except UK and Ireland * GBROUT IRLOUT;[20:06:26] World Rights Except UK and Ireland * GBROUT IRLOUT;03.02.2025 20:11:18;Ja;03.02.2025 20:11:18
[19:59:43] World Rights Except UK and Ireland * GBROUT IRLOUT;[19:59:43] World Rights Except UK and Ireland * GBROUT IRLOUT;03.02.2025 20:04:05;Ja;03.02.2025 20:04:05
[19:48:37] *** World Rights ***;[19:48:37] *** World Rights ***;03.02.2025 19:52:55;Ja;03.02.2025 19:52:55
[19:44:11] *** World Rights ***;[19:44:11] *** World Rights ***;03.02.2025 19:50:10;Ja;03.02.2025 19:50:10
[19:24:39] *** World Rights ***;[19:24:39] *** World Rights ***;03.02.2025 19:30:33;Ja;03.02.2025 19:30:33
[19:17:07] *** World Rights ***;[19:17:07] *** World Rights ***;03.02.2025 19:20:06;Ja;03.02.2025 19:20:06
[19:12:18] *** Germany only ***;[19:12:18] *** Germany only ***;03.02.2025 19:15:38;Ja;03.02.2025 19:15:38
[19:05:33] *** World Rights ***;[19:05:33] *** World Rights ***;03.02.2025 19:09:27;Ja;03.02.2025 19:09:27
[18:20:12] *** World Rights ***;[18:20:12] *** World Rights ***;03.02.2025 18:27:24;Ja;03.02.2025 18:27:24
[17:52:22] *** World Rights ***;[17:52:22] *** World Rights ***;03.02.2025 18:00:47;Ja;03.02.2025 18:00:47
[17:40:15] *** World Rights ***;[17:40:15] *** World Rights ***;03.02.2025 17:49:31;Ja;03.02.2025 17:49:31
[17:40:02] *** World Rights ***;[17:40:02] *** World Rights ***;03.02.2025 17:48:52;Ja;03.02.2025 17:48:52
[17:38:46] World Rights Except UK and Ireland * GBROUT IRLOUT;[17:38:46] World Rights Except UK and Ireland * GBROUT IRLOUT;03.02.2025 17:48:43;Ja;03.02.2025 17:48:43
[17:36:54] *** World Rights ***;[17:36:54] *** World Rights ***;03.02.2025 17:46:19;Ja;03.02.2025 17:46:19
[17:22:08] *** World Rights ***;[17:22:08] *** World Rights ***;03.02.2025 17:32:35;Ja;03.02.2025 17:32:35
[17:20:20] *** World Rights ***;[17:20:20] *** World Rights ***;03.02.2025 17:32:01;Ja;03.02.2025 17:32:01
[17:20:44] *** World Rights ***;[17:20:44] *** World Rights ***;03.02.2025 17:30:00;Ja;03.02.2025 17:30:00
[17:19:14] *** World Rights ***;[17:19:14] *** World Rights ***;03.02.2025 17:28:28;Ja;03.02.2025 17:28:28
[17:19:13] *** World Rights ***;[17:19:13] *** World Rights ***;03.02.2025 17:28:27;Ja;03.02.2025 17:28:27
[17:12:22] *** World Rights ***;[17:12:22] *** World Rights ***;03.02.2025 17:24:12;Ja;03.02.2025 17:24:12
[16:46:14] *** World Rights ***;[16:46:14] *** World Rights ***;03.02.2025 16:55:31;Ja;03.02.2025 16:55:31
[16:14:38] *** World Rights ***;[16:14:38] *** World Rights ***;03.02.2025 16:29:00;Ja;03.02.2025 16:29:00
[16:18:27] World Rights Except UK and Ireland * GBROUT IRLOUT;[16:18:27] World Rights Except UK and Ireland * GBROUT IRLOUT;03.02.2025 16:27:04;Ja;03.02.2025 16:27:04
[15:55:25] *** World Rights ***;[15:55:25] *** World Rights ***;03.02.2025 16:03:45;Ja;03.02.2025 16:03:45
[15:53:55] *** World Rights ***;[15:53:55] *** World Rights ***;03.02.2025 15:59:38;Ja;03.02.2025 15:59:38
[15:50:41] *** Germany only ***;[15:50:41] *** Germany only ***;03.02.2025 15:56:20;Ja;03.02.2025 15:56:20
[15:32:27] World Rights Except UK and Ireland * GBROUT IRLOUT;[15:32:27] World Rights Except UK and Ireland * GBROUT IRLOUT;03.02.2025 15:38:53;Ja;03.02.2025 15:38:53
[15:28:49] World Rights Except UK and Ireland * GBROUT IRLOUT;[15:28:49] World Rights Except UK and Ireland * GBROUT IRLOUT;03.02.2025 15:35:59;Ja;03.02.2025 15:35:59
[15:28:54] *** World Rights ***;[15:28:54] *** World Rights ***;03.02.2025 15:34:26;Ja;03.02.2025 15:34:26
[15:20:01] *** World Rights ***;[15:20:01] *** World Rights ***;03.02.2025 15:27:33;Ja;03.02.2025 15:27:33
[15:14:45] *** World Rights ***;[15:14:45] *** World Rights ***;03.02.2025 15:26:44;Ja;03.02.2025 15:26:44
[15:04:11] *** World Rights ***;[15:04:11] *** World Rights ***;03.02.2025 15:11:42;Ja;03.02.2025 15:11:42
[14:51:24] *** World Rights ***;[14:51:24] *** World Rights ***;03.02.2025 14:56:34;Ja;03.02.2025 14:56:34
[14:40:27] *** World Rights ***;[14:40:27] *** World Rights ***;03.02.2025 14:43:55;Ja;03.02.2025 14:43:55
[14:38:50] *** World Rights ***;[14:38:50] *** World Rights ***;03.02.2025 14:43:44;Ja;03.02.2025 14:43:44
[14:36:10] *** World Rights ***;[14:36:10] *** World Rights ***;03.02.2025 14:43:07;Ja;03.02.2025 14:43:07
[14:33:35] *** World Rights ***;[14:33:35] *** World Rights ***;03.02.2025 14:40:06;Ja;03.02.2025 14:40:06
[14:34:00] *** World Rights ***;[14:34:00] *** World Rights ***;03.02.2025 14:39:02;Ja;03.02.2025 14:39:02
[14:31:30] *** World Rights ***;[14:31:30] *** World Rights ***;03.02.2025 14:35:05;Ja;03.02.2025 14:35:05
[14:25:49] *** World Rights ***;[14:25:49] *** World Rights ***;03.02.2025 14:32:34;Ja;03.02.2025 14:32:34
[14:16:32] World Rights Except UK and Ireland * GBROUT IRLOUT;[14:16:32] World Rights Except UK and Ireland * GBROUT IRLOUT;03.02.2025 14:18:51;Ja;03.02.2025 14:18:51
[14:06:19] *** World Rights ***;[14:06:19] *** World Rights ***;03.02.2025 14:11:09;Ja;03.02.2025 14:11:09
[13:54:04] World Rights Except UK and Ireland * GBROUT IRLOUT;[13:54:04] World Rights Except UK and Ireland * GBROUT IRLOUT;03.02.2025 13:57:21;Ja;03.02.2025 13:57:21
[13:32:05] *** World Rights ***;[13:32:05] *** World Rights ***;03.02.2025 13:35:48;Ja;03.02.2025 13:35:48
[13:25:31] *** World Rights ***;[13:25:31] *** World Rights ***;03.02.2025 13:27:35;Ja;03.02.2025 13:27:35
[13:19:28] *** World Rights ***;[13:19:28] *** World Rights ***;03.02.2025 13:22:39;Ja;03.02.2025 13:22:39
[13:15:18] World Rights Except UK and Ireland * GBROUT IRLOUT;[13:15:18] World Rights Except UK and Ireland * GBROUT IRLOUT;03.02.2025 13:17:58;Ja;03.02.2025 13:17:58
[13:14:28] *** World Rights ***;[13:14:28] *** World Rights ***;03.02.2025 13:16:39;Ja;03.02.2025 13:16:39
[13:06:34] *** World Rights ***;[13:06:34] *** World Rights ***;03.02.2025 13:09:25;Ja;03.02.2025 13:09:25
[13:07:04] *** World Rights ***;[13:07:04] *** World Rights ***;03.02.2025 13:09:18;Ja;03.02.2025 13:09:18
[13:04:22] *** World Rights ***;[13:04:22] *** World Rights ***;03.02.2025 13:08:02;Ja;03.02.2025 13:08:02
[12:40:35] *** World Rights ***;[12:40:35] *** World Rights ***;03.02.2025 12:46:49;Ja;03.02.2025 12:46:49
[12:23:55] *** World Rights ***;[12:23:55] *** World Rights ***;03.02.2025 12:26:48;Ja;03.02.2025 12:26:48
[12:22:22] *** World Rights ***;[12:22:22] *** World Rights ***;03.02.2025 12:26:31;Ja;03.02.2025 12:26:31
[12:11:19] *** Germany only ***;[12:11:19] *** Germany only ***;03.02.2025 12:22:24;Ja;03.02.2025 12:22:24
[12:03:57] *** World Rights ***;[12:03:57] *** World Rights ***;03.02.2025 12:07:48;Ja;03.02.2025 12:07:48
[11:51:53] *** World Rights ***;[11:51:53] *** World Rights ***;03.02.2025 11:58:08;Ja;03.02.2025 11:58:08
[11:38:59] *** World Rights ***;[11:38:59] *** World Rights ***;03.02.2025 11:42:45;Ja;03.02.2025 11:42:45
[11:31:41] *** World Rights ***;[11:31:41] *** World Rights ***;03.02.2025 11:34:47;Ja;03.02.2025 11:34:47
[11:26:03] *** World Rights ***;[11:26:03] *** World Rights ***;03.02.2025 11:29:16;Ja;03.02.2025 11:29:16
[11:13:42] *** World Rights ***;[11:13:42] *** World Rights ***;03.02.2025 11:16:30;Ja;03.02.2025 11:16:30
[11:09:50] *** Germany only ***;[11:09:50] *** Germany only ***;03.02.2025 11:15:59;Ja;03.02.2025 11:15:59
[10:39:35] *** World Rights ***;[10:39:35] *** World Rights ***;03.02.2025 10:48:16;Ja;03.02.2025 10:48:16
[10:25:45] *** Germany only ***;[10:25:45] *** Germany only ***;03.02.2025 10:31:03;Ja;03.02.2025 10:31:03
[10:23:17] *** World Rights ***;[10:23:17] *** World Rights ***;03.02.2025 10:29:23;Ja;03.02.2025 10:29:23
[10:19:25] *** World Rights ***;[10:19:25] *** World Rights ***;03.02.2025 10:27:44;Ja;03.02.2025 10:27:44
[10:10:15] *** World Rights ***;[10:10:15] *** World Rights ***;03.02.2025 10:16:54;Ja;03.02.2025 10:16:54
[10:01:15] *** World Rights ***;[10:01:15] *** World Rights ***;03.02.2025 10:10:33;Ja;03.02.2025 10:10:33
[09:50:35] World Rights Except UK and Ireland * GBROUT IRLOUT;[09:50:35] World Rights Except UK and Ireland * GBROUT IRLOUT;03.02.2025 10:09:02;Ja;03.02.2025 10:09:02
[10:00:19] *** World Rights ***;[10:00:19] *** World Rights ***;03.02.2025 10:07:32;Ja;03.02.2025 10:07:32
[09:55:14] *** World Rights ***;[09:55:14] *** World Rights ***;03.02.2025 10:05:50;Ja;03.02.2025 10:05:50
[09:55:10] *** World Rights ***;[09:55:10] *** World Rights ***;03.02.2025 10:02:57;Ja;03.02.2025 10:02:57
[09:47:29] *** World Rights ***;[09:47:29] *** World Rights ***;03.02.2025 09:54:08;Ja;03.02.2025 09:54:08
[09:37:31] World Rights Except UK and Ireland * GBROUT IRLOUT;[09:37:31] World Rights Except UK and Ireland * GBROUT IRLOUT;03.02.2025 09:51:32;Ja;03.02.2025 09:51:32
[09:34:46] *** World Rights ***;[09:34:46] *** World Rights ***;03.02.2025 09:43:12;Ja;03.02.2025 09:43:12
[09:19:44] World Rights Except UK and Ireland * GBROUT IRLOUT;[09:19:44] World Rights Except UK and Ireland * GBROUT IRLOUT;03.02.2025 09:29:23;Ja;03.02.2025 09:29:23
[09:14:06] World Rights Except UK and Ireland * GBROUT IRLOUT;[09:14:06] World Rights Except UK and Ireland * GBROUT IRLOUT;03.02.2025 09:22:45;Ja;03.02.2025 09:22:45
[08:57:41] *** World Rights ***;[08:57:41] *** World Rights ***;03.02.2025 09:03:08;Ja;03.02.2025 09:03:08
[08:40:08] *** World Rights ***;[08:40:08] *** World Rights ***;03.02.2025 08:47:17;Ja;03.02.2025 08:47:17
[08:32:11] *** World Rights ***;[08:32:11] *** World Rights ***;03.02.2025 08:38:14;Ja;03.02.2025 08:38:14
[08:25:08] *** World Rights ***;[08:25:08] *** World Rights ***;03.02.2025 08:31:03;Ja;03.02.2025 08:31:03
[08:18:01] *** World Rights ***;[08:18:01] *** World Rights ***;03.02.2025 08:28:36;Ja;03.02.2025 08:28:36
[08:22:02] World Rights Except UK and Ireland * GBROUT IRLOUT;[08:22:02] World Rights Except UK and Ireland * GBROUT IRLOUT;03.02.2025 08:27:48;Ja;03.02.2025 08:27:48
[08:13:34] *** World Rights ***;[08:13:34] *** World Rights ***;03.02.2025 08:20:47;Ja;03.02.2025 08:20:47
[08:14:36] *** World Rights ***;[08:14:36] *** World Rights ***;03.02.2025 08:19:40;Ja;03.02.2025 08:19:40
[08:10:29] *** World Rights ***;[08:10:29] *** World Rights ***;03.02.2025 08:19:19;Ja;03.02.2025 08:19:19
[08:11:10] *** World Rights ***;[08:11:10] *** World Rights ***;03.02.2025 08:14:43;Ja;03.02.2025 08:14:43
[07:52:36] *** World Rights ***;[07:52:36] *** World Rights ***;03.02.2025 07:58:38;Ja;03.02.2025 07:58:38
[07:48:08] World Rights Except UK and Ireland * GBROUT IRLOUT;[07:48:08] World Rights Except UK and Ireland * GBROUT IRLOUT;03.02.2025 07:54:21;Ja;03.02.2025 07:54:21
[07:50:37] *** World Rights ***;[07:50:37] *** World Rights ***;03.02.2025 07:53:49;Ja;03.02.2025 07:53:49
[07:41:55] *** World Rights ***;[07:41:55] *** World Rights ***;03.02.2025 07:46:35;Ja;03.02.2025 07:46:35
[07:37:37] *** World Rights ***;[07:37:37] *** World Rights ***;03.02.2025 07:43:47;Ja;03.02.2025 07:43:47
[07:39:18] *** World Rights ***;[07:39:18] *** World Rights ***;03.02.2025 07:42:53;Ja;03.02.2025 07:42:53
[07:23:05] *** World Rights ***;[07:23:05] *** World Rights ***;03.02.2025 07:26:29;Ja;03.02.2025 07:26:29
[07:19:58] *** World Rights ***;[07:19:58] *** World Rights ***;03.02.2025 07:23:55;Ja;03.02.2025 07:23:55
[06:31:07] *** World Rights ***;[06:31:07] *** World Rights ***;03.02.2025 06:32:20;Ja;03.02.2025 06:32:20
[06:16:13] *** World Rights ***;[06:16:13] *** World Rights ***;03.02.2025 06:19:15;Ja;03.02.2025 06:19:15
[06:12:35] *** World Rights ***;[06:12:35] *** World Rights ***;03.02.2025 06:12:45;Ja;03.02.2025 06:12:45
[05:22:10] *** World Rights ***;[05:22:10] *** World Rights ***;03.02.2025 05:23:20;Ja;03.02.2025 05:23:20
[05:19:34] *** World Rights ***;[05:19:34] *** World Rights ***;03.02.2025 05:23:00;Ja;03.02.2025 05:23:00
[05:20:30] *** World Rights ***;[05:20:30] *** World Rights ***;03.02.2025 05:21:33;Ja;03.02.2025 05:21:33
[03:41:12] *** World Rights ***;[03:41:12] *** World Rights ***;03.02.2025 03:45:09;Ja;03.02.2025 03:45:09
[03:28:23] *** World Rights ***;[03:28:23] *** World Rights ***;03.02.2025 03:32:06;Ja;03.02.2025 03:32:06
[01:44:55] *** World Rights ***;[01:44:55] *** World Rights ***;03.02.2025 01:49:15;Ja;03.02.2025 01:49:15
[01:19:56] *** Germany only ***;[01:19:56] *** Germany only ***;03.02.2025 01:21:22;Ja;03.02.2025 01:21:22
